[2026-07-14 22:30:58,789][INFO]:  Importing File: C:/Repos/Macro-Pro/Macro-Pro - Hardware/hardware/Macro Pad Pro.kicad_pro
[2026-07-14 22:30:58,789][INFO]:  Hierarchical Design Translation Mode 
[2026-07-14 22:30:58,904][INFO]:  Processing documents list
[2026-07-14 22:30:58,904][INFO]:  Reading document: Macro Pad Pro.kicad_pro
[2026-07-14 22:30:58,904][INFO]:  Converting document: 'C:/Repos/Macro-Pro/Macro-Pro - Hardware/hardware/Macro Pad Pro.kicad_pro'
[2026-07-14 22:31:02,583][INFO]:  Finished processing document: 'C:/Repos/Macro-Pro/Macro-Pro - Hardware/hardware/Macro Pad Pro.kicad_pro'
[2026-07-14 22:31:02,583][INFO]:  Reading document: Macro Pad Pro.kicad_pcb
[2026-07-14 22:31:02,657][WARN]:  KiCad PCB Board Reader: Unsupported keyword: 'covering' of parentNode 'setup' at line: 92
[2026-07-14 22:31:02,657][WARN]:  KiCad PCB Board Reader: Unsupported keyword: 'plugging' of parentNode 'setup' at line: 96
[2026-07-14 22:31:02,657][WARN]:  KiCad PCB Board Reader: Unsupported keyword: 'capping' of parentNode 'setup' at line: 100
[2026-07-14 22:31:02,657][WARN]:  KiCad PCB Board Reader: Unsupported keyword: 'filling' of parentNode 'setup' at line: 101
[2026-07-14 22:31:02,657][WARN]:  KiCad PCB Board Reader: Unsupported keyword: 'units' of parentNode 'footprint' at line: 533
[2026-07-14 22:31:02,657][WARN]:  KiCad PCB Board Reader: Unsupported keyword: 'duplicate_pad_numbers_are_jumpers' of parentNode 'footprint' at line: 540
[2026-07-14 22:31:02,657][WARN]:  KiCad PCB Board Reader: Unsupported keyword: 'units' of parentNode 'footprint' at line: 1050
[2026-07-14 22:31:02,657][WARN]:  KiCad PCB Board Reader: Unsupported keyword: 'duplicate_pad_numbers_are_jumpers' of parentNode 'footprint' at line: 1057
[2026-07-14 22:31:02,657][WARN]:  KiCad PCB Board Reader: Unsupported keyword: 'units' of parentNode 'footprint' at line: 1219
[2026-07-14 22:31:02,657][WARN]:  KiCad PCB Board Reader: Unsupported keyword: 'duplicate_pad_numbers_are_jumpers' of parentNode 'footprint' at line: 1226
[2026-07-14 22:31:02,657][WARN]:  KiCad PCB Board Reader: Unsupported keyword: 'units' of parentNode 'footprint' at line: 1736
[2026-07-14 22:31:02,657][WARN]:  KiCad PCB Board Reader: Unsupported keyword: 'duplicate_pad_numbers_are_jumpers' of parentNode 'footprint' at line: 1743
[2026-07-14 22:31:02,658][WARN]:  KiCad PCB Board Reader: Unsupported keyword: 'units' of parentNode 'footprint' at line: 2108
[2026-07-14 22:31:02,658][WARN]:  KiCad PCB Board Reader: Unsupported keyword: 'duplicate_pad_numbers_are_jumpers' of parentNode 'footprint' at line: 2115
[2026-07-14 22:31:02,658][WARN]:  KiCad PCB Board Reader: Unsupported keyword: 'units' of parentNode 'footprint' at line: 2296
[2026-07-14 22:31:02,658][WARN]:  KiCad PCB Board Reader: Unsupported keyword: 'duplicate_pad_numbers_are_jumpers' of parentNode 'footprint' at line: 2303
[2026-07-14 22:31:02,658][WARN]:  KiCad PCB Board Reader: Unsupported keyword: 'units' of parentNode 'footprint' at line: 2465
[2026-07-14 22:31:02,658][WARN]:  KiCad PCB Board Reader: Unsupported keyword: 'duplicate_pad_numbers_are_jumpers' of parentNode 'footprint' at line: 2472
[2026-07-14 22:31:02,658][WARN]:  KiCad PCB Board Reader: Unsupported keyword: 'units' of parentNode 'footprint' at line: 3309
[2026-07-14 22:31:02,658][WARN]:  KiCad PCB Board Reader: Unsupported keyword: 'duplicate_pad_numbers_are_jumpers' of parentNode 'footprint' at line: 3316
[2026-07-14 22:31:02,658][WARN]:  KiCad PCB Board Reader: Unsupported keyword: 'units' of parentNode 'footprint' at line: 3530
[2026-07-14 22:31:02,658][WARN]:  KiCad PCB Board Reader: Unsupported keyword: 'duplicate_pad_numbers_are_jumpers' of parentNode 'footprint' at line: 3537
[2026-07-14 22:31:02,658][WARN]:  KiCad PCB Board Reader: Unsupported keyword: 'units' of parentNode 'footprint' at line: 3972
[2026-07-14 22:31:02,658][WARN]:  KiCad PCB Board Reader: Unsupported keyword: 'duplicate_pad_numbers_are_jumpers' of parentNode 'footprint' at line: 3979
[2026-07-14 22:31:02,658][WARN]:  KiCad PCB Board Reader: Unsupported keyword: 'units' of parentNode 'footprint' at line: 4492
[2026-07-14 22:31:02,658][WARN]:  KiCad PCB Board Reader: Unsupported keyword: 'duplicate_pad_numbers_are_jumpers' of parentNode 'footprint' at line: 4499
[2026-07-14 22:31:02,659][WARN]:  KiCad PCB Board Reader: Unsupported keyword: 'units' of parentNode 'footprint' at line: 4865
[2026-07-14 22:31:02,659][WARN]:  KiCad PCB Board Reader: Unsupported keyword: 'duplicate_pad_numbers_are_jumpers' of parentNode 'footprint' at line: 4872
[2026-07-14 22:31:02,659][WARN]:  KiCad PCB Board Reader: Unsupported keyword: 'units' of parentNode 'footprint' at line: 5190
[2026-07-14 22:31:02,659][WARN]:  KiCad PCB Board Reader: Unsupported keyword: 'duplicate_pad_numbers_are_jumpers' of parentNode 'footprint' at line: 5197
[2026-07-14 22:31:02,659][WARN]:  KiCad PCB Board Reader: Unsupported keyword: 'units' of parentNode 'footprint' at line: 5682
[2026-07-14 22:31:02,659][WARN]:  KiCad PCB Board Reader: Unsupported keyword: 'duplicate_pad_numbers_are_jumpers' of parentNode 'footprint' at line: 5689
[2026-07-14 22:31:02,659][WARN]:  KiCad PCB Board Reader: Unsupported keyword: 'units' of parentNode 'footprint' at line: 5851
[2026-07-14 22:31:02,659][WARN]:  KiCad PCB Board Reader: Unsupported keyword: 'duplicate_pad_numbers_are_jumpers' of parentNode 'footprint' at line: 5858
[2026-07-14 22:31:02,659][WARN]:  KiCad PCB Board Reader: Unsupported keyword: 'units' of parentNode 'footprint' at line: 6682
[2026-07-14 22:31:02,659][WARN]:  KiCad PCB Board Reader: Unsupported keyword: 'duplicate_pad_numbers_are_jumpers' of parentNode 'footprint' at line: 6689
[2026-07-14 22:31:02,659][WARN]:  KiCad PCB Board Reader: Unsupported keyword: 'units' of parentNode 'footprint' at line: 7199
[2026-07-14 22:31:02,659][WARN]:  KiCad PCB Board Reader: Unsupported keyword: 'duplicate_pad_numbers_are_jumpers' of parentNode 'footprint' at line: 7206
[2026-07-14 22:31:02,659][WARN]:  KiCad PCB Board Reader: Unsupported keyword: 'units' of parentNode 'footprint' at line: 7370
[2026-07-14 22:31:02,659][WARN]:  KiCad PCB Board Reader: Unsupported keyword: 'duplicate_pad_numbers_are_jumpers' of parentNode 'footprint' at line: 7377
[2026-07-14 22:31:02,659][WARN]:  KiCad PCB Board Reader: Unsupported keyword: 'units' of parentNode 'footprint' at line: 7591
[2026-07-14 22:31:02,659][WARN]:  KiCad PCB Board Reader: Unsupported keyword: 'duplicate_pad_numbers_are_jumpers' of parentNode 'footprint' at line: 7598
[2026-07-14 22:31:02,659][WARN]:  KiCad PCB Board Reader: Unsupported keyword: 'units' of parentNode 'footprint' at line: 7882
[2026-07-14 22:31:02,659][WARN]:  KiCad PCB Board Reader: Unsupported keyword: 'duplicate_pad_numbers_are_jumpers' of parentNode 'footprint' at line: 7889
[2026-07-14 22:31:02,660][WARN]:  KiCad PCB Board Reader: Unsupported keyword: 'units' of parentNode 'footprint' at line: 8713
[2026-07-14 22:31:02,660][WARN]:  KiCad PCB Board Reader: Unsupported keyword: 'duplicate_pad_numbers_are_jumpers' of parentNode 'footprint' at line: 8720
[2026-07-14 22:31:02,660][WARN]:  KiCad PCB Board Reader: Unsupported keyword: 'units' of parentNode 'footprint' at line: 9215
[2026-07-14 22:31:02,660][WARN]:  KiCad PCB Board Reader: Unsupported keyword: 'duplicate_pad_numbers_are_jumpers' of parentNode 'footprint' at line: 9222
[2026-07-14 22:31:02,660][WARN]:  KiCad PCB Board Reader: Unsupported keyword: 'units' of parentNode 'footprint' at line: 9717
[2026-07-14 22:31:02,660][WARN]:  KiCad PCB Board Reader: Unsupported keyword: 'duplicate_pad_numbers_are_jumpers' of parentNode 'footprint' at line: 9724
[2026-07-14 22:31:02,660][WARN]:  KiCad PCB Board Reader: Unsupported keyword: 'units' of parentNode 'footprint' at line: 10219
[2026-07-14 22:31:02,660][WARN]:  KiCad PCB Board Reader: Unsupported keyword: 'duplicate_pad_numbers_are_jumpers' of parentNode 'footprint' at line: 10226
[2026-07-14 22:31:02,660][WARN]:  KiCad PCB Board Reader: Unsupported keyword: 'units' of parentNode 'footprint' at line: 10412
[2026-07-14 22:31:02,660][WARN]:  KiCad PCB Board Reader: Unsupported keyword: 'duplicate_pad_numbers_are_jumpers' of parentNode 'footprint' at line: 10419
[2026-07-14 22:31:02,660][WARN]:  KiCad PCB Board Reader: Unsupported keyword: 'units' of parentNode 'footprint' at line: 10714
[2026-07-14 22:31:02,660][WARN]:  KiCad PCB Board Reader: Unsupported keyword: 'duplicate_pad_numbers_are_jumpers' of parentNode 'footprint' at line: 10721
[2026-07-14 22:31:02,660][WARN]:  KiCad PCB Board Reader: Unsupported keyword: 'units' of parentNode 'footprint' at line: 10901
[2026-07-14 22:31:02,660][WARN]:  KiCad PCB Board Reader: Unsupported keyword: 'duplicate_pad_numbers_are_jumpers' of parentNode 'footprint' at line: 10908
[2026-07-14 22:31:02,661][WARN]:  KiCad PCB Board Reader: Unsupported keyword: 'units' of parentNode 'footprint' at line: 11397
[2026-07-14 22:31:02,661][WARN]:  KiCad PCB Board Reader: Unsupported keyword: 'duplicate_pad_numbers_are_jumpers' of parentNode 'footprint' at line: 11404
[2026-07-14 22:31:02,661][WARN]:  KiCad PCB Board Reader: Unsupported keyword: 'units' of parentNode 'footprint' at line: 11890
[2026-07-14 22:31:02,661][WARN]:  KiCad PCB Board Reader: Unsupported keyword: 'duplicate_pad_numbers_are_jumpers' of parentNode 'footprint' at line: 11897
[2026-07-14 22:31:02,661][WARN]:  KiCad PCB Board Reader: Unsupported keyword: 'units' of parentNode 'footprint' at line: 12718
[2026-07-14 22:31:02,661][WARN]:  KiCad PCB Board Reader: Unsupported keyword: 'duplicate_pad_numbers_are_jumpers' of parentNode 'footprint' at line: 12725
[2026-07-14 22:31:02,661][WARN]:  KiCad PCB Board Reader: Unsupported keyword: 'units' of parentNode 'footprint' at line: 13025
[2026-07-14 22:31:02,661][WARN]:  KiCad PCB Board Reader: Unsupported keyword: 'duplicate_pad_numbers_are_jumpers' of parentNode 'footprint' at line: 13032
[2026-07-14 22:31:02,661][WARN]:  KiCad PCB Board Reader: Unsupported keyword: 'units' of parentNode 'footprint' at line: 13209
[2026-07-14 22:31:02,661][WARN]:  KiCad PCB Board Reader: Unsupported keyword: 'duplicate_pad_numbers_are_jumpers' of parentNode 'footprint' at line: 13216
[2026-07-14 22:31:02,661][WARN]:  KiCad PCB Board Reader: Unsupported keyword: 'units' of parentNode 'footprint' at line: 13604
[2026-07-14 22:31:02,661][WARN]:  KiCad PCB Board Reader: Unsupported keyword: 'duplicate_pad_numbers_are_jumpers' of parentNode 'footprint' at line: 13611
[2026-07-14 22:31:02,662][WARN]:  KiCad PCB Board Reader: Unsupported keyword: 'units' of parentNode 'footprint' at line: 14135
[2026-07-14 22:31:02,662][WARN]:  KiCad PCB Board Reader: Unsupported keyword: 'duplicate_pad_numbers_are_jumpers' of parentNode 'footprint' at line: 14142
[2026-07-14 22:31:02,662][WARN]:  KiCad PCB Board Reader: Unsupported keyword: 'units' of parentNode 'footprint' at line: 14484
[2026-07-14 22:31:02,662][WARN]:  KiCad PCB Board Reader: Unsupported keyword: 'duplicate_pad_numbers_are_jumpers' of parentNode 'footprint' at line: 14491
[2026-07-14 22:31:02,662][WARN]:  KiCad PCB Board Reader: Unsupported keyword: 'units' of parentNode 'footprint' at line: 15315
[2026-07-14 22:31:02,662][WARN]:  KiCad PCB Board Reader: Unsupported keyword: 'duplicate_pad_numbers_are_jumpers' of parentNode 'footprint' at line: 15322
[2026-07-14 22:31:02,662][WARN]:  KiCad PCB Board Reader: Unsupported keyword: 'units' of parentNode 'footprint' at line: 15817
[2026-07-14 22:31:02,662][WARN]:  KiCad PCB Board Reader: Unsupported keyword: 'duplicate_pad_numbers_are_jumpers' of parentNode 'footprint' at line: 15824
[2026-07-14 22:31:02,662][WARN]:  KiCad PCB Board Reader: Unsupported keyword: 'units' of parentNode 'footprint' at line: 16006
[2026-07-14 22:31:02,662][WARN]:  KiCad PCB Board Reader: Unsupported keyword: 'duplicate_pad_numbers_are_jumpers' of parentNode 'footprint' at line: 16013
[2026-07-14 22:31:02,662][WARN]:  KiCad PCB Board Reader: Unsupported keyword: 'units' of parentNode 'footprint' at line: 16193
[2026-07-14 22:31:02,662][WARN]:  KiCad PCB Board Reader: Unsupported keyword: 'duplicate_pad_numbers_are_jumpers' of parentNode 'footprint' at line: 16200
[2026-07-14 22:31:02,662][WARN]:  KiCad PCB Board Reader: Unsupported keyword: 'units' of parentNode 'footprint' at line: 16691
[2026-07-14 22:31:02,662][WARN]:  KiCad PCB Board Reader: Unsupported keyword: 'duplicate_pad_numbers_are_jumpers' of parentNode 'footprint' at line: 16698
[2026-07-14 22:31:02,663][WARN]:  KiCad PCB Board Reader: Unsupported keyword: 'units' of parentNode 'footprint' at line: 17340
[2026-07-14 22:31:02,663][WARN]:  KiCad PCB Board Reader: Unsupported keyword: 'duplicate_pad_numbers_are_jumpers' of parentNode 'footprint' at line: 17347
[2026-07-14 22:31:02,663][WARN]:  KiCad PCB Board Reader: Unsupported keyword: 'units' of parentNode 'footprint' at line: 17525
[2026-07-14 22:31:02,663][WARN]:  KiCad PCB Board Reader: Unsupported keyword: 'duplicate_pad_numbers_are_jumpers' of parentNode 'footprint' at line: 17532
[2026-07-14 22:31:02,663][WARN]:  KiCad PCB Board Reader: Unsupported keyword: 'units' of parentNode 'footprint' at line: 18072
[2026-07-14 22:31:02,663][WARN]:  KiCad PCB Board Reader: Unsupported keyword: 'duplicate_pad_numbers_are_jumpers' of parentNode 'footprint' at line: 18079
[2026-07-14 22:31:02,663][WARN]:  KiCad PCB Board Reader: Unsupported keyword: 'units' of parentNode 'footprint' at line: 18415
[2026-07-14 22:31:02,663][WARN]:  KiCad PCB Board Reader: Unsupported keyword: 'duplicate_pad_numbers_are_jumpers' of parentNode 'footprint' at line: 18422
[2026-07-14 22:31:02,663][WARN]:  KiCad PCB Board Reader: Unsupported keyword: 'units' of parentNode 'footprint' at line: 18706
[2026-07-14 22:31:02,663][WARN]:  KiCad PCB Board Reader: Unsupported keyword: 'duplicate_pad_numbers_are_jumpers' of parentNode 'footprint' at line: 18713
[2026-07-14 22:31:02,663][WARN]:  KiCad PCB Board Reader: Unsupported keyword: 'units' of parentNode 'footprint' at line: 19208
[2026-07-14 22:31:02,663][WARN]:  KiCad PCB Board Reader: Unsupported keyword: 'duplicate_pad_numbers_are_jumpers' of parentNode 'footprint' at line: 19215
[2026-07-14 22:31:02,663][WARN]:  KiCad PCB Board Reader: Unsupported keyword: 'units' of parentNode 'footprint' at line: 19832
[2026-07-14 22:31:02,663][WARN]:  KiCad PCB Board Reader: Unsupported keyword: 'duplicate_pad_numbers_are_jumpers' of parentNode 'footprint' at line: 19839
[2026-07-14 22:31:02,663][WARN]:  KiCad PCB Board Reader: Unsupported keyword: 'units' of parentNode 'footprint' at line: 20152
[2026-07-14 22:31:02,663][WARN]:  KiCad PCB Board Reader: Unsupported keyword: 'duplicate_pad_numbers_are_jumpers' of parentNode 'footprint' at line: 20159
[2026-07-14 22:31:02,663][WARN]:  KiCad PCB Board Reader: Unsupported keyword: 'units' of parentNode 'footprint' at line: 20529
[2026-07-14 22:31:02,663][WARN]:  KiCad PCB Board Reader: Unsupported keyword: 'duplicate_pad_numbers_are_jumpers' of parentNode 'footprint' at line: 20538
[2026-07-14 22:31:02,665][WARN]:  KiCad PCB Board Reader: Unsupported keyword: 'units' of parentNode 'footprint' at line: 21546
[2026-07-14 22:31:02,665][WARN]:  KiCad PCB Board Reader: Unsupported keyword: 'duplicate_pad_numbers_are_jumpers' of parentNode 'footprint' at line: 21553
[2026-07-14 22:31:02,665][WARN]:  KiCad PCB Board Reader: Unsupported keyword: 'units' of parentNode 'footprint' at line: 21767
[2026-07-14 22:31:02,665][WARN]:  KiCad PCB Board Reader: Unsupported keyword: 'duplicate_pad_numbers_are_jumpers' of parentNode 'footprint' at line: 21774
[2026-07-14 22:31:02,665][WARN]:  KiCad PCB Board Reader: Unsupported keyword: 'units' of parentNode 'footprint' at line: 22057
[2026-07-14 22:31:02,665][WARN]:  KiCad PCB Board Reader: Unsupported keyword: 'duplicate_pad_numbers_are_jumpers' of parentNode 'footprint' at line: 22064
[2026-07-14 22:31:02,665][WARN]:  KiCad PCB Board Reader: Unsupported keyword: 'units' of parentNode 'footprint' at line: 22165
[2026-07-14 22:31:02,665][WARN]:  KiCad PCB Board Reader: Unsupported keyword: 'duplicate_pad_numbers_are_jumpers' of parentNode 'footprint' at line: 22174
[2026-07-14 22:31:02,665][WARN]:  KiCad PCB Board Reader: Unsupported keyword: 'units' of parentNode 'footprint' at line: 22600
[2026-07-14 22:31:02,665][WARN]:  KiCad PCB Board Reader: Unsupported keyword: 'duplicate_pad_numbers_are_jumpers' of parentNode 'footprint' at line: 22607
[2026-07-14 22:31:02,666][WARN]:  KiCad PCB Board Reader: Unsupported keyword: 'units' of parentNode 'footprint' at line: 23172
[2026-07-14 22:31:02,666][WARN]:  KiCad PCB Board Reader: Unsupported keyword: 'duplicate_pad_numbers_are_jumpers' of parentNode 'footprint' at line: 23179
[2026-07-14 22:31:02,666][WARN]:  KiCad PCB Board Reader: Unsupported keyword: 'units' of parentNode 'footprint' at line: 24000
[2026-07-14 22:31:02,666][WARN]:  KiCad PCB Board Reader: Unsupported keyword: 'duplicate_pad_numbers_are_jumpers' of parentNode 'footprint' at line: 24007
[2026-07-14 22:31:02,666][WARN]:  KiCad PCB Board Reader: Unsupported keyword: 'units' of parentNode 'footprint' at line: 24177
[2026-07-14 22:31:02,666][WARN]:  KiCad PCB Board Reader: Unsupported keyword: 'duplicate_pad_numbers_are_jumpers' of parentNode 'footprint' at line: 24184
[2026-07-14 22:31:02,666][WARN]:  KiCad PCB Board Reader: Unsupported keyword: 'units' of parentNode 'footprint' at line: 24483
[2026-07-14 22:31:02,666][WARN]:  KiCad PCB Board Reader: Unsupported keyword: 'duplicate_pad_numbers_are_jumpers' of parentNode 'footprint' at line: 24490
[2026-07-14 22:31:02,666][WARN]:  KiCad PCB Board Reader: Unsupported keyword: 'units' of parentNode 'footprint' at line: 25107
[2026-07-14 22:31:02,666][WARN]:  KiCad PCB Board Reader: Unsupported keyword: 'duplicate_pad_numbers_are_jumpers' of parentNode 'footprint' at line: 25114
[2026-07-14 22:31:02,666][WARN]:  KiCad PCB Board Reader: Unsupported keyword: 'units' of parentNode 'footprint' at line: 25328
[2026-07-14 22:31:02,666][WARN]:  KiCad PCB Board Reader: Unsupported keyword: 'duplicate_pad_numbers_are_jumpers' of parentNode 'footprint' at line: 25335
[2026-07-14 22:31:02,666][WARN]:  KiCad PCB Board Reader: Unsupported keyword: 'units' of parentNode 'footprint' at line: 25952
[2026-07-14 22:31:02,666][WARN]:  KiCad PCB Board Reader: Unsupported keyword: 'duplicate_pad_numbers_are_jumpers' of parentNode 'footprint' at line: 25959
[2026-07-14 22:31:02,667][WARN]:  KiCad PCB Board Reader: Unsupported keyword: 'units' of parentNode 'footprint' at line: 26454
[2026-07-14 22:31:02,667][WARN]:  KiCad PCB Board Reader: Unsupported keyword: 'duplicate_pad_numbers_are_jumpers' of parentNode 'footprint' at line: 26461
[2026-07-14 22:31:02,667][WARN]:  KiCad PCB Board Reader: Unsupported keyword: 'units' of parentNode 'footprint' at line: 26623
[2026-07-14 22:31:02,667][WARN]:  KiCad PCB Board Reader: Unsupported keyword: 'duplicate_pad_numbers_are_jumpers' of parentNode 'footprint' at line: 26630
[2026-07-14 22:31:02,667][WARN]:  KiCad PCB Board Reader: Unsupported keyword: 'units' of parentNode 'footprint' at line: 27173
[2026-07-14 22:31:02,667][WARN]:  KiCad PCB Board Reader: Unsupported keyword: 'duplicate_pad_numbers_are_jumpers' of parentNode 'footprint' at line: 27180
[2026-07-14 22:31:02,667][WARN]:  KiCad PCB Board Reader: Unsupported keyword: 'units' of parentNode 'footprint' at line: 27463
[2026-07-14 22:31:02,667][WARN]:  KiCad PCB Board Reader: Unsupported keyword: 'duplicate_pad_numbers_are_jumpers' of parentNode 'footprint' at line: 27470
[2026-07-14 22:31:02,667][WARN]:  KiCad PCB Board Reader: Unsupported keyword: 'units' of parentNode 'footprint' at line: 27570
[2026-07-14 22:31:02,667][WARN]:  KiCad PCB Board Reader: Unsupported keyword: 'duplicate_pad_numbers_are_jumpers' of parentNode 'footprint' at line: 27577
[2026-07-14 22:31:02,667][WARN]:  KiCad PCB Board Reader: Unsupported keyword: 'units' of parentNode 'footprint' at line: 28063
[2026-07-14 22:31:02,667][WARN]:  KiCad PCB Board Reader: Unsupported keyword: 'duplicate_pad_numbers_are_jumpers' of parentNode 'footprint' at line: 28070
[2026-07-14 22:31:02,667][WARN]:  KiCad PCB Board Reader: Unsupported keyword: 'units' of parentNode 'footprint' at line: 28556
[2026-07-14 22:31:02,667][WARN]:  KiCad PCB Board Reader: Unsupported keyword: 'duplicate_pad_numbers_are_jumpers' of parentNode 'footprint' at line: 28563
[2026-07-14 22:31:02,667][WARN]:  KiCad PCB Board Reader: Unsupported keyword: 'units' of parentNode 'footprint' at line: 29052
[2026-07-14 22:31:02,667][WARN]:  KiCad PCB Board Reader: Unsupported keyword: 'duplicate_pad_numbers_are_jumpers' of parentNode 'footprint' at line: 29059
[2026-07-14 22:31:02,667][WARN]:  KiCad PCB Board Reader: Unsupported keyword: 'units' of parentNode 'footprint' at line: 29273
[2026-07-14 22:31:02,667][WARN]:  KiCad PCB Board Reader: Unsupported keyword: 'duplicate_pad_numbers_are_jumpers' of parentNode 'footprint' at line: 29280
[2026-07-14 22:31:02,668][WARN]:  KiCad PCB Board Reader: Unsupported keyword: 'units' of parentNode 'footprint' at line: 29616
[2026-07-14 22:31:02,668][WARN]:  KiCad PCB Board Reader: Unsupported keyword: 'duplicate_pad_numbers_are_jumpers' of parentNode 'footprint' at line: 29623
[2026-07-14 22:31:02,668][WARN]:  KiCad PCB Board Reader: Unsupported keyword: 'units' of parentNode 'footprint' at line: 29905
[2026-07-14 22:31:02,668][WARN]:  KiCad PCB Board Reader: Unsupported keyword: 'duplicate_pad_numbers_are_jumpers' of parentNode 'footprint' at line: 29912
[2026-07-14 22:31:02,668][WARN]:  KiCad PCB Board Reader: Unsupported keyword: 'units' of parentNode 'footprint' at line: 30733
[2026-07-14 22:31:02,668][WARN]:  KiCad PCB Board Reader: Unsupported keyword: 'duplicate_pad_numbers_are_jumpers' of parentNode 'footprint' at line: 30740
[2026-07-14 22:31:02,668][WARN]:  KiCad PCB Board Reader: Unsupported keyword: 'units' of parentNode 'footprint' at line: 31235
[2026-07-14 22:31:02,668][WARN]:  KiCad PCB Board Reader: Unsupported keyword: 'duplicate_pad_numbers_are_jumpers' of parentNode 'footprint' at line: 31242
[2026-07-14 22:31:02,668][WARN]:  KiCad PCB Board Reader: Unsupported keyword: 'units' of parentNode 'footprint' at line: 31405
[2026-07-14 22:31:02,668][WARN]:  KiCad PCB Board Reader: Unsupported keyword: 'duplicate_pad_numbers_are_jumpers' of parentNode 'footprint' at line: 31412
[2026-07-14 22:31:02,668][WARN]:  KiCad PCB Board Reader: Unsupported keyword: 'units' of parentNode 'footprint' at line: 31627
[2026-07-14 22:31:02,668][WARN]:  KiCad PCB Board Reader: Unsupported keyword: 'duplicate_pad_numbers_are_jumpers' of parentNode 'footprint' at line: 31634
[2026-07-14 22:31:02,668][WARN]:  KiCad PCB Board Reader: Unsupported keyword: 'units' of parentNode 'footprint' at line: 31916
[2026-07-14 22:31:02,668][WARN]:  KiCad PCB Board Reader: Unsupported keyword: 'duplicate_pad_numbers_are_jumpers' of parentNode 'footprint' at line: 31923
[2026-07-14 22:31:02,669][WARN]:  KiCad PCB Board Reader: Unsupported keyword: 'units' of parentNode 'footprint' at line: 32757
[2026-07-14 22:31:02,669][WARN]:  KiCad PCB Board Reader: Unsupported keyword: 'duplicate_pad_numbers_are_jumpers' of parentNode 'footprint' at line: 32764
[2026-07-14 22:31:02,669][WARN]:  KiCad PCB Board Reader: Unsupported keyword: 'units' of parentNode 'footprint' at line: 32926
[2026-07-14 22:31:02,669][WARN]:  KiCad PCB Board Reader: Unsupported keyword: 'duplicate_pad_numbers_are_jumpers' of parentNode 'footprint' at line: 32933
[2026-07-14 22:31:02,669][WARN]:  KiCad PCB Board Reader: Unsupported keyword: 'units' of parentNode 'footprint' at line: 33770
[2026-07-14 22:31:02,669][WARN]:  KiCad PCB Board Reader: Unsupported keyword: 'duplicate_pad_numbers_are_jumpers' of parentNode 'footprint' at line: 33777
[2026-07-14 22:31:02,669][WARN]:  KiCad PCB Board Reader: Unsupported keyword: 'units' of parentNode 'footprint' at line: 33937
[2026-07-14 22:31:02,669][WARN]:  KiCad PCB Board Reader: Unsupported keyword: 'duplicate_pad_numbers_are_jumpers' of parentNode 'footprint' at line: 33944
[2026-07-14 22:31:02,669][WARN]:  KiCad PCB Board Reader: Unsupported keyword: 'units' of parentNode 'footprint' at line: 34484
[2026-07-14 22:31:02,669][WARN]:  KiCad PCB Board Reader: Unsupported keyword: 'duplicate_pad_numbers_are_jumpers' of parentNode 'footprint' at line: 34491
[2026-07-14 22:31:02,669][WARN]:  KiCad PCB Board Reader: Unsupported keyword: 'units' of parentNode 'footprint' at line: 34926
[2026-07-14 22:31:02,669][WARN]:  KiCad PCB Board Reader: Unsupported keyword: 'duplicate_pad_numbers_are_jumpers' of parentNode 'footprint' at line: 34933
[2026-07-14 22:31:02,669][WARN]:  KiCad PCB Board Reader: Unsupported keyword: 'units' of parentNode 'footprint' at line: 35460
[2026-07-14 22:31:02,669][WARN]:  KiCad PCB Board Reader: Unsupported keyword: 'duplicate_pad_numbers_are_jumpers' of parentNode 'footprint' at line: 35467
[2026-07-14 22:31:02,669][WARN]:  KiCad PCB Board Reader: Unsupported keyword: 'units' of parentNode 'footprint' at line: 35975
[2026-07-14 22:31:02,669][WARN]:  KiCad PCB Board Reader: Unsupported keyword: 'duplicate_pad_numbers_are_jumpers' of parentNode 'footprint' at line: 35982
[2026-07-14 22:31:02,670][WARN]:  KiCad PCB Board Reader: Unsupported keyword: 'units' of parentNode 'footprint' at line: 36142
[2026-07-14 22:31:02,670][WARN]:  KiCad PCB Board Reader: Unsupported keyword: 'duplicate_pad_numbers_are_jumpers' of parentNode 'footprint' at line: 36149
[2026-07-14 22:31:02,670][WARN]:  KiCad PCB Board Reader: Unsupported keyword: 'units' of parentNode 'footprint' at line: 36635
[2026-07-14 22:31:02,670][WARN]:  KiCad PCB Board Reader: Unsupported keyword: 'duplicate_pad_numbers_are_jumpers' of parentNode 'footprint' at line: 36642
[2026-07-14 22:31:02,670][WARN]:  KiCad PCB Board Reader: Unsupported keyword: 'units' of parentNode 'footprint' at line: 37463
[2026-07-14 22:31:02,670][WARN]:  KiCad PCB Board Reader: Unsupported keyword: 'duplicate_pad_numbers_are_jumpers' of parentNode 'footprint' at line: 37470
[2026-07-14 22:31:02,670][WARN]:  KiCad PCB Board Reader: Unsupported keyword: 'units' of parentNode 'footprint' at line: 37965
[2026-07-14 22:31:02,670][WARN]:  KiCad PCB Board Reader: Unsupported keyword: 'duplicate_pad_numbers_are_jumpers' of parentNode 'footprint' at line: 37972
[2026-07-14 22:31:02,670][WARN]:  KiCad PCB Board Reader: Unsupported keyword: 'units' of parentNode 'footprint' at line: 38186
[2026-07-14 22:31:02,670][WARN]:  KiCad PCB Board Reader: Unsupported keyword: 'duplicate_pad_numbers_are_jumpers' of parentNode 'footprint' at line: 38193
[2026-07-14 22:31:02,670][WARN]:  KiCad PCB Board Reader: Unsupported keyword: 'units' of parentNode 'footprint' at line: 38477
[2026-07-14 22:31:02,670][WARN]:  KiCad PCB Board Reader: Unsupported keyword: 'duplicate_pad_numbers_are_jumpers' of parentNode 'footprint' at line: 38484
[2026-07-14 22:31:02,670][WARN]:  KiCad PCB Board Reader: Unsupported keyword: 'units' of parentNode 'footprint' at line: 39308
[2026-07-14 22:31:02,670][WARN]:  KiCad PCB Board Reader: Unsupported keyword: 'duplicate_pad_numbers_are_jumpers' of parentNode 'footprint' at line: 39315
[2026-07-14 22:31:02,671][WARN]:  KiCad PCB Board Reader: Unsupported keyword: 'units' of parentNode 'footprint' at line: 39810
[2026-07-14 22:31:02,671][WARN]:  KiCad PCB Board Reader: Unsupported keyword: 'duplicate_pad_numbers_are_jumpers' of parentNode 'footprint' at line: 39817
[2026-07-14 22:31:02,671][WARN]:  KiCad PCB Board Reader: Unsupported keyword: 'units' of parentNode 'footprint' at line: 39978
[2026-07-14 22:31:02,671][WARN]:  KiCad PCB Board Reader: Unsupported keyword: 'duplicate_pad_numbers_are_jumpers' of parentNode 'footprint' at line: 39985
[2026-07-14 22:31:02,671][WARN]:  KiCad PCB Board Reader: Unsupported keyword: 'units' of parentNode 'footprint' at line: 40421
[2026-07-14 22:31:02,671][WARN]:  KiCad PCB Board Reader: Unsupported keyword: 'duplicate_pad_numbers_are_jumpers' of parentNode 'footprint' at line: 40428
[2026-07-14 22:31:02,671][WARN]:  KiCad PCB Board Reader: Unsupported keyword: 'units' of parentNode 'footprint' at line: 40742
[2026-07-14 22:31:02,671][WARN]:  KiCad PCB Board Reader: Unsupported keyword: 'duplicate_pad_numbers_are_jumpers' of parentNode 'footprint' at line: 40749
[2026-07-14 22:31:02,671][WARN]:  KiCad PCB Board Reader: Unsupported keyword: 'units' of parentNode 'footprint' at line: 41262
[2026-07-14 22:31:02,671][WARN]:  KiCad PCB Board Reader: Unsupported keyword: 'duplicate_pad_numbers_are_jumpers' of parentNode 'footprint' at line: 41269
[2026-07-14 22:31:02,671][WARN]:  KiCad PCB Board Reader: Unsupported keyword: 'units' of parentNode 'footprint' at line: 41431
[2026-07-14 22:31:02,671][WARN]:  KiCad PCB Board Reader: Unsupported keyword: 'duplicate_pad_numbers_are_jumpers' of parentNode 'footprint' at line: 41438
[2026-07-14 22:31:02,671][WARN]:  KiCad PCB Board Reader: Unsupported keyword: 'units' of parentNode 'footprint' at line: 42133
[2026-07-14 22:31:02,671][WARN]:  KiCad PCB Board Reader: Unsupported keyword: 'duplicate_pad_numbers_are_jumpers' of parentNode 'footprint' at line: 42140
[2026-07-14 22:31:02,671][WARN]:  KiCad PCB Board Reader: Unsupported keyword: 'units' of parentNode 'footprint' at line: 42372
[2026-07-14 22:31:02,671][WARN]:  KiCad PCB Board Reader: Unsupported keyword: 'duplicate_pad_numbers_are_jumpers' of parentNode 'footprint' at line: 42379
[2026-07-14 22:31:02,671][WARN]:  KiCad PCB Board Reader: Unsupported keyword: 'units' of parentNode 'footprint' at line: 42715
[2026-07-14 22:31:02,671][WARN]:  KiCad PCB Board Reader: Unsupported keyword: 'duplicate_pad_numbers_are_jumpers' of parentNode 'footprint' at line: 42722
[2026-07-14 22:31:02,672][WARN]:  KiCad PCB Board Reader: Unsupported keyword: 'units' of parentNode 'footprint' at line: 43005
[2026-07-14 22:31:02,672][WARN]:  KiCad PCB Board Reader: Unsupported keyword: 'duplicate_pad_numbers_are_jumpers' of parentNode 'footprint' at line: 43012
[2026-07-14 22:31:02,672][WARN]:  KiCad PCB Board Reader: Unsupported keyword: 'units' of parentNode 'footprint' at line: 43500
[2026-07-14 22:31:02,672][WARN]:  KiCad PCB Board Reader: Unsupported keyword: 'duplicate_pad_numbers_are_jumpers' of parentNode 'footprint' at line: 43507
[2026-07-14 22:31:02,672][WARN]:  KiCad PCB Board Reader: Unsupported keyword: 'units' of parentNode 'footprint' at line: 44050
[2026-07-14 22:31:02,672][WARN]:  KiCad PCB Board Reader: Unsupported keyword: 'duplicate_pad_numbers_are_jumpers' of parentNode 'footprint' at line: 44057
[2026-07-14 22:31:02,672][WARN]:  KiCad PCB Board Reader: Unsupported keyword: 'units' of parentNode 'footprint' at line: 44558
[2026-07-14 22:31:02,672][WARN]:  KiCad PCB Board Reader: Unsupported keyword: 'duplicate_pad_numbers_are_jumpers' of parentNode 'footprint' at line: 44565
[2026-07-14 22:31:02,672][WARN]:  KiCad PCB Board Reader: Unsupported keyword: 'units' of parentNode 'footprint' at line: 44821
[2026-07-14 22:31:02,672][WARN]:  KiCad PCB Board Reader: Unsupported keyword: 'duplicate_pad_numbers_are_jumpers' of parentNode 'footprint' at line: 44833
[2026-07-14 22:31:02,673][WARN]:  KiCad PCB Board Reader: Unsupported keyword: 'units' of parentNode 'footprint' at line: 45821
[2026-07-14 22:31:02,673][WARN]:  KiCad PCB Board Reader: Unsupported keyword: 'duplicate_pad_numbers_are_jumpers' of parentNode 'footprint' at line: 45828
[2026-07-14 22:31:02,673][WARN]:  KiCad PCB Board Reader: Unsupported keyword: 'units' of parentNode 'footprint' at line: 45990
[2026-07-14 22:31:02,673][WARN]:  KiCad PCB Board Reader: Unsupported keyword: 'duplicate_pad_numbers_are_jumpers' of parentNode 'footprint' at line: 45997
[2026-07-14 22:31:02,673][WARN]:  KiCad PCB Board Reader: Unsupported keyword: 'units' of parentNode 'footprint' at line: 46540
[2026-07-14 22:31:02,673][WARN]:  KiCad PCB Board Reader: Unsupported keyword: 'duplicate_pad_numbers_are_jumpers' of parentNode 'footprint' at line: 46547
[2026-07-14 22:31:02,673][WARN]:  KiCad PCB Board Reader: Unsupported keyword: 'units' of parentNode 'footprint' at line: 46856
[2026-07-14 22:31:02,673][WARN]:  KiCad PCB Board Reader: Unsupported keyword: 'duplicate_pad_numbers_are_jumpers' of parentNode 'footprint' at line: 46863
[2026-07-14 22:31:02,673][WARN]:  KiCad PCB Board Reader: Unsupported keyword: 'units' of parentNode 'footprint' at line: 47428
[2026-07-14 22:31:02,673][WARN]:  KiCad PCB Board Reader: Unsupported keyword: 'duplicate_pad_numbers_are_jumpers' of parentNode 'footprint' at line: 47435
[2026-07-14 22:31:02,673][WARN]:  KiCad PCB Board Reader: Unsupported keyword: 'units' of parentNode 'footprint' at line: 47943
[2026-07-14 22:31:02,673][WARN]:  KiCad PCB Board Reader: Unsupported keyword: 'duplicate_pad_numbers_are_jumpers' of parentNode 'footprint' at line: 47950
[2026-07-14 22:31:02,673][WARN]:  KiCad PCB Board Reader: Unsupported keyword: 'units' of parentNode 'footprint' at line: 48281
[2026-07-14 22:31:02,673][WARN]:  KiCad PCB Board Reader: Unsupported keyword: 'duplicate_pad_numbers_are_jumpers' of parentNode 'footprint' at line: 48288
[2026-07-14 22:31:02,673][WARN]:  KiCad PCB Board Reader: Unsupported keyword: 'units' of parentNode 'footprint' at line: 48487
[2026-07-14 22:31:02,673][WARN]:  KiCad PCB Board Reader: Unsupported keyword: 'duplicate_pad_numbers_are_jumpers' of parentNode 'footprint' at line: 48494
[2026-07-14 22:31:02,674][WARN]:  KiCad PCB Board Reader: Unsupported keyword: 'units' of parentNode 'footprint' at line: 49002
[2026-07-14 22:31:02,674][WARN]:  KiCad PCB Board Reader: Unsupported keyword: 'duplicate_pad_numbers_are_jumpers' of parentNode 'footprint' at line: 49009
[2026-07-14 22:31:02,674][WARN]:  KiCad PCB Board Reader: Unsupported keyword: 'units' of parentNode 'footprint' at line: 49170
[2026-07-14 22:31:02,674][WARN]:  KiCad PCB Board Reader: Unsupported keyword: 'duplicate_pad_numbers_are_jumpers' of parentNode 'footprint' at line: 49177
[2026-07-14 22:31:02,674][WARN]:  KiCad PCB Board Reader: Unsupported keyword: 'units' of parentNode 'footprint' at line: 49279
[2026-07-14 22:31:02,674][WARN]:  KiCad PCB Board Reader: Unsupported keyword: 'duplicate_pad_numbers_are_jumpers' of parentNode 'footprint' at line: 49286
[2026-07-14 22:31:02,674][WARN]:  KiCad PCB Board Reader: Unsupported keyword: 'units' of parentNode 'footprint' at line: 49826
[2026-07-14 22:31:02,674][WARN]:  KiCad PCB Board Reader: Unsupported keyword: 'duplicate_pad_numbers_are_jumpers' of parentNode 'footprint' at line: 49833
[2026-07-14 22:31:02,674][WARN]:  KiCad PCB Board Reader: Unsupported keyword: 'units' of parentNode 'footprint' at line: 50169
[2026-07-14 22:31:02,674][WARN]:  KiCad PCB Board Reader: Unsupported keyword: 'duplicate_pad_numbers_are_jumpers' of parentNode 'footprint' at line: 50176
[2026-07-14 22:31:02,674][WARN]:  KiCad PCB Board Reader: Unsupported keyword: 'units' of parentNode 'footprint' at line: 50460
[2026-07-14 22:31:02,674][WARN]:  KiCad PCB Board Reader: Unsupported keyword: 'duplicate_pad_numbers_are_jumpers' of parentNode 'footprint' at line: 50467
[2026-07-14 22:31:02,674][WARN]:  KiCad PCB Board Reader: Unsupported keyword: 'units' of parentNode 'footprint' at line: 50958
[2026-07-14 22:31:02,674][WARN]:  KiCad PCB Board Reader: Unsupported keyword: 'duplicate_pad_numbers_are_jumpers' of parentNode 'footprint' at line: 50965
[2026-07-14 22:31:02,675][WARN]:  KiCad PCB Board Reader: Unsupported keyword: 'units' of parentNode 'footprint' at line: 51789
[2026-07-14 22:31:02,675][WARN]:  KiCad PCB Board Reader: Unsupported keyword: 'duplicate_pad_numbers_are_jumpers' of parentNode 'footprint' at line: 51796
[2026-07-14 22:31:02,675][WARN]:  KiCad PCB Board Reader: Unsupported keyword: 'units' of parentNode 'footprint' at line: 52305
[2026-07-14 22:31:02,675][WARN]:  KiCad PCB Board Reader: Unsupported keyword: 'duplicate_pad_numbers_are_jumpers' of parentNode 'footprint' at line: 52312
[2026-07-14 22:31:02,675][WARN]:  KiCad PCB Board Reader: Unsupported keyword: 'units' of parentNode 'footprint' at line: 52474
[2026-07-14 22:31:02,675][WARN]:  KiCad PCB Board Reader: Unsupported keyword: 'duplicate_pad_numbers_are_jumpers' of parentNode 'footprint' at line: 52481
[2026-07-14 22:31:02,675][WARN]:  KiCad PCB Board Reader: Unsupported keyword: 'units' of parentNode 'footprint' at line: 53024
[2026-07-14 22:31:02,675][WARN]:  KiCad PCB Board Reader: Unsupported keyword: 'duplicate_pad_numbers_are_jumpers' of parentNode 'footprint' at line: 53031
[2026-07-14 22:31:02,675][WARN]:  KiCad PCB Board Reader: Unsupported keyword: 'units' of parentNode 'footprint' at line: 53313
[2026-07-14 22:31:02,675][WARN]:  KiCad PCB Board Reader: Unsupported keyword: 'duplicate_pad_numbers_are_jumpers' of parentNode 'footprint' at line: 53320
[2026-07-14 22:31:02,676][WARN]:  KiCad PCB Board Reader: Unsupported keyword: 'units' of parentNode 'footprint' at line: 53806
[2026-07-14 22:31:02,676][WARN]:  KiCad PCB Board Reader: Unsupported keyword: 'duplicate_pad_numbers_are_jumpers' of parentNode 'footprint' at line: 53813
[2026-07-14 22:31:02,676][WARN]:  KiCad PCB Board Reader: Unsupported keyword: 'units' of parentNode 'footprint' at line: 54647
[2026-07-14 22:31:02,676][WARN]:  KiCad PCB Board Reader: Unsupported keyword: 'duplicate_pad_numbers_are_jumpers' of parentNode 'footprint' at line: 54654
[2026-07-14 22:31:02,676][WARN]:  KiCad PCB Board Reader: Unsupported keyword: 'units' of parentNode 'footprint' at line: 55149
[2026-07-14 22:31:02,676][WARN]:  KiCad PCB Board Reader: Unsupported keyword: 'duplicate_pad_numbers_are_jumpers' of parentNode 'footprint' at line: 55156
[2026-07-14 22:31:02,676][WARN]:  KiCad PCB Board Reader: Unsupported keyword: 'units' of parentNode 'footprint' at line: 55316
[2026-07-14 22:31:02,676][WARN]:  KiCad PCB Board Reader: Unsupported keyword: 'duplicate_pad_numbers_are_jumpers' of parentNode 'footprint' at line: 55323
[2026-07-14 22:31:02,676][WARN]:  KiCad PCB Board Reader: Unsupported keyword: 'units' of parentNode 'footprint' at line: 55809
[2026-07-14 22:31:02,676][WARN]:  KiCad PCB Board Reader: Unsupported keyword: 'duplicate_pad_numbers_are_jumpers' of parentNode 'footprint' at line: 55816
[2026-07-14 22:31:02,676][WARN]:  KiCad PCB Board Reader: Unsupported keyword: 'units' of parentNode 'footprint' at line: 56304
[2026-07-14 22:31:02,676][WARN]:  KiCad PCB Board Reader: Unsupported keyword: 'duplicate_pad_numbers_are_jumpers' of parentNode 'footprint' at line: 56311
[2026-07-14 22:31:02,676][WARN]:  KiCad PCB Board Reader: Unsupported keyword: 'units' of parentNode 'footprint' at line: 56800
[2026-07-14 22:31:02,676][WARN]:  KiCad PCB Board Reader: Unsupported keyword: 'duplicate_pad_numbers_are_jumpers' of parentNode 'footprint' at line: 56807
[2026-07-14 22:31:02,677][WARN]:  KiCad PCB Board Reader: Unsupported keyword: 'units' of parentNode 'footprint' at line: 57295
[2026-07-14 22:31:02,677][WARN]:  KiCad PCB Board Reader: Unsupported keyword: 'duplicate_pad_numbers_are_jumpers' of parentNode 'footprint' at line: 57302
[2026-07-14 22:31:02,677][WARN]:  KiCad PCB Board Reader: Unsupported keyword: 'units' of parentNode 'footprint' at line: 57793
[2026-07-14 22:31:02,677][WARN]:  KiCad PCB Board Reader: Unsupported keyword: 'duplicate_pad_numbers_are_jumpers' of parentNode 'footprint' at line: 57800
[2026-07-14 22:31:02,677][WARN]:  KiCad PCB Board Reader: Unsupported keyword: 'units' of parentNode 'footprint' at line: 58624
[2026-07-14 22:31:02,677][WARN]:  KiCad PCB Board Reader: Unsupported keyword: 'duplicate_pad_numbers_are_jumpers' of parentNode 'footprint' at line: 58631
[2026-07-14 22:31:02,677][WARN]:  KiCad PCB Board Reader: Unsupported keyword: 'units' of parentNode 'footprint' at line: 58817
[2026-07-14 22:31:02,677][WARN]:  KiCad PCB Board Reader: Unsupported keyword: 'duplicate_pad_numbers_are_jumpers' of parentNode 'footprint' at line: 58824
[2026-07-14 22:31:02,677][WARN]:  KiCad PCB Board Reader: Unsupported keyword: 'units' of parentNode 'footprint' at line: 58993
[2026-07-14 22:31:02,677][WARN]:  KiCad PCB Board Reader: Unsupported keyword: 'duplicate_pad_numbers_are_jumpers' of parentNode 'footprint' at line: 59000
[2026-07-14 22:31:02,677][WARN]:  KiCad PCB Board Reader: Unsupported keyword: 'units' of parentNode 'footprint' at line: 59357
[2026-07-14 22:31:02,677][WARN]:  KiCad PCB Board Reader: Unsupported keyword: 'duplicate_pad_numbers_are_jumpers' of parentNode 'footprint' at line: 59364
[2026-07-14 22:31:02,677][WARN]:  KiCad PCB Board Reader: Unsupported keyword: 'units' of parentNode 'footprint' at line: 59855
[2026-07-14 22:31:02,678][WARN]:  KiCad PCB Board Reader: Unsupported keyword: 'duplicate_pad_numbers_are_jumpers' of parentNode 'footprint' at line: 59862
[2026-07-14 22:31:02,678][WARN]:  KiCad PCB Board Reader: Unsupported keyword: 'units' of parentNode 'footprint' at line: 60352
[2026-07-14 22:31:02,678][WARN]:  KiCad PCB Board Reader: Unsupported keyword: 'duplicate_pad_numbers_are_jumpers' of parentNode 'footprint' at line: 60359
[2026-07-14 22:31:02,678][WARN]:  KiCad PCB Board Reader: Unsupported keyword: 'units' of parentNode 'footprint' at line: 60462
[2026-07-14 22:31:02,678][WARN]:  KiCad PCB Board Reader: Unsupported keyword: 'duplicate_pad_numbers_are_jumpers' of parentNode 'footprint' at line: 60469
[2026-07-14 22:31:02,678][WARN]:  KiCad PCB Board Reader: Unsupported keyword: 'units' of parentNode 'footprint' at line: 61164
[2026-07-14 22:31:02,678][WARN]:  KiCad PCB Board Reader: Unsupported keyword: 'duplicate_pad_numbers_are_jumpers' of parentNode 'footprint' at line: 61171
[2026-07-14 22:31:02,678][WARN]:  KiCad PCB Board Reader: Unsupported keyword: 'units' of parentNode 'footprint' at line: 61350
[2026-07-14 22:31:02,678][WARN]:  KiCad PCB Board Reader: Unsupported keyword: 'duplicate_pad_numbers_are_jumpers' of parentNode 'footprint' at line: 61357
[2026-07-14 22:31:02,678][WARN]:  KiCad PCB Board Reader: Unsupported keyword: 'units' of parentNode 'footprint' at line: 61459
[2026-07-14 22:31:02,678][WARN]:  KiCad PCB Board Reader: Unsupported keyword: 'duplicate_pad_numbers_are_jumpers' of parentNode 'footprint' at line: 61466
[2026-07-14 22:31:02,678][WARN]:  KiCad PCB Board Reader: Unsupported keyword: 'units' of parentNode 'footprint' at line: 62070
[2026-07-14 22:31:02,678][WARN]:  KiCad PCB Board Reader: Unsupported keyword: 'duplicate_pad_numbers_are_jumpers' of parentNode 'footprint' at line: 62077
[2026-07-14 22:31:02,678][WARN]:  KiCad PCB Board Reader: Unsupported keyword: 'units' of parentNode 'footprint' at line: 62325
[2026-07-14 22:31:02,678][WARN]:  KiCad PCB Board Reader: Unsupported keyword: 'duplicate_pad_numbers_are_jumpers' of parentNode 'footprint' at line: 62332
[2026-07-14 22:31:02,678][WARN]:  KiCad PCB Board Reader: Unsupported keyword: 'units' of parentNode 'footprint' at line: 62616
[2026-07-14 22:31:02,678][WARN]:  KiCad PCB Board Reader: Unsupported keyword: 'duplicate_pad_numbers_are_jumpers' of parentNode 'footprint' at line: 62623
[2026-07-14 22:31:02,679][WARN]:  KiCad PCB Board Reader: Unsupported keyword: 'locked' of parentNode 'gr_text' at line: 63072
[2026-07-14 22:31:02,680][WARN]:  KiCad PCB Board Reader: Unsupported keyword: 'capping' of parentNode 'via' at line: 63505
[2026-07-14 22:31:02,680][WARN]:  KiCad PCB Board Reader: Unsupported keyword: 'covering' of parentNode 'via' at line: 63506
[2026-07-14 22:31:02,680][WARN]:  KiCad PCB Board Reader: Unsupported keyword: 'plugging' of parentNode 'via' at line: 63510
[2026-07-14 22:31:02,680][WARN]:  KiCad PCB Board Reader: Unsupported keyword: 'filling' of parentNode 'via' at line: 63514
[2026-07-14 22:31:02,680][WARN]:  KiCad PCB Board Reader: Unsupported keyword: 'capping' of parentNode 'via' at line: 63842
[2026-07-14 22:31:02,680][WARN]:  KiCad PCB Board Reader: Unsupported keyword: 'covering' of parentNode 'via' at line: 63843
[2026-07-14 22:31:02,680][WARN]:  KiCad PCB Board Reader: Unsupported keyword: 'plugging' of parentNode 'via' at line: 63847
[2026-07-14 22:31:02,680][WARN]:  KiCad PCB Board Reader: Unsupported keyword: 'filling' of parentNode 'via' at line: 63851
[2026-07-14 22:31:02,680][WARN]:  KiCad PCB Board Reader: Unsupported keyword: 'capping' of parentNode 'via' at line: 64070
[2026-07-14 22:31:02,680][WARN]:  KiCad PCB Board Reader: Unsupported keyword: 'covering' of parentNode 'via' at line: 64071
[2026-07-14 22:31:02,680][WARN]:  KiCad PCB Board Reader: Unsupported keyword: 'plugging' of parentNode 'via' at line: 64075
[2026-07-14 22:31:02,680][WARN]:  KiCad PCB Board Reader: Unsupported keyword: 'filling' of parentNode 'via' at line: 64079
[2026-07-14 22:31:02,681][WARN]:  KiCad PCB Board Reader: Unsupported keyword: 'capping' of parentNode 'via' at line: 64546
[2026-07-14 22:31:02,681][WARN]:  KiCad PCB Board Reader: Unsupported keyword: 'covering' of parentNode 'via' at line: 64547
[2026-07-14 22:31:02,681][WARN]:  KiCad PCB Board Reader: Unsupported keyword: 'plugging' of parentNode 'via' at line: 64551
[2026-07-14 22:31:02,681][WARN]:  KiCad PCB Board Reader: Unsupported keyword: 'filling' of parentNode 'via' at line: 64555
[2026-07-14 22:31:02,681][WARN]:  KiCad PCB Board Reader: Unsupported keyword: 'capping' of parentNode 'via' at line: 64725
[2026-07-14 22:31:02,681][WARN]:  KiCad PCB Board Reader: Unsupported keyword: 'covering' of parentNode 'via' at line: 64726
[2026-07-14 22:31:02,681][WARN]:  KiCad PCB Board Reader: Unsupported keyword: 'plugging' of parentNode 'via' at line: 64730
[2026-07-14 22:31:02,681][WARN]:  KiCad PCB Board Reader: Unsupported keyword: 'filling' of parentNode 'via' at line: 64734
[2026-07-14 22:31:02,681][WARN]:  KiCad PCB Board Reader: Unsupported keyword: 'capping' of parentNode 'via' at line: 64744
[2026-07-14 22:31:02,681][WARN]:  KiCad PCB Board Reader: Unsupported keyword: 'covering' of parentNode 'via' at line: 64745
[2026-07-14 22:31:02,681][WARN]:  KiCad PCB Board Reader: Unsupported keyword: 'plugging' of parentNode 'via' at line: 64749
[2026-07-14 22:31:02,681][WARN]:  KiCad PCB Board Reader: Unsupported keyword: 'filling' of parentNode 'via' at line: 64753
[2026-07-14 22:31:02,681][WARN]:  KiCad PCB Board Reader: Unsupported keyword: 'capping' of parentNode 'via' at line: 64813
[2026-07-14 22:31:02,681][WARN]:  KiCad PCB Board Reader: Unsupported keyword: 'covering' of parentNode 'via' at line: 64814
[2026-07-14 22:31:02,681][WARN]:  KiCad PCB Board Reader: Unsupported keyword: 'plugging' of parentNode 'via' at line: 64818
[2026-07-14 22:31:02,681][WARN]:  KiCad PCB Board Reader: Unsupported keyword: 'filling' of parentNode 'via' at line: 64822
[2026-07-14 22:31:02,681][WARN]:  KiCad PCB Board Reader: Unsupported keyword: 'capping' of parentNode 'via' at line: 64931
[2026-07-14 22:31:02,681][WARN]:  KiCad PCB Board Reader: Unsupported keyword: 'covering' of parentNode 'via' at line: 64932
[2026-07-14 22:31:02,681][WARN]:  KiCad PCB Board Reader: Unsupported keyword: 'plugging' of parentNode 'via' at line: 64936
[2026-07-14 22:31:02,681][WARN]:  KiCad PCB Board Reader: Unsupported keyword: 'filling' of parentNode 'via' at line: 64940
[2026-07-14 22:31:02,681][WARN]:  KiCad PCB Board Reader: Unsupported keyword: 'capping' of parentNode 'via' at line: 65020
[2026-07-14 22:31:02,681][WARN]:  KiCad PCB Board Reader: Unsupported keyword: 'covering' of parentNode 'via' at line: 65021
[2026-07-14 22:31:02,681][WARN]:  KiCad PCB Board Reader: Unsupported keyword: 'plugging' of parentNode 'via' at line: 65025
[2026-07-14 22:31:02,681][WARN]:  KiCad PCB Board Reader: Unsupported keyword: 'filling' of parentNode 'via' at line: 65029
[2026-07-14 22:31:02,681][WARN]:  KiCad PCB Board Reader: Unsupported keyword: 'capping' of parentNode 'via' at line: 65435
[2026-07-14 22:31:02,681][WARN]:  KiCad PCB Board Reader: Unsupported keyword: 'covering' of parentNode 'via' at line: 65436
[2026-07-14 22:31:02,681][WARN]:  KiCad PCB Board Reader: Unsupported keyword: 'plugging' of parentNode 'via' at line: 65440
[2026-07-14 22:31:02,681][WARN]:  KiCad PCB Board Reader: Unsupported keyword: 'filling' of parentNode 'via' at line: 65444
[2026-07-14 22:31:02,681][WARN]:  KiCad PCB Board Reader: Unsupported keyword: 'capping' of parentNode 'via' at line: 65523
[2026-07-14 22:31:02,681][WARN]:  KiCad PCB Board Reader: Unsupported keyword: 'covering' of parentNode 'via' at line: 65524
[2026-07-14 22:31:02,681][WARN]:  KiCad PCB Board Reader: Unsupported keyword: 'plugging' of parentNode 'via' at line: 65528
[2026-07-14 22:31:02,681][WARN]:  KiCad PCB Board Reader: Unsupported keyword: 'filling' of parentNode 'via' at line: 65532
[2026-07-14 22:31:02,682][WARN]:  KiCad PCB Board Reader: Unsupported keyword: 'capping' of parentNode 'via' at line: 65800
[2026-07-14 22:31:02,682][WARN]:  KiCad PCB Board Reader: Unsupported keyword: 'covering' of parentNode 'via' at line: 65801
[2026-07-14 22:31:02,682][WARN]:  KiCad PCB Board Reader: Unsupported keyword: 'plugging' of parentNode 'via' at line: 65805
[2026-07-14 22:31:02,682][WARN]:  KiCad PCB Board Reader: Unsupported keyword: 'filling' of parentNode 'via' at line: 65809
[2026-07-14 22:31:02,682][WARN]:  KiCad PCB Board Reader: Unsupported keyword: 'capping' of parentNode 'via' at line: 66058
[2026-07-14 22:31:02,682][WARN]:  KiCad PCB Board Reader: Unsupported keyword: 'covering' of parentNode 'via' at line: 66059
[2026-07-14 22:31:02,682][WARN]:  KiCad PCB Board Reader: Unsupported keyword: 'plugging' of parentNode 'via' at line: 66063
[2026-07-14 22:31:02,682][WARN]:  KiCad PCB Board Reader: Unsupported keyword: 'filling' of parentNode 'via' at line: 66067
[2026-07-14 22:31:02,682][WARN]:  KiCad PCB Board Reader: Unsupported keyword: 'capping' of parentNode 'via' at line: 66406
[2026-07-14 22:31:02,682][WARN]:  KiCad PCB Board Reader: Unsupported keyword: 'covering' of parentNode 'via' at line: 66407
[2026-07-14 22:31:02,682][WARN]:  KiCad PCB Board Reader: Unsupported keyword: 'plugging' of parentNode 'via' at line: 66411
[2026-07-14 22:31:02,682][WARN]:  KiCad PCB Board Reader: Unsupported keyword: 'filling' of parentNode 'via' at line: 66415
[2026-07-14 22:31:02,682][WARN]:  KiCad PCB Board Reader: Unsupported keyword: 'capping' of parentNode 'via' at line: 66755
[2026-07-14 22:31:02,682][WARN]:  KiCad PCB Board Reader: Unsupported keyword: 'covering' of parentNode 'via' at line: 66756
[2026-07-14 22:31:02,682][WARN]:  KiCad PCB Board Reader: Unsupported keyword: 'plugging' of parentNode 'via' at line: 66760
[2026-07-14 22:31:02,682][WARN]:  KiCad PCB Board Reader: Unsupported keyword: 'filling' of parentNode 'via' at line: 66764
[2026-07-14 22:31:02,683][WARN]:  KiCad PCB Board Reader: Unsupported keyword: 'capping' of parentNode 'via' at line: 66932
[2026-07-14 22:31:02,683][WARN]:  KiCad PCB Board Reader: Unsupported keyword: 'covering' of parentNode 'via' at line: 66933
[2026-07-14 22:31:02,683][WARN]:  KiCad PCB Board Reader: Unsupported keyword: 'plugging' of parentNode 'via' at line: 66937
[2026-07-14 22:31:02,683][WARN]:  KiCad PCB Board Reader: Unsupported keyword: 'filling' of parentNode 'via' at line: 66941
[2026-07-14 22:31:02,683][WARN]:  KiCad PCB Board Reader: Unsupported keyword: 'capping' of parentNode 'via' at line: 67011
[2026-07-14 22:31:02,683][WARN]:  KiCad PCB Board Reader: Unsupported keyword: 'covering' of parentNode 'via' at line: 67012
[2026-07-14 22:31:02,683][WARN]:  KiCad PCB Board Reader: Unsupported keyword: 'plugging' of parentNode 'via' at line: 67016
[2026-07-14 22:31:02,683][WARN]:  KiCad PCB Board Reader: Unsupported keyword: 'filling' of parentNode 'via' at line: 67020
[2026-07-14 22:31:02,683][WARN]:  KiCad PCB Board Reader: Unsupported keyword: 'capping' of parentNode 'via' at line: 67549
[2026-07-14 22:31:02,683][WARN]:  KiCad PCB Board Reader: Unsupported keyword: 'covering' of parentNode 'via' at line: 67550
[2026-07-14 22:31:02,683][WARN]:  KiCad PCB Board Reader: Unsupported keyword: 'plugging' of parentNode 'via' at line: 67554
[2026-07-14 22:31:02,683][WARN]:  KiCad PCB Board Reader: Unsupported keyword: 'filling' of parentNode 'via' at line: 67558
[2026-07-14 22:31:02,684][WARN]:  KiCad PCB Board Reader: Unsupported keyword: 'capping' of parentNode 'via' at line: 69377
[2026-07-14 22:31:02,684][WARN]:  KiCad PCB Board Reader: Unsupported keyword: 'covering' of parentNode 'via' at line: 69378
[2026-07-14 22:31:02,684][WARN]:  KiCad PCB Board Reader: Unsupported keyword: 'plugging' of parentNode 'via' at line: 69382
[2026-07-14 22:31:02,684][WARN]:  KiCad PCB Board Reader: Unsupported keyword: 'filling' of parentNode 'via' at line: 69386
[2026-07-14 22:31:02,684][WARN]:  KiCad PCB Board Reader: Unsupported keyword: 'capping' of parentNode 'via' at line: 69396
[2026-07-14 22:31:02,684][WARN]:  KiCad PCB Board Reader: Unsupported keyword: 'covering' of parentNode 'via' at line: 69397
[2026-07-14 22:31:02,684][WARN]:  KiCad PCB Board Reader: Unsupported keyword: 'plugging' of parentNode 'via' at line: 69401
[2026-07-14 22:31:02,684][WARN]:  KiCad PCB Board Reader: Unsupported keyword: 'filling' of parentNode 'via' at line: 69405
[2026-07-14 22:31:02,684][WARN]:  KiCad PCB Board Reader: Unsupported keyword: 'capping' of parentNode 'via' at line: 69415
[2026-07-14 22:31:02,684][WARN]:  KiCad PCB Board Reader: Unsupported keyword: 'covering' of parentNode 'via' at line: 69416
[2026-07-14 22:31:02,684][WARN]:  KiCad PCB Board Reader: Unsupported keyword: 'plugging' of parentNode 'via' at line: 69420
[2026-07-14 22:31:02,684][WARN]:  KiCad PCB Board Reader: Unsupported keyword: 'filling' of parentNode 'via' at line: 69424
[2026-07-14 22:31:02,684][WARN]:  KiCad PCB Board Reader: Unsupported keyword: 'capping' of parentNode 'via' at line: 69434
[2026-07-14 22:31:02,684][WARN]:  KiCad PCB Board Reader: Unsupported keyword: 'covering' of parentNode 'via' at line: 69435
[2026-07-14 22:31:02,684][WARN]:  KiCad PCB Board Reader: Unsupported keyword: 'plugging' of parentNode 'via' at line: 69439
[2026-07-14 22:31:02,684][WARN]:  KiCad PCB Board Reader: Unsupported keyword: 'filling' of parentNode 'via' at line: 69443
[2026-07-14 22:31:02,684][WARN]:  KiCad PCB Board Reader: Unsupported keyword: 'capping' of parentNode 'via' at line: 69453
[2026-07-14 22:31:02,684][WARN]:  KiCad PCB Board Reader: Unsupported keyword: 'covering' of parentNode 'via' at line: 69454
[2026-07-14 22:31:02,684][WARN]:  KiCad PCB Board Reader: Unsupported keyword: 'plugging' of parentNode 'via' at line: 69458
[2026-07-14 22:31:02,684][WARN]:  KiCad PCB Board Reader: Unsupported keyword: 'filling' of parentNode 'via' at line: 69462
[2026-07-14 22:31:02,684][WARN]:  KiCad PCB Board Reader: Unsupported keyword: 'capping' of parentNode 'via' at line: 69472
[2026-07-14 22:31:02,684][WARN]:  KiCad PCB Board Reader: Unsupported keyword: 'covering' of parentNode 'via' at line: 69473
[2026-07-14 22:31:02,684][WARN]:  KiCad PCB Board Reader: Unsupported keyword: 'plugging' of parentNode 'via' at line: 69477
[2026-07-14 22:31:02,684][WARN]:  KiCad PCB Board Reader: Unsupported keyword: 'filling' of parentNode 'via' at line: 69481
[2026-07-14 22:31:02,684][WARN]:  KiCad PCB Board Reader: Unsupported keyword: 'capping' of parentNode 'via' at line: 69491
[2026-07-14 22:31:02,684][WARN]:  KiCad PCB Board Reader: Unsupported keyword: 'covering' of parentNode 'via' at line: 69492
[2026-07-14 22:31:02,684][WARN]:  KiCad PCB Board Reader: Unsupported keyword: 'plugging' of parentNode 'via' at line: 69496
[2026-07-14 22:31:02,684][WARN]:  KiCad PCB Board Reader: Unsupported keyword: 'filling' of parentNode 'via' at line: 69500
[2026-07-14 22:31:02,684][WARN]:  KiCad PCB Board Reader: Unsupported keyword: 'capping' of parentNode 'via' at line: 69510
[2026-07-14 22:31:02,684][WARN]:  KiCad PCB Board Reader: Unsupported keyword: 'covering' of parentNode 'via' at line: 69511
[2026-07-14 22:31:02,684][WARN]:  KiCad PCB Board Reader: Unsupported keyword: 'plugging' of parentNode 'via' at line: 69515
[2026-07-14 22:31:02,684][WARN]:  KiCad PCB Board Reader: Unsupported keyword: 'filling' of parentNode 'via' at line: 69519
[2026-07-14 22:31:02,684][WARN]:  KiCad PCB Board Reader: Unsupported keyword: 'capping' of parentNode 'via' at line: 69529
[2026-07-14 22:31:02,684][WARN]:  KiCad PCB Board Reader: Unsupported keyword: 'covering' of parentNode 'via' at line: 69530
[2026-07-14 22:31:02,684][WARN]:  KiCad PCB Board Reader: Unsupported keyword: 'plugging' of parentNode 'via' at line: 69534
[2026-07-14 22:31:02,684][WARN]:  KiCad PCB Board Reader: Unsupported keyword: 'filling' of parentNode 'via' at line: 69538
[2026-07-14 22:31:02,684][WARN]:  KiCad PCB Board Reader: Unsupported keyword: 'capping' of parentNode 'via' at line: 69548
[2026-07-14 22:31:02,684][WARN]:  KiCad PCB Board Reader: Unsupported keyword: 'covering' of parentNode 'via' at line: 69549
[2026-07-14 22:31:02,684][WARN]:  KiCad PCB Board Reader: Unsupported keyword: 'plugging' of parentNode 'via' at line: 69553
[2026-07-14 22:31:02,684][WARN]:  KiCad PCB Board Reader: Unsupported keyword: 'filling' of parentNode 'via' at line: 69557
[2026-07-14 22:31:02,684][WARN]:  KiCad PCB Board Reader: Unsupported keyword: 'capping' of parentNode 'via' at line: 69567
[2026-07-14 22:31:02,684][WARN]:  KiCad PCB Board Reader: Unsupported keyword: 'covering' of parentNode 'via' at line: 69568
[2026-07-14 22:31:02,684][WARN]:  KiCad PCB Board Reader: Unsupported keyword: 'plugging' of parentNode 'via' at line: 69572
[2026-07-14 22:31:02,684][WARN]:  KiCad PCB Board Reader: Unsupported keyword: 'filling' of parentNode 'via' at line: 69576
[2026-07-14 22:31:02,684][WARN]:  KiCad PCB Board Reader: Unsupported keyword: 'capping' of parentNode 'via' at line: 69586
[2026-07-14 22:31:02,684][WARN]:  KiCad PCB Board Reader: Unsupported keyword: 'covering' of parentNode 'via' at line: 69587
[2026-07-14 22:31:02,684][WARN]:  KiCad PCB Board Reader: Unsupported keyword: 'plugging' of parentNode 'via' at line: 69591
[2026-07-14 22:31:02,684][WARN]:  KiCad PCB Board Reader: Unsupported keyword: 'filling' of parentNode 'via' at line: 69595
[2026-07-14 22:31:02,684][WARN]:  KiCad PCB Board Reader: Unsupported keyword: 'capping' of parentNode 'via' at line: 69605
[2026-07-14 22:31:02,684][WARN]:  KiCad PCB Board Reader: Unsupported keyword: 'covering' of parentNode 'via' at line: 69606
[2026-07-14 22:31:02,684][WARN]:  KiCad PCB Board Reader: Unsupported keyword: 'plugging' of parentNode 'via' at line: 69610
[2026-07-14 22:31:02,684][WARN]:  KiCad PCB Board Reader: Unsupported keyword: 'filling' of parentNode 'via' at line: 69614
[2026-07-14 22:31:02,684][WARN]:  KiCad PCB Board Reader: Unsupported keyword: 'capping' of parentNode 'via' at line: 69624
[2026-07-14 22:31:02,684][WARN]:  KiCad PCB Board Reader: Unsupported keyword: 'covering' of parentNode 'via' at line: 69625
[2026-07-14 22:31:02,684][WARN]:  KiCad PCB Board Reader: Unsupported keyword: 'plugging' of parentNode 'via' at line: 69629
[2026-07-14 22:31:02,684][WARN]:  KiCad PCB Board Reader: Unsupported keyword: 'filling' of parentNode 'via' at line: 69633
[2026-07-14 22:31:02,684][WARN]:  KiCad PCB Board Reader: Unsupported keyword: 'capping' of parentNode 'via' at line: 69643
[2026-07-14 22:31:02,684][WARN]:  KiCad PCB Board Reader: Unsupported keyword: 'covering' of parentNode 'via' at line: 69644
[2026-07-14 22:31:02,684][WARN]:  KiCad PCB Board Reader: Unsupported keyword: 'plugging' of parentNode 'via' at line: 69648
[2026-07-14 22:31:02,684][WARN]:  KiCad PCB Board Reader: Unsupported keyword: 'filling' of parentNode 'via' at line: 69652
[2026-07-14 22:31:02,684][WARN]:  KiCad PCB Board Reader: Unsupported keyword: 'capping' of parentNode 'via' at line: 69662
[2026-07-14 22:31:02,684][WARN]:  KiCad PCB Board Reader: Unsupported keyword: 'covering' of parentNode 'via' at line: 69663
[2026-07-14 22:31:02,684][WARN]:  KiCad PCB Board Reader: Unsupported keyword: 'plugging' of parentNode 'via' at line: 69667
[2026-07-14 22:31:02,684][WARN]:  KiCad PCB Board Reader: Unsupported keyword: 'filling' of parentNode 'via' at line: 69671
[2026-07-14 22:31:02,684][WARN]:  KiCad PCB Board Reader: Unsupported keyword: 'capping' of parentNode 'via' at line: 69681
[2026-07-14 22:31:02,684][WARN]:  KiCad PCB Board Reader: Unsupported keyword: 'covering' of parentNode 'via' at line: 69682
[2026-07-14 22:31:02,684][WARN]:  KiCad PCB Board Reader: Unsupported keyword: 'plugging' of parentNode 'via' at line: 69686
[2026-07-14 22:31:02,684][WARN]:  KiCad PCB Board Reader: Unsupported keyword: 'filling' of parentNode 'via' at line: 69690
[2026-07-14 22:31:02,684][WARN]:  KiCad PCB Board Reader: Unsupported keyword: 'capping' of parentNode 'via' at line: 69700
[2026-07-14 22:31:02,684][WARN]:  KiCad PCB Board Reader: Unsupported keyword: 'covering' of parentNode 'via' at line: 69701
[2026-07-14 22:31:02,684][WARN]:  KiCad PCB Board Reader: Unsupported keyword: 'plugging' of parentNode 'via' at line: 69705
[2026-07-14 22:31:02,684][WARN]:  KiCad PCB Board Reader: Unsupported keyword: 'filling' of parentNode 'via' at line: 69709
[2026-07-14 22:31:02,684][WARN]:  KiCad PCB Board Reader: Unsupported keyword: 'capping' of parentNode 'via' at line: 69719
[2026-07-14 22:31:02,684][WARN]:  KiCad PCB Board Reader: Unsupported keyword: 'covering' of parentNode 'via' at line: 69720
[2026-07-14 22:31:02,684][WARN]:  KiCad PCB Board Reader: Unsupported keyword: 'plugging' of parentNode 'via' at line: 69724
[2026-07-14 22:31:02,684][WARN]:  KiCad PCB Board Reader: Unsupported keyword: 'filling' of parentNode 'via' at line: 69728
[2026-07-14 22:31:02,684][WARN]:  KiCad PCB Board Reader: Unsupported keyword: 'capping' of parentNode 'via' at line: 69738
[2026-07-14 22:31:02,684][WARN]:  KiCad PCB Board Reader: Unsupported keyword: 'covering' of parentNode 'via' at line: 69739
[2026-07-14 22:31:02,686][WARN]:  KiCad PCB Board Reader: Unsupported keyword: 'plugging' of parentNode 'via' at line: 69743
[2026-07-14 22:31:02,686][WARN]:  KiCad PCB Board Reader: Unsupported keyword: 'filling' of parentNode 'via' at line: 69747
[2026-07-14 22:31:02,686][WARN]:  KiCad PCB Board Reader: Unsupported keyword: 'capping' of parentNode 'via' at line: 69757
[2026-07-14 22:31:02,686][WARN]:  KiCad PCB Board Reader: Unsupported keyword: 'covering' of parentNode 'via' at line: 69758
[2026-07-14 22:31:02,686][WARN]:  KiCad PCB Board Reader: Unsupported keyword: 'plugging' of parentNode 'via' at line: 69762
[2026-07-14 22:31:02,686][WARN]:  KiCad PCB Board Reader: Unsupported keyword: 'filling' of parentNode 'via' at line: 69766
[2026-07-14 22:31:02,686][WARN]:  KiCad PCB Board Reader: Unsupported keyword: 'capping' of parentNode 'via' at line: 69776
[2026-07-14 22:31:02,686][WARN]:  KiCad PCB Board Reader: Unsupported keyword: 'covering' of parentNode 'via' at line: 69777
[2026-07-14 22:31:02,686][WARN]:  KiCad PCB Board Reader: Unsupported keyword: 'plugging' of parentNode 'via' at line: 69781
[2026-07-14 22:31:02,686][WARN]:  KiCad PCB Board Reader: Unsupported keyword: 'filling' of parentNode 'via' at line: 69785
[2026-07-14 22:31:02,686][WARN]:  KiCad PCB Board Reader: Unsupported keyword: 'capping' of parentNode 'via' at line: 69795
[2026-07-14 22:31:02,686][WARN]:  KiCad PCB Board Reader: Unsupported keyword: 'covering' of parentNode 'via' at line: 69796
[2026-07-14 22:31:02,686][WARN]:  KiCad PCB Board Reader: Unsupported keyword: 'plugging' of parentNode 'via' at line: 69800
[2026-07-14 22:31:02,686][WARN]:  KiCad PCB Board Reader: Unsupported keyword: 'filling' of parentNode 'via' at line: 69804
[2026-07-14 22:31:02,686][WARN]:  KiCad PCB Board Reader: Unsupported keyword: 'capping' of parentNode 'via' at line: 69814
[2026-07-14 22:31:02,686][WARN]:  KiCad PCB Board Reader: Unsupported keyword: 'covering' of parentNode 'via' at line: 69815
[2026-07-14 22:31:02,686][WARN]:  KiCad PCB Board Reader: Unsupported keyword: 'plugging' of parentNode 'via' at line: 69819
[2026-07-14 22:31:02,686][WARN]:  KiCad PCB Board Reader: Unsupported keyword: 'filling' of parentNode 'via' at line: 69823
[2026-07-14 22:31:02,686][WARN]:  KiCad PCB Board Reader: Unsupported keyword: 'capping' of parentNode 'via' at line: 69833
[2026-07-14 22:31:02,686][WARN]:  KiCad PCB Board Reader: Unsupported keyword: 'covering' of parentNode 'via' at line: 69834
[2026-07-14 22:31:02,686][WARN]:  KiCad PCB Board Reader: Unsupported keyword: 'plugging' of parentNode 'via' at line: 69838
[2026-07-14 22:31:02,686][WARN]:  KiCad PCB Board Reader: Unsupported keyword: 'filling' of parentNode 'via' at line: 69842
[2026-07-14 22:31:02,686][WARN]:  KiCad PCB Board Reader: Unsupported keyword: 'capping' of parentNode 'via' at line: 69852
[2026-07-14 22:31:02,686][WARN]:  KiCad PCB Board Reader: Unsupported keyword: 'covering' of parentNode 'via' at line: 69853
[2026-07-14 22:31:02,686][WARN]:  KiCad PCB Board Reader: Unsupported keyword: 'plugging' of parentNode 'via' at line: 69857
[2026-07-14 22:31:02,686][WARN]:  KiCad PCB Board Reader: Unsupported keyword: 'filling' of parentNode 'via' at line: 69861
[2026-07-14 22:31:02,686][WARN]:  KiCad PCB Board Reader: Unsupported keyword: 'capping' of parentNode 'via' at line: 69871
[2026-07-14 22:31:02,686][WARN]:  KiCad PCB Board Reader: Unsupported keyword: 'covering' of parentNode 'via' at line: 69872
[2026-07-14 22:31:02,686][WARN]:  KiCad PCB Board Reader: Unsupported keyword: 'plugging' of parentNode 'via' at line: 69876
[2026-07-14 22:31:02,686][WARN]:  KiCad PCB Board Reader: Unsupported keyword: 'filling' of parentNode 'via' at line: 69880
[2026-07-14 22:31:02,686][WARN]:  KiCad PCB Board Reader: Unsupported keyword: 'capping' of parentNode 'via' at line: 69890
[2026-07-14 22:31:02,686][WARN]:  KiCad PCB Board Reader: Unsupported keyword: 'covering' of parentNode 'via' at line: 69891
[2026-07-14 22:31:02,686][WARN]:  KiCad PCB Board Reader: Unsupported keyword: 'plugging' of parentNode 'via' at line: 69895
[2026-07-14 22:31:02,686][WARN]:  KiCad PCB Board Reader: Unsupported keyword: 'filling' of parentNode 'via' at line: 69899
[2026-07-14 22:31:02,686][WARN]:  KiCad PCB Board Reader: Unsupported keyword: 'capping' of parentNode 'via' at line: 69909
[2026-07-14 22:31:02,686][WARN]:  KiCad PCB Board Reader: Unsupported keyword: 'covering' of parentNode 'via' at line: 69910
[2026-07-14 22:31:02,686][WARN]:  KiCad PCB Board Reader: Unsupported keyword: 'plugging' of parentNode 'via' at line: 69914
[2026-07-14 22:31:02,686][WARN]:  KiCad PCB Board Reader: Unsupported keyword: 'filling' of parentNode 'via' at line: 69918
[2026-07-14 22:31:02,686][WARN]:  KiCad PCB Board Reader: Unsupported keyword: 'capping' of parentNode 'via' at line: 69928
[2026-07-14 22:31:02,686][WARN]:  KiCad PCB Board Reader: Unsupported keyword: 'covering' of parentNode 'via' at line: 69929
[2026-07-14 22:31:02,686][WARN]:  KiCad PCB Board Reader: Unsupported keyword: 'plugging' of parentNode 'via' at line: 69933
[2026-07-14 22:31:02,686][WARN]:  KiCad PCB Board Reader: Unsupported keyword: 'filling' of parentNode 'via' at line: 69937
[2026-07-14 22:31:02,686][WARN]:  KiCad PCB Board Reader: Unsupported keyword: 'capping' of parentNode 'via' at line: 69947
[2026-07-14 22:31:02,686][WARN]:  KiCad PCB Board Reader: Unsupported keyword: 'covering' of parentNode 'via' at line: 69948
[2026-07-14 22:31:02,686][WARN]:  KiCad PCB Board Reader: Unsupported keyword: 'plugging' of parentNode 'via' at line: 69952
[2026-07-14 22:31:02,686][WARN]:  KiCad PCB Board Reader: Unsupported keyword: 'filling' of parentNode 'via' at line: 69956
[2026-07-14 22:31:02,686][WARN]:  KiCad PCB Board Reader: Unsupported keyword: 'capping' of parentNode 'via' at line: 69966
[2026-07-14 22:31:02,686][WARN]:  KiCad PCB Board Reader: Unsupported keyword: 'covering' of parentNode 'via' at line: 69967
[2026-07-14 22:31:02,686][WARN]:  KiCad PCB Board Reader: Unsupported keyword: 'plugging' of parentNode 'via' at line: 69971
[2026-07-14 22:31:02,686][WARN]:  KiCad PCB Board Reader: Unsupported keyword: 'filling' of parentNode 'via' at line: 69975
[2026-07-14 22:31:02,686][WARN]:  KiCad PCB Board Reader: Unsupported keyword: 'capping' of parentNode 'via' at line: 69985
[2026-07-14 22:31:02,686][WARN]:  KiCad PCB Board Reader: Unsupported keyword: 'covering' of parentNode 'via' at line: 69986
[2026-07-14 22:31:02,686][WARN]:  KiCad PCB Board Reader: Unsupported keyword: 'plugging' of parentNode 'via' at line: 69990
[2026-07-14 22:31:02,686][WARN]:  KiCad PCB Board Reader: Unsupported keyword: 'filling' of parentNode 'via' at line: 69994
[2026-07-14 22:31:02,687][WARN]:  KiCad PCB Board Reader: Unsupported keyword: 'capping' of parentNode 'via' at line: 71246
[2026-07-14 22:31:02,687][WARN]:  KiCad PCB Board Reader: Unsupported keyword: 'covering' of parentNode 'via' at line: 71247
[2026-07-14 22:31:02,687][WARN]:  KiCad PCB Board Reader: Unsupported keyword: 'plugging' of parentNode 'via' at line: 71251
[2026-07-14 22:31:02,687][WARN]:  KiCad PCB Board Reader: Unsupported keyword: 'filling' of parentNode 'via' at line: 71255
[2026-07-14 22:31:02,687][WARN]:  KiCad PCB Board Reader: Unsupported keyword: 'capping' of parentNode 'via' at line: 71265
[2026-07-14 22:31:02,687][WARN]:  KiCad PCB Board Reader: Unsupported keyword: 'covering' of parentNode 'via' at line: 71266
[2026-07-14 22:31:02,687][WARN]:  KiCad PCB Board Reader: Unsupported keyword: 'plugging' of parentNode 'via' at line: 71270
[2026-07-14 22:31:02,687][WARN]:  KiCad PCB Board Reader: Unsupported keyword: 'filling' of parentNode 'via' at line: 71274
[2026-07-14 22:31:02,687][WARN]:  KiCad PCB Board Reader: Unsupported keyword: 'capping' of parentNode 'via' at line: 71571
[2026-07-14 22:31:02,687][WARN]:  KiCad PCB Board Reader: Unsupported keyword: 'covering' of parentNode 'via' at line: 71572
[2026-07-14 22:31:02,687][WARN]:  KiCad PCB Board Reader: Unsupported keyword: 'plugging' of parentNode 'via' at line: 71576
[2026-07-14 22:31:02,687][WARN]:  KiCad PCB Board Reader: Unsupported keyword: 'filling' of parentNode 'via' at line: 71580
[2026-07-14 22:31:02,687][WARN]:  KiCad PCB Board Reader: Unsupported keyword: 'capping' of parentNode 'via' at line: 71590
[2026-07-14 22:31:02,687][WARN]:  KiCad PCB Board Reader: Unsupported keyword: 'covering' of parentNode 'via' at line: 71591
[2026-07-14 22:31:02,687][WARN]:  KiCad PCB Board Reader: Unsupported keyword: 'plugging' of parentNode 'via' at line: 71595
[2026-07-14 22:31:02,687][WARN]:  KiCad PCB Board Reader: Unsupported keyword: 'filling' of parentNode 'via' at line: 71599
[2026-07-14 22:31:02,687][WARN]:  KiCad PCB Board Reader: Unsupported keyword: 'capping' of parentNode 'via' at line: 71609
[2026-07-14 22:31:02,687][WARN]:  KiCad PCB Board Reader: Unsupported keyword: 'covering' of parentNode 'via' at line: 71610
[2026-07-14 22:31:02,687][WARN]:  KiCad PCB Board Reader: Unsupported keyword: 'plugging' of parentNode 'via' at line: 71614
[2026-07-14 22:31:02,687][WARN]:  KiCad PCB Board Reader: Unsupported keyword: 'filling' of parentNode 'via' at line: 71618
[2026-07-14 22:31:02,687][WARN]:  KiCad PCB Board Reader: Unsupported keyword: 'capping' of parentNode 'via' at line: 71880
[2026-07-14 22:31:02,687][WARN]:  KiCad PCB Board Reader: Unsupported keyword: 'covering' of parentNode 'via' at line: 71881
[2026-07-14 22:31:02,687][WARN]:  KiCad PCB Board Reader: Unsupported keyword: 'plugging' of parentNode 'via' at line: 71885
[2026-07-14 22:31:02,687][WARN]:  KiCad PCB Board Reader: Unsupported keyword: 'filling' of parentNode 'via' at line: 71889
[2026-07-14 22:31:02,687][WARN]:  KiCad PCB Board Reader: Unsupported keyword: 'capping' of parentNode 'via' at line: 71899
[2026-07-14 22:31:02,687][WARN]:  KiCad PCB Board Reader: Unsupported keyword: 'covering' of parentNode 'via' at line: 71900
[2026-07-14 22:31:02,687][WARN]:  KiCad PCB Board Reader: Unsupported keyword: 'plugging' of parentNode 'via' at line: 71904
[2026-07-14 22:31:02,687][WARN]:  KiCad PCB Board Reader: Unsupported keyword: 'filling' of parentNode 'via' at line: 71908
[2026-07-14 22:31:02,687][WARN]:  KiCad PCB Board Reader: Unsupported keyword: 'capping' of parentNode 'via' at line: 71918
[2026-07-14 22:31:02,687][WARN]:  KiCad PCB Board Reader: Unsupported keyword: 'covering' of parentNode 'via' at line: 71919
[2026-07-14 22:31:02,687][WARN]:  KiCad PCB Board Reader: Unsupported keyword: 'plugging' of parentNode 'via' at line: 71923
[2026-07-14 22:31:02,687][WARN]:  KiCad PCB Board Reader: Unsupported keyword: 'filling' of parentNode 'via' at line: 71927
[2026-07-14 22:31:02,688][WARN]:  KiCad PCB Board Reader: Unsupported keyword: 'capping' of parentNode 'via' at line: 72279
[2026-07-14 22:31:02,688][WARN]:  KiCad PCB Board Reader: Unsupported keyword: 'covering' of parentNode 'via' at line: 72280
[2026-07-14 22:31:02,688][WARN]:  KiCad PCB Board Reader: Unsupported keyword: 'plugging' of parentNode 'via' at line: 72284
[2026-07-14 22:31:02,688][WARN]:  KiCad PCB Board Reader: Unsupported keyword: 'filling' of parentNode 'via' at line: 72288
[2026-07-14 22:31:02,688][WARN]:  KiCad PCB Board Reader: Unsupported keyword: 'capping' of parentNode 'via' at line: 72298
[2026-07-14 22:31:02,688][WARN]:  KiCad PCB Board Reader: Unsupported keyword: 'covering' of parentNode 'via' at line: 72299
[2026-07-14 22:31:02,688][WARN]:  KiCad PCB Board Reader: Unsupported keyword: 'plugging' of parentNode 'via' at line: 72303
[2026-07-14 22:31:02,688][WARN]:  KiCad PCB Board Reader: Unsupported keyword: 'filling' of parentNode 'via' at line: 72307
[2026-07-14 22:31:02,688][WARN]:  KiCad PCB Board Reader: Unsupported keyword: 'capping' of parentNode 'via' at line: 72504
[2026-07-14 22:31:02,688][WARN]:  KiCad PCB Board Reader: Unsupported keyword: 'covering' of parentNode 'via' at line: 72505
[2026-07-14 22:31:02,688][WARN]:  KiCad PCB Board Reader: Unsupported keyword: 'plugging' of parentNode 'via' at line: 72509
[2026-07-14 22:31:02,688][WARN]:  KiCad PCB Board Reader: Unsupported keyword: 'filling' of parentNode 'via' at line: 72513
[2026-07-14 22:31:02,688][WARN]:  KiCad PCB Board Reader: Unsupported keyword: 'capping' of parentNode 'via' at line: 72523
[2026-07-14 22:31:02,688][WARN]:  KiCad PCB Board Reader: Unsupported keyword: 'covering' of parentNode 'via' at line: 72524
[2026-07-14 22:31:02,688][WARN]:  KiCad PCB Board Reader: Unsupported keyword: 'plugging' of parentNode 'via' at line: 72528
[2026-07-14 22:31:02,688][WARN]:  KiCad PCB Board Reader: Unsupported keyword: 'filling' of parentNode 'via' at line: 72532
[2026-07-14 22:31:02,688][WARN]:  KiCad PCB Board Reader: Unsupported keyword: 'capping' of parentNode 'via' at line: 72884
[2026-07-14 22:31:02,688][WARN]:  KiCad PCB Board Reader: Unsupported keyword: 'covering' of parentNode 'via' at line: 72885
[2026-07-14 22:31:02,688][WARN]:  KiCad PCB Board Reader: Unsupported keyword: 'plugging' of parentNode 'via' at line: 72889
[2026-07-14 22:31:02,688][WARN]:  KiCad PCB Board Reader: Unsupported keyword: 'filling' of parentNode 'via' at line: 72893
[2026-07-14 22:31:02,689][WARN]:  KiCad PCB Board Reader: Unsupported keyword: 'capping' of parentNode 'via' at line: 73380
[2026-07-14 22:31:02,689][WARN]:  KiCad PCB Board Reader: Unsupported keyword: 'covering' of parentNode 'via' at line: 73381
[2026-07-14 22:31:02,689][WARN]:  KiCad PCB Board Reader: Unsupported keyword: 'plugging' of parentNode 'via' at line: 73385
[2026-07-14 22:31:02,689][WARN]:  KiCad PCB Board Reader: Unsupported keyword: 'filling' of parentNode 'via' at line: 73389
[2026-07-14 22:31:02,689][WARN]:  KiCad PCB Board Reader: Unsupported keyword: 'capping' of parentNode 'via' at line: 73561
[2026-07-14 22:31:02,689][WARN]:  KiCad PCB Board Reader: Unsupported keyword: 'covering' of parentNode 'via' at line: 73562
[2026-07-14 22:31:02,689][WARN]:  KiCad PCB Board Reader: Unsupported keyword: 'plugging' of parentNode 'via' at line: 73566
[2026-07-14 22:31:02,689][WARN]:  KiCad PCB Board Reader: Unsupported keyword: 'filling' of parentNode 'via' at line: 73570
[2026-07-14 22:31:02,689][WARN]:  KiCad PCB Board Reader: Unsupported keyword: 'capping' of parentNode 'via' at line: 73580
[2026-07-14 22:31:02,689][WARN]:  KiCad PCB Board Reader: Unsupported keyword: 'covering' of parentNode 'via' at line: 73581
[2026-07-14 22:31:02,689][WARN]:  KiCad PCB Board Reader: Unsupported keyword: 'plugging' of parentNode 'via' at line: 73585
[2026-07-14 22:31:02,689][WARN]:  KiCad PCB Board Reader: Unsupported keyword: 'filling' of parentNode 'via' at line: 73589
[2026-07-14 22:31:02,689][WARN]:  KiCad PCB Board Reader: Unsupported keyword: 'capping' of parentNode 'via' at line: 73671
[2026-07-14 22:31:02,689][WARN]:  KiCad PCB Board Reader: Unsupported keyword: 'covering' of parentNode 'via' at line: 73672
[2026-07-14 22:31:02,689][WARN]:  KiCad PCB Board Reader: Unsupported keyword: 'plugging' of parentNode 'via' at line: 73676
[2026-07-14 22:31:02,689][WARN]:  KiCad PCB Board Reader: Unsupported keyword: 'filling' of parentNode 'via' at line: 73680
[2026-07-14 22:31:02,689][WARN]:  KiCad PCB Board Reader: Unsupported keyword: 'capping' of parentNode 'via' at line: 73690
[2026-07-14 22:31:02,689][WARN]:  KiCad PCB Board Reader: Unsupported keyword: 'covering' of parentNode 'via' at line: 73691
[2026-07-14 22:31:02,689][WARN]:  KiCad PCB Board Reader: Unsupported keyword: 'plugging' of parentNode 'via' at line: 73695
[2026-07-14 22:31:02,689][WARN]:  KiCad PCB Board Reader: Unsupported keyword: 'filling' of parentNode 'via' at line: 73699
[2026-07-14 22:31:02,689][WARN]:  KiCad PCB Board Reader: Unsupported keyword: 'capping' of parentNode 'via' at line: 73976
[2026-07-14 22:31:02,689][WARN]:  KiCad PCB Board Reader: Unsupported keyword: 'covering' of parentNode 'via' at line: 73977
[2026-07-14 22:31:02,689][WARN]:  KiCad PCB Board Reader: Unsupported keyword: 'plugging' of parentNode 'via' at line: 73981
[2026-07-14 22:31:02,689][WARN]:  KiCad PCB Board Reader: Unsupported keyword: 'filling' of parentNode 'via' at line: 73985
[2026-07-14 22:31:02,690][WARN]:  KiCad PCB Board Reader: Unsupported keyword: 'capping' of parentNode 'via' at line: 74344
[2026-07-14 22:31:02,690][WARN]:  KiCad PCB Board Reader: Unsupported keyword: 'covering' of parentNode 'via' at line: 74345
[2026-07-14 22:31:02,690][WARN]:  KiCad PCB Board Reader: Unsupported keyword: 'plugging' of parentNode 'via' at line: 74349
[2026-07-14 22:31:02,690][WARN]:  KiCad PCB Board Reader: Unsupported keyword: 'filling' of parentNode 'via' at line: 74353
[2026-07-14 22:31:02,690][WARN]:  KiCad PCB Board Reader: Unsupported keyword: 'capping' of parentNode 'via' at line: 74363
[2026-07-14 22:31:02,690][WARN]:  KiCad PCB Board Reader: Unsupported keyword: 'covering' of parentNode 'via' at line: 74364
[2026-07-14 22:31:02,690][WARN]:  KiCad PCB Board Reader: Unsupported keyword: 'plugging' of parentNode 'via' at line: 74368
[2026-07-14 22:31:02,690][WARN]:  KiCad PCB Board Reader: Unsupported keyword: 'filling' of parentNode 'via' at line: 74372
[2026-07-14 22:31:02,690][WARN]:  KiCad PCB Board Reader: Unsupported keyword: 'capping' of parentNode 'via' at line: 74724
[2026-07-14 22:31:02,690][WARN]:  KiCad PCB Board Reader: Unsupported keyword: 'covering' of parentNode 'via' at line: 74725
[2026-07-14 22:31:02,690][WARN]:  KiCad PCB Board Reader: Unsupported keyword: 'plugging' of parentNode 'via' at line: 74729
[2026-07-14 22:31:02,690][WARN]:  KiCad PCB Board Reader: Unsupported keyword: 'filling' of parentNode 'via' at line: 74733
[2026-07-14 22:31:02,690][WARN]:  KiCad PCB Board Reader: Unsupported keyword: 'capping' of parentNode 'via' at line: 74833
[2026-07-14 22:31:02,690][WARN]:  KiCad PCB Board Reader: Unsupported keyword: 'covering' of parentNode 'via' at line: 74834
[2026-07-14 22:31:02,690][WARN]:  KiCad PCB Board Reader: Unsupported keyword: 'plugging' of parentNode 'via' at line: 74838
[2026-07-14 22:31:02,690][WARN]:  KiCad PCB Board Reader: Unsupported keyword: 'filling' of parentNode 'via' at line: 74842
[2026-07-14 22:31:02,690][WARN]:  KiCad PCB Board Reader: Unsupported keyword: 'capping' of parentNode 'via' at line: 74942
[2026-07-14 22:31:02,691][WARN]:  KiCad PCB Board Reader: Unsupported keyword: 'covering' of parentNode 'via' at line: 74943
[2026-07-14 22:31:02,691][WARN]:  KiCad PCB Board Reader: Unsupported keyword: 'plugging' of parentNode 'via' at line: 74947
[2026-07-14 22:31:02,691][WARN]:  KiCad PCB Board Reader: Unsupported keyword: 'filling' of parentNode 'via' at line: 74951
[2026-07-14 22:31:02,691][WARN]:  KiCad PCB Board Reader: Unsupported keyword: 'capping' of parentNode 'via' at line: 75051
[2026-07-14 22:31:02,691][WARN]:  KiCad PCB Board Reader: Unsupported keyword: 'covering' of parentNode 'via' at line: 75052
[2026-07-14 22:31:02,691][WARN]:  KiCad PCB Board Reader: Unsupported keyword: 'plugging' of parentNode 'via' at line: 75056
[2026-07-14 22:31:02,691][WARN]:  KiCad PCB Board Reader: Unsupported keyword: 'filling' of parentNode 'via' at line: 75060
[2026-07-14 22:31:02,691][WARN]:  KiCad PCB Board Reader: Unsupported keyword: 'capping' of parentNode 'via' at line: 75151
[2026-07-14 22:31:02,691][WARN]:  KiCad PCB Board Reader: Unsupported keyword: 'covering' of parentNode 'via' at line: 75152
[2026-07-14 22:31:02,691][WARN]:  KiCad PCB Board Reader: Unsupported keyword: 'plugging' of parentNode 'via' at line: 75156
[2026-07-14 22:31:02,691][WARN]:  KiCad PCB Board Reader: Unsupported keyword: 'filling' of parentNode 'via' at line: 75160
[2026-07-14 22:31:02,691][WARN]:  KiCad PCB Board Reader: Unsupported keyword: 'capping' of parentNode 'via' at line: 75458
[2026-07-14 22:31:02,691][WARN]:  KiCad PCB Board Reader: Unsupported keyword: 'covering' of parentNode 'via' at line: 75459
[2026-07-14 22:31:02,691][WARN]:  KiCad PCB Board Reader: Unsupported keyword: 'plugging' of parentNode 'via' at line: 75463
[2026-07-14 22:31:02,691][WARN]:  KiCad PCB Board Reader: Unsupported keyword: 'filling' of parentNode 'via' at line: 75467
[2026-07-14 22:31:02,691][WARN]:  KiCad PCB Board Reader: Unsupported keyword: 'capping' of parentNode 'via' at line: 75513
[2026-07-14 22:31:02,691][WARN]:  KiCad PCB Board Reader: Unsupported keyword: 'covering' of parentNode 'via' at line: 75514
[2026-07-14 22:31:02,691][WARN]:  KiCad PCB Board Reader: Unsupported keyword: 'plugging' of parentNode 'via' at line: 75518
[2026-07-14 22:31:02,691][WARN]:  KiCad PCB Board Reader: Unsupported keyword: 'filling' of parentNode 'via' at line: 75522
[2026-07-14 22:31:02,691][WARN]:  KiCad PCB Board Reader: Unsupported keyword: 'capping' of parentNode 'via' at line: 75577
[2026-07-14 22:31:02,691][WARN]:  KiCad PCB Board Reader: Unsupported keyword: 'covering' of parentNode 'via' at line: 75578
[2026-07-14 22:31:02,691][WARN]:  KiCad PCB Board Reader: Unsupported keyword: 'plugging' of parentNode 'via' at line: 75582
[2026-07-14 22:31:02,691][WARN]:  KiCad PCB Board Reader: Unsupported keyword: 'filling' of parentNode 'via' at line: 75586
[2026-07-14 22:31:02,691][WARN]:  KiCad PCB Board Reader: Unsupported keyword: 'capping' of parentNode 'via' at line: 75722
[2026-07-14 22:31:02,691][WARN]:  KiCad PCB Board Reader: Unsupported keyword: 'covering' of parentNode 'via' at line: 75723
[2026-07-14 22:31:02,691][WARN]:  KiCad PCB Board Reader: Unsupported keyword: 'plugging' of parentNode 'via' at line: 75727
[2026-07-14 22:31:02,691][WARN]:  KiCad PCB Board Reader: Unsupported keyword: 'filling' of parentNode 'via' at line: 75731
[2026-07-14 22:31:02,691][WARN]:  KiCad PCB Board Reader: Unsupported keyword: 'capping' of parentNode 'via' at line: 75858
[2026-07-14 22:31:02,691][WARN]:  KiCad PCB Board Reader: Unsupported keyword: 'covering' of parentNode 'via' at line: 75859
[2026-07-14 22:31:02,691][WARN]:  KiCad PCB Board Reader: Unsupported keyword: 'plugging' of parentNode 'via' at line: 75863
[2026-07-14 22:31:02,691][WARN]:  KiCad PCB Board Reader: Unsupported keyword: 'filling' of parentNode 'via' at line: 75867
[2026-07-14 22:31:02,692][WARN]:  KiCad PCB Board Reader: Unsupported keyword: 'capping' of parentNode 'via' at line: 76003
[2026-07-14 22:31:02,692][WARN]:  KiCad PCB Board Reader: Unsupported keyword: 'covering' of parentNode 'via' at line: 76004
[2026-07-14 22:31:02,692][WARN]:  KiCad PCB Board Reader: Unsupported keyword: 'plugging' of parentNode 'via' at line: 76008
[2026-07-14 22:31:02,692][WARN]:  KiCad PCB Board Reader: Unsupported keyword: 'filling' of parentNode 'via' at line: 76012
[2026-07-14 22:31:02,692][WARN]:  KiCad PCB Board Reader: Unsupported keyword: 'capping' of parentNode 'via' at line: 76130
[2026-07-14 22:31:02,692][WARN]:  KiCad PCB Board Reader: Unsupported keyword: 'covering' of parentNode 'via' at line: 76131
[2026-07-14 22:31:02,692][WARN]:  KiCad PCB Board Reader: Unsupported keyword: 'plugging' of parentNode 'via' at line: 76135
[2026-07-14 22:31:02,692][WARN]:  KiCad PCB Board Reader: Unsupported keyword: 'filling' of parentNode 'via' at line: 76139
[2026-07-14 22:31:02,692][WARN]:  KiCad PCB Board Reader: Unsupported keyword: 'capping' of parentNode 'via' at line: 76320
[2026-07-14 22:31:02,692][WARN]:  KiCad PCB Board Reader: Unsupported keyword: 'covering' of parentNode 'via' at line: 76321
[2026-07-14 22:31:02,692][WARN]:  KiCad PCB Board Reader: Unsupported keyword: 'plugging' of parentNode 'via' at line: 76325
[2026-07-14 22:31:02,692][WARN]:  KiCad PCB Board Reader: Unsupported keyword: 'filling' of parentNode 'via' at line: 76329
[2026-07-14 22:31:02,692][WARN]:  KiCad PCB Board Reader: Unsupported keyword: 'capping' of parentNode 'via' at line: 76975
[2026-07-14 22:31:02,692][WARN]:  KiCad PCB Board Reader: Unsupported keyword: 'covering' of parentNode 'via' at line: 76976
[2026-07-14 22:31:02,692][WARN]:  KiCad PCB Board Reader: Unsupported keyword: 'plugging' of parentNode 'via' at line: 76980
[2026-07-14 22:31:02,692][WARN]:  KiCad PCB Board Reader: Unsupported keyword: 'filling' of parentNode 'via' at line: 76984
[2026-07-14 22:31:02,692][WARN]:  KiCad PCB Board Reader: Unsupported keyword: 'capping' of parentNode 'via' at line: 76994
[2026-07-14 22:31:02,692][WARN]:  KiCad PCB Board Reader: Unsupported keyword: 'covering' of parentNode 'via' at line: 76995
[2026-07-14 22:31:02,692][WARN]:  KiCad PCB Board Reader: Unsupported keyword: 'plugging' of parentNode 'via' at line: 76999
[2026-07-14 22:31:02,692][WARN]:  KiCad PCB Board Reader: Unsupported keyword: 'filling' of parentNode 'via' at line: 77003
[2026-07-14 22:31:02,693][WARN]:  KiCad PCB Board Reader: Unsupported keyword: 'capping' of parentNode 'via' at line: 77328
[2026-07-14 22:31:02,693][WARN]:  KiCad PCB Board Reader: Unsupported keyword: 'covering' of parentNode 'via' at line: 77329
[2026-07-14 22:31:02,693][WARN]:  KiCad PCB Board Reader: Unsupported keyword: 'plugging' of parentNode 'via' at line: 77333
[2026-07-14 22:31:02,693][WARN]:  KiCad PCB Board Reader: Unsupported keyword: 'filling' of parentNode 'via' at line: 77337
[2026-07-14 22:31:02,693][WARN]:  KiCad PCB Board Reader: Unsupported keyword: 'capping' of parentNode 'via' at line: 77347
[2026-07-14 22:31:02,693][WARN]:  KiCad PCB Board Reader: Unsupported keyword: 'covering' of parentNode 'via' at line: 77348
[2026-07-14 22:31:02,693][WARN]:  KiCad PCB Board Reader: Unsupported keyword: 'plugging' of parentNode 'via' at line: 77352
[2026-07-14 22:31:02,693][WARN]:  KiCad PCB Board Reader: Unsupported keyword: 'filling' of parentNode 'via' at line: 77356
[2026-07-14 22:31:02,693][WARN]:  KiCad PCB Board Reader: Unsupported keyword: 'capping' of parentNode 'via' at line: 77684
[2026-07-14 22:31:02,693][WARN]:  KiCad PCB Board Reader: Unsupported keyword: 'covering' of parentNode 'via' at line: 77685
[2026-07-14 22:31:02,693][WARN]:  KiCad PCB Board Reader: Unsupported keyword: 'plugging' of parentNode 'via' at line: 77689
[2026-07-14 22:31:02,693][WARN]:  KiCad PCB Board Reader: Unsupported keyword: 'filling' of parentNode 'via' at line: 77693
[2026-07-14 22:31:02,693][WARN]:  KiCad PCB Board Reader: Unsupported keyword: 'capping' of parentNode 'via' at line: 77703
[2026-07-14 22:31:02,693][WARN]:  KiCad PCB Board Reader: Unsupported keyword: 'covering' of parentNode 'via' at line: 77704
[2026-07-14 22:31:02,693][WARN]:  KiCad PCB Board Reader: Unsupported keyword: 'plugging' of parentNode 'via' at line: 77708
[2026-07-14 22:31:02,693][WARN]:  KiCad PCB Board Reader: Unsupported keyword: 'filling' of parentNode 'via' at line: 77712
[2026-07-14 22:31:02,693][WARN]:  KiCad PCB Board Reader: Unsupported keyword: 'capping' of parentNode 'via' at line: 77920
[2026-07-14 22:31:02,693][WARN]:  KiCad PCB Board Reader: Unsupported keyword: 'covering' of parentNode 'via' at line: 77921
[2026-07-14 22:31:02,693][WARN]:  KiCad PCB Board Reader: Unsupported keyword: 'plugging' of parentNode 'via' at line: 77925
[2026-07-14 22:31:02,693][WARN]:  KiCad PCB Board Reader: Unsupported keyword: 'filling' of parentNode 'via' at line: 77929
[2026-07-14 22:31:02,693][WARN]:  KiCad PCB Board Reader: Unsupported keyword: 'capping' of parentNode 'via' at line: 77939
[2026-07-14 22:31:02,693][WARN]:  KiCad PCB Board Reader: Unsupported keyword: 'covering' of parentNode 'via' at line: 77940
[2026-07-14 22:31:02,693][WARN]:  KiCad PCB Board Reader: Unsupported keyword: 'plugging' of parentNode 'via' at line: 77944
[2026-07-14 22:31:02,693][WARN]:  KiCad PCB Board Reader: Unsupported keyword: 'filling' of parentNode 'via' at line: 77948
[2026-07-14 22:31:02,694][WARN]:  KiCad PCB Board Reader: Unsupported keyword: 'capping' of parentNode 'via' at line: 78227
[2026-07-14 22:31:02,694][WARN]:  KiCad PCB Board Reader: Unsupported keyword: 'covering' of parentNode 'via' at line: 78228
[2026-07-14 22:31:02,694][WARN]:  KiCad PCB Board Reader: Unsupported keyword: 'plugging' of parentNode 'via' at line: 78232
[2026-07-14 22:31:02,694][WARN]:  KiCad PCB Board Reader: Unsupported keyword: 'filling' of parentNode 'via' at line: 78236
[2026-07-14 22:31:02,694][WARN]:  KiCad PCB Board Reader: Unsupported keyword: 'capping' of parentNode 'via' at line: 78246
[2026-07-14 22:31:02,694][WARN]:  KiCad PCB Board Reader: Unsupported keyword: 'covering' of parentNode 'via' at line: 78247
[2026-07-14 22:31:02,694][WARN]:  KiCad PCB Board Reader: Unsupported keyword: 'plugging' of parentNode 'via' at line: 78251
[2026-07-14 22:31:02,694][WARN]:  KiCad PCB Board Reader: Unsupported keyword: 'filling' of parentNode 'via' at line: 78255
[2026-07-14 22:31:02,694][WARN]:  KiCad PCB Board Reader: Unsupported keyword: 'capping' of parentNode 'via' at line: 78562
[2026-07-14 22:31:02,694][WARN]:  KiCad PCB Board Reader: Unsupported keyword: 'covering' of parentNode 'via' at line: 78563
[2026-07-14 22:31:02,694][WARN]:  KiCad PCB Board Reader: Unsupported keyword: 'plugging' of parentNode 'via' at line: 78567
[2026-07-14 22:31:02,694][WARN]:  KiCad PCB Board Reader: Unsupported keyword: 'filling' of parentNode 'via' at line: 78571
[2026-07-14 22:31:02,694][WARN]:  KiCad PCB Board Reader: Unsupported keyword: 'capping' of parentNode 'via' at line: 78581
[2026-07-14 22:31:02,694][WARN]:  KiCad PCB Board Reader: Unsupported keyword: 'covering' of parentNode 'via' at line: 78582
[2026-07-14 22:31:02,694][WARN]:  KiCad PCB Board Reader: Unsupported keyword: 'plugging' of parentNode 'via' at line: 78586
[2026-07-14 22:31:02,694][WARN]:  KiCad PCB Board Reader: Unsupported keyword: 'filling' of parentNode 'via' at line: 78590
[2026-07-14 22:31:02,694][WARN]:  KiCad PCB Board Reader: Unsupported keyword: 'capping' of parentNode 'via' at line: 78945
[2026-07-14 22:31:02,694][WARN]:  KiCad PCB Board Reader: Unsupported keyword: 'covering' of parentNode 'via' at line: 78946
[2026-07-14 22:31:02,694][WARN]:  KiCad PCB Board Reader: Unsupported keyword: 'plugging' of parentNode 'via' at line: 78950
[2026-07-14 22:31:02,694][WARN]:  KiCad PCB Board Reader: Unsupported keyword: 'filling' of parentNode 'via' at line: 78954
[2026-07-14 22:31:02,694][WARN]:  KiCad PCB Board Reader: Unsupported keyword: 'capping' of parentNode 'via' at line: 78963
[2026-07-14 22:31:02,694][WARN]:  KiCad PCB Board Reader: Unsupported keyword: 'covering' of parentNode 'via' at line: 78964
[2026-07-14 22:31:02,694][WARN]:  KiCad PCB Board Reader: Unsupported keyword: 'plugging' of parentNode 'via' at line: 78968
[2026-07-14 22:31:02,694][WARN]:  KiCad PCB Board Reader: Unsupported keyword: 'filling' of parentNode 'via' at line: 78972
[2026-07-14 22:31:02,695][WARN]:  KiCad PCB Board Reader: Unsupported keyword: 'capping' of parentNode 'via' at line: 79104
[2026-07-14 22:31:02,695][WARN]:  KiCad PCB Board Reader: Unsupported keyword: 'covering' of parentNode 'via' at line: 79105
[2026-07-14 22:31:02,695][WARN]:  KiCad PCB Board Reader: Unsupported keyword: 'plugging' of parentNode 'via' at line: 79109
[2026-07-14 22:31:02,695][WARN]:  KiCad PCB Board Reader: Unsupported keyword: 'filling' of parentNode 'via' at line: 79113
[2026-07-14 22:31:02,695][WARN]:  KiCad PCB Board Reader: Unsupported keyword: 'capping' of parentNode 'via' at line: 79123
[2026-07-14 22:31:02,695][WARN]:  KiCad PCB Board Reader: Unsupported keyword: 'covering' of parentNode 'via' at line: 79124
[2026-07-14 22:31:02,695][WARN]:  KiCad PCB Board Reader: Unsupported keyword: 'plugging' of parentNode 'via' at line: 79128
[2026-07-14 22:31:02,695][WARN]:  KiCad PCB Board Reader: Unsupported keyword: 'filling' of parentNode 'via' at line: 79132
[2026-07-14 22:31:02,695][WARN]:  KiCad PCB Board Reader: Unsupported keyword: 'capping' of parentNode 'via' at line: 79295
[2026-07-14 22:31:02,695][WARN]:  KiCad PCB Board Reader: Unsupported keyword: 'covering' of parentNode 'via' at line: 79296
[2026-07-14 22:31:02,695][WARN]:  KiCad PCB Board Reader: Unsupported keyword: 'plugging' of parentNode 'via' at line: 79300
[2026-07-14 22:31:02,695][WARN]:  KiCad PCB Board Reader: Unsupported keyword: 'filling' of parentNode 'via' at line: 79304
[2026-07-14 22:31:02,695][WARN]:  KiCad PCB Board Reader: Unsupported keyword: 'capping' of parentNode 'via' at line: 79314
[2026-07-14 22:31:02,695][WARN]:  KiCad PCB Board Reader: Unsupported keyword: 'covering' of parentNode 'via' at line: 79315
[2026-07-14 22:31:02,695][WARN]:  KiCad PCB Board Reader: Unsupported keyword: 'plugging' of parentNode 'via' at line: 79319
[2026-07-14 22:31:02,695][WARN]:  KiCad PCB Board Reader: Unsupported keyword: 'filling' of parentNode 'via' at line: 79323
[2026-07-14 22:31:02,695][WARN]:  KiCad PCB Board Reader: Unsupported keyword: 'capping' of parentNode 'via' at line: 79531
[2026-07-14 22:31:02,695][WARN]:  KiCad PCB Board Reader: Unsupported keyword: 'covering' of parentNode 'via' at line: 79532
[2026-07-14 22:31:02,695][WARN]:  KiCad PCB Board Reader: Unsupported keyword: 'plugging' of parentNode 'via' at line: 79536
[2026-07-14 22:31:02,695][WARN]:  KiCad PCB Board Reader: Unsupported keyword: 'filling' of parentNode 'via' at line: 79540
[2026-07-14 22:31:02,695][WARN]:  KiCad PCB Board Reader: Unsupported keyword: 'capping' of parentNode 'via' at line: 79550
[2026-07-14 22:31:02,695][WARN]:  KiCad PCB Board Reader: Unsupported keyword: 'covering' of parentNode 'via' at line: 79551
[2026-07-14 22:31:02,695][WARN]:  KiCad PCB Board Reader: Unsupported keyword: 'plugging' of parentNode 'via' at line: 79555
[2026-07-14 22:31:02,695][WARN]:  KiCad PCB Board Reader: Unsupported keyword: 'filling' of parentNode 'via' at line: 79559
[2026-07-14 22:31:02,695][WARN]:  KiCad PCB Board Reader: Unsupported keyword: 'capping' of parentNode 'via' at line: 79695
[2026-07-14 22:31:02,695][WARN]:  KiCad PCB Board Reader: Unsupported keyword: 'covering' of parentNode 'via' at line: 79696
[2026-07-14 22:31:02,695][WARN]:  KiCad PCB Board Reader: Unsupported keyword: 'plugging' of parentNode 'via' at line: 79700
[2026-07-14 22:31:02,695][WARN]:  KiCad PCB Board Reader: Unsupported keyword: 'filling' of parentNode 'via' at line: 79704
[2026-07-14 22:31:02,695][WARN]:  KiCad PCB Board Reader: Unsupported keyword: 'capping' of parentNode 'via' at line: 79714
[2026-07-14 22:31:02,695][WARN]:  KiCad PCB Board Reader: Unsupported keyword: 'covering' of parentNode 'via' at line: 79715
[2026-07-14 22:31:02,695][WARN]:  KiCad PCB Board Reader: Unsupported keyword: 'plugging' of parentNode 'via' at line: 79719
[2026-07-14 22:31:02,695][WARN]:  KiCad PCB Board Reader: Unsupported keyword: 'filling' of parentNode 'via' at line: 79723
[2026-07-14 22:31:02,696][WARN]:  KiCad PCB Board Reader: Unsupported keyword: 'locked' of parentNode 'zone' at line: 80143
[2026-07-14 22:31:02,696][WARN]:  KiCad PCB Board Reader: Unsupported keyword: 'locked' of parentNode 'zone' at line: 80187
[2026-07-14 22:31:02,696][WARN]:  KiCad PCB Board Reader: Unsupported keyword: 'locked' of parentNode 'zone' at line: 80232
[2026-07-14 22:31:02,696][WARN]:  KiCad PCB Board Reader: Unsupported keyword: 'locked' of parentNode 'zone' at line: 80476
[2026-07-14 22:31:02,696][WARN]:  KiCad PCB Board Reader: Unsupported keyword: 'locked' of parentNode 'zone' at line: 80510
[2026-07-14 22:31:02,696][WARN]:  KiCad PCB Board Reader: Unsupported keyword: 'locked' of parentNode 'zone' at line: 80541
[2026-07-14 22:31:02,696][WARN]:  KiCad PCB Board Reader: Unsupported keyword: 'locked' of parentNode 'zone' at line: 80587
[2026-07-14 22:31:02,696][WARN]:  KiCad PCB Board Reader: Unsupported keyword: 'locked' of parentNode 'zone' at line: 80627
[2026-07-14 22:31:02,696][WARN]:  KiCad PCB Board Reader: Unsupported keyword: 'locked' of parentNode 'zone' at line: 92367
[2026-07-14 22:31:02,696][WARN]:  KiCad PCB Board Reader: Unsupported keyword: 'locked' of parentNode 'zone' at line: 92404
[2026-07-14 22:31:02,696][WARN]:  KiCad PCB Board Reader: Unsupported keyword: 'locked' of parentNode 'zone' at line: 92438
[2026-07-14 22:31:02,708][INFO]:  Converting document: 'C:/Repos/Macro-Pro/Macro-Pro - Hardware/hardware/Macro Pad Pro.kicad_pcb'
[2026-07-14 22:31:02,729][INFO]:  KiCad Pcb Converter: Attribute name 'L1_min' from line 205 need to be changed to 'L1_MIN'
[2026-07-14 22:31:02,731][INFO]:  KiCad Pcb Converter: Attribute name 'Check_prices' from line 218 need to be changed to 'CHECK_PRICES'
[2026-07-14 22:31:02,732][INFO]:  KiCad Pcb Converter: Attribute name 'Package' from line 231 need to be changed to 'PACKAGE'
[2026-07-14 22:31:02,735][INFO]:  KiCad Pcb Converter: Attribute name 'E_min' from line 257 need to be changed to 'E_MIN'
[2026-07-14 22:31:02,737][INFO]:  KiCad Pcb Converter: Attribute name 'SnapEDA_Link' from line 270 need to be changed to 'SNAPEDA_LINK'
[2026-07-14 22:31:02,738][INFO]:  KiCad Pcb Converter: Attribute name 'D_min' from line 283 need to be changed to 'D_MIN'
[2026-07-14 22:31:02,740][INFO]:  KiCad Pcb Converter: Attribute name 'D_nom' from line 296 need to be changed to 'D_NOM'
[2026-07-14 22:31:02,741][INFO]:  KiCad Pcb Converter: Attribute name 'L_min' from line 309 need to be changed to 'L_MIN'
[2026-07-14 22:31:02,742][INFO]:  KiCad Pcb Converter: Attribute name 'E_max' from line 322 need to be changed to 'E_MAX'
[2026-07-14 22:31:02,744][INFO]:  KiCad Pcb Converter: Attribute name 'DigiKey_Part_Number' from line 335 need to be changed to 'DIGIKEY_PART_NUMBER'
[2026-07-14 22:31:02,745][INFO]:  KiCad Pcb Converter: Attribute name 'L_max' from line 348 need to be changed to 'L_MAX'
[2026-07-14 22:31:02,746][INFO]:  KiCad Pcb Converter: Attribute name 'A_max' from line 361 need to be changed to 'A_MAX'
[2026-07-14 22:31:02,748][INFO]:  KiCad Pcb Converter: Attribute name 'L1_nom' from line 374 need to be changed to 'L1_NOM'
[2026-07-14 22:31:02,749][INFO]:  KiCad Pcb Converter: Attribute name 'Description_1' from line 387 need to be changed to 'DESCRIPTION_1'
[2026-07-14 22:31:02,752][INFO]:  KiCad Pcb Converter: Attribute name 'D_max' from line 413 need to be changed to 'D_MAX'
[2026-07-14 22:31:02,753][INFO]:  KiCad Pcb Converter: Attribute name 'A_nom' from line 426 need to be changed to 'A_NOM'
[2026-07-14 22:31:02,753][INFO]:  KiCad Pcb Converter: Attribute name 'L1_max' from line 439 need to be changed to 'L1_MAX'
[2026-07-14 22:31:02,755][INFO]:  KiCad Pcb Converter: Attribute name 'A_min' from line 452 need to be changed to 'A_MIN'
[2026-07-14 22:31:02,757][INFO]:  KiCad Pcb Converter: Attribute name 'E_nom' from line 478 need to be changed to 'E_NOM'
[2026-07-14 22:31:02,759][INFO]:  KiCad Pcb Converter: Attribute name 'L_nom' from line 504 need to be changed to 'L_NOM'
[2026-07-14 22:31:02,763][INFO]:  KiCad Pcb Converter: Attribute name 'L1_min' from line 709 need to be changed to 'L1_MIN'
[2026-07-14 22:31:02,764][INFO]:  KiCad Pcb Converter: Attribute name 'Check_prices' from line 722 need to be changed to 'CHECK_PRICES'
[2026-07-14 22:31:02,765][INFO]:  KiCad Pcb Converter: Attribute name 'Package' from line 735 need to be changed to 'PACKAGE'
[2026-07-14 22:31:02,767][INFO]:  KiCad Pcb Converter: Attribute name 'E_min' from line 761 need to be changed to 'E_MIN'
[2026-07-14 22:31:02,769][INFO]:  KiCad Pcb Converter: Attribute name 'SnapEDA_Link' from line 774 need to be changed to 'SNAPEDA_LINK'
[2026-07-14 22:31:02,770][INFO]:  KiCad Pcb Converter: Attribute name 'D_min' from line 787 need to be changed to 'D_MIN'
[2026-07-14 22:31:02,771][INFO]:  KiCad Pcb Converter: Attribute name 'D_nom' from line 800 need to be changed to 'D_NOM'
[2026-07-14 22:31:02,772][INFO]:  KiCad Pcb Converter: Attribute name 'L_min' from line 813 need to be changed to 'L_MIN'
[2026-07-14 22:31:02,773][INFO]:  KiCad Pcb Converter: Attribute name 'E_max' from line 826 need to be changed to 'E_MAX'
[2026-07-14 22:31:02,776][INFO]:  KiCad Pcb Converter: Attribute name 'DigiKey_Part_Number' from line 839 need to be changed to 'DIGIKEY_PART_NUMBER'
[2026-07-14 22:31:02,777][INFO]:  KiCad Pcb Converter: Attribute name 'L_max' from line 852 need to be changed to 'L_MAX'
[2026-07-14 22:31:02,778][INFO]:  KiCad Pcb Converter: Attribute name 'A_max' from line 865 need to be changed to 'A_MAX'
[2026-07-14 22:31:02,780][INFO]:  KiCad Pcb Converter: Attribute name 'L1_nom' from line 878 need to be changed to 'L1_NOM'
[2026-07-14 22:31:02,781][INFO]:  KiCad Pcb Converter: Attribute name 'Description_1' from line 891 need to be changed to 'DESCRIPTION_1'
[2026-07-14 22:31:02,784][INFO]:  KiCad Pcb Converter: Attribute name 'D_max' from line 917 need to be changed to 'D_MAX'
[2026-07-14 22:31:02,785][INFO]:  KiCad Pcb Converter: Attribute name 'A_nom' from line 930 need to be changed to 'A_NOM'
[2026-07-14 22:31:02,786][INFO]:  KiCad Pcb Converter: Attribute name 'L1_max' from line 943 need to be changed to 'L1_MAX'
[2026-07-14 22:31:02,787][INFO]:  KiCad Pcb Converter: Attribute name 'A_min' from line 956 need to be changed to 'A_MIN'
[2026-07-14 22:31:02,789][INFO]:  KiCad Pcb Converter: Attribute name 'E_nom' from line 982 need to be changed to 'E_NOM'
[2026-07-14 22:31:02,791][INFO]:  KiCad Pcb Converter: Attribute name 'L_nom' from line 1008 need to be changed to 'L_NOM'
[2026-07-14 22:31:02,792][INFO]:  KiCad Pcb Converter: Attribute name 'Purchase-URL' from line 1021 need to be changed to 'PURCHASE-URL'
[2026-07-14 22:31:02,796][INFO]:  KiCad Pcb Converter: Attribute name 'Description' from line 1203 need to be changed to 'DESCRIPTION'
[2026-07-14 22:31:02,800][INFO]:  KiCad Pcb Converter: Attribute name 'Comment' from line 1910 need to be changed to 'COMMENT'
[2026-07-14 22:31:02,802][INFO]:  KiCad Pcb Converter: Attribute name 'Power_Rating' from line 1936 need to be changed to 'POWER_RATING'
[2026-07-14 22:31:02,802][INFO]:  KiCad Pcb Converter: Attribute name 'Package' from line 1949 need to be changed to 'PACKAGE'
[2026-07-14 22:31:02,803][INFO]:  KiCad Pcb Converter: Attribute name 'Price' from line 1962 need to be changed to 'PRICE'
[2026-07-14 22:31:02,804][INFO]:  KiCad Pcb Converter: Attribute name 'Check_prices' from line 1975 need to be changed to 'CHECK_PRICES'
[2026-07-14 22:31:02,804][INFO]:  KiCad Pcb Converter: Attribute name 'Resistance' from line 1988 need to be changed to 'RESISTANCE'
[2026-07-14 22:31:02,805][INFO]:  KiCad Pcb Converter: Attribute name 'SnapEDA_Link' from line 2001 need to be changed to 'SNAPEDA_LINK'
[2026-07-14 22:31:02,807][INFO]:  KiCad Pcb Converter: Attribute name 'Voltage_Rating' from line 2027 need to be changed to 'VOLTAGE_RATING'
[2026-07-14 22:31:02,807][INFO]:  KiCad Pcb Converter: Attribute name 'EU_RoHS_Compliance' from line 2040 need to be changed to 'EU_ROHS_COMPLIANCE'
[2026-07-14 22:31:02,808][INFO]:  KiCad Pcb Converter: Attribute name 'Tolerance' from line 2053 need to be changed to 'TOLERANCE'
[2026-07-14 22:31:02,808][INFO]:  KiCad Pcb Converter: Attribute name 'Availability' from line 2066 need to be changed to 'AVAILABILITY'
[2026-07-14 22:31:02,809][INFO]:  KiCad Pcb Converter: Attribute name 'Description_1' from line 2079 need to be changed to 'DESCRIPTION_1'
[2026-07-14 22:31:02,811][INFO]:  KiCad Pcb Converter: Attribute name 'Description' from line 2279 need to be changed to 'DESCRIPTION'
[2026-07-14 22:31:02,811][INFO]:  KiCad Pcb Converter: Attribute name 'Description' from line 2449 need to be changed to 'DESCRIPTION'
[2026-07-14 22:31:02,813][INFO]:  KiCad Pcb Converter: Attribute name 'L1_min' from line 2968 need to be changed to 'L1_MIN'
[2026-07-14 22:31:02,814][INFO]:  KiCad Pcb Converter: Attribute name 'Check_prices' from line 2981 need to be changed to 'CHECK_PRICES'
[2026-07-14 22:31:02,815][INFO]:  KiCad Pcb Converter: Attribute name 'Package' from line 2994 need to be changed to 'PACKAGE'
[2026-07-14 22:31:02,818][INFO]:  KiCad Pcb Converter: Attribute name 'E_min' from line 3020 need to be changed to 'E_MIN'
[2026-07-14 22:31:02,820][INFO]:  KiCad Pcb Converter: Attribute name 'SnapEDA_Link' from line 3033 need to be changed to 'SNAPEDA_LINK'
[2026-07-14 22:31:02,821][INFO]:  KiCad Pcb Converter: Attribute name 'D_min' from line 3046 need to be changed to 'D_MIN'
[2026-07-14 22:31:02,822][INFO]:  KiCad Pcb Converter: Attribute name 'D_nom' from line 3059 need to be changed to 'D_NOM'
[2026-07-14 22:31:02,824][INFO]:  KiCad Pcb Converter: Attribute name 'L_min' from line 3072 need to be changed to 'L_MIN'
[2026-07-14 22:31:02,824][INFO]:  KiCad Pcb Converter: Attribute name 'E_max' from line 3085 need to be changed to 'E_MAX'
[2026-07-14 22:31:02,826][INFO]:  KiCad Pcb Converter: Attribute name 'DigiKey_Part_Number' from line 3098 need to be changed to 'DIGIKEY_PART_NUMBER'
[2026-07-14 22:31:02,828][INFO]:  KiCad Pcb Converter: Attribute name 'L_max' from line 3111 need to be changed to 'L_MAX'
[2026-07-14 22:31:02,829][INFO]:  KiCad Pcb Converter: Attribute name 'A_max' from line 3124 need to be changed to 'A_MAX'
[2026-07-14 22:31:02,830][INFO]:  KiCad Pcb Converter: Attribute name 'L1_nom' from line 3137 need to be changed to 'L1_NOM'
[2026-07-14 22:31:02,831][INFO]:  KiCad Pcb Converter: Attribute name 'Description_1' from line 3150 need to be changed to 'DESCRIPTION_1'
[2026-07-14 22:31:02,834][INFO]:  KiCad Pcb Converter: Attribute name 'D_max' from line 3176 need to be changed to 'D_MAX'
[2026-07-14 22:31:02,835][INFO]:  KiCad Pcb Converter: Attribute name 'A_nom' from line 3189 need to be changed to 'A_NOM'
[2026-07-14 22:31:02,836][INFO]:  KiCad Pcb Converter: Attribute name 'L1_max' from line 3202 need to be changed to 'L1_MAX'
[2026-07-14 22:31:02,837][INFO]:  KiCad Pcb Converter: Attribute name 'A_min' from line 3215 need to be changed to 'A_MIN'
[2026-07-14 22:31:02,840][INFO]:  KiCad Pcb Converter: Attribute name 'E_nom' from line 3241 need to be changed to 'E_NOM'
[2026-07-14 22:31:02,842][INFO]:  KiCad Pcb Converter: Attribute name 'L_nom' from line 3267 need to be changed to 'L_NOM'
[2026-07-14 22:31:02,842][INFO]:  KiCad Pcb Converter: Attribute name 'Purchase-URL' from line 3280 need to be changed to 'PURCHASE-URL'
[2026-07-14 22:31:02,845][INFO]:  KiCad Pcb Converter: Attribute name 'Description' from line 3461 need to be changed to 'DESCRIPTION'
[2026-07-14 22:31:02,846][INFO]:  KiCad Pcb Converter: Attribute name 'Sim.Device' from line 3487 need to be changed to 'SIM_DEVICE'
[2026-07-14 22:31:02,847][INFO]:  KiCad Pcb Converter: Attribute name 'Sim.Pins' from line 3500 need to be changed to 'SIM_PINS'
[2026-07-14 22:31:02,849][INFO]:  KiCad Pcb Converter: Attribute name 'Comment' from line 3826 need to be changed to 'COMMENT'
[2026-07-14 22:31:02,850][INFO]:  KiCad Pcb Converter: Attribute name 'Description_1' from line 3852 need to be changed to 'DESCRIPTION_1'
[2026-07-14 22:31:02,850][INFO]:  KiCad Pcb Converter: Attribute name 'Package' from line 3865 need to be changed to 'PACKAGE'
[2026-07-14 22:31:02,851][INFO]:  KiCad Pcb Converter: Attribute name 'Price' from line 3878 need to be changed to 'PRICE'
[2026-07-14 22:31:02,851][INFO]:  KiCad Pcb Converter: Attribute name 'SnapEDA_Link' from line 3891 need to be changed to 'SNAPEDA_LINK'
[2026-07-14 22:31:02,852][INFO]:  KiCad Pcb Converter: Attribute name 'Purchase-URL' from line 3917 need to be changed to 'PURCHASE-URL'
[2026-07-14 22:31:02,853][INFO]:  KiCad Pcb Converter: Attribute name 'Availability' from line 3930 need to be changed to 'AVAILABILITY'
[2026-07-14 22:31:02,853][INFO]:  KiCad Pcb Converter: Attribute name 'Check_prices' from line 3943 need to be changed to 'CHECK_PRICES'
[2026-07-14 22:31:02,856][INFO]:  KiCad Pcb Converter: Attribute name 'L1_min' from line 4164 need to be changed to 'L1_MIN'
[2026-07-14 22:31:02,857][INFO]:  KiCad Pcb Converter: Attribute name 'Check_prices' from line 4177 need to be changed to 'CHECK_PRICES'
[2026-07-14 22:31:02,858][INFO]:  KiCad Pcb Converter: Attribute name 'Package' from line 4190 need to be changed to 'PACKAGE'
[2026-07-14 22:31:02,861][INFO]:  KiCad Pcb Converter: Attribute name 'E_min' from line 4216 need to be changed to 'E_MIN'
[2026-07-14 22:31:02,862][INFO]:  KiCad Pcb Converter: Attribute name 'SnapEDA_Link' from line 4229 need to be changed to 'SNAPEDA_LINK'
[2026-07-14 22:31:02,863][INFO]:  KiCad Pcb Converter: Attribute name 'D_min' from line 4242 need to be changed to 'D_MIN'
[2026-07-14 22:31:02,864][INFO]:  KiCad Pcb Converter: Attribute name 'D_nom' from line 4255 need to be changed to 'D_NOM'
[2026-07-14 22:31:02,866][INFO]:  KiCad Pcb Converter: Attribute name 'L_min' from line 4268 need to be changed to 'L_MIN'
[2026-07-14 22:31:02,867][INFO]:  KiCad Pcb Converter: Attribute name 'E_max' from line 4281 need to be changed to 'E_MAX'
[2026-07-14 22:31:02,868][INFO]:  KiCad Pcb Converter: Attribute name 'DigiKey_Part_Number' from line 4294 need to be changed to 'DIGIKEY_PART_NUMBER'
[2026-07-14 22:31:02,869][INFO]:  KiCad Pcb Converter: Attribute name 'L_max' from line 4307 need to be changed to 'L_MAX'
[2026-07-14 22:31:02,871][INFO]:  KiCad Pcb Converter: Attribute name 'A_max' from line 4320 need to be changed to 'A_MAX'
[2026-07-14 22:31:02,872][INFO]:  KiCad Pcb Converter: Attribute name 'L1_nom' from line 4333 need to be changed to 'L1_NOM'
[2026-07-14 22:31:02,873][INFO]:  KiCad Pcb Converter: Attribute name 'Description_1' from line 4346 need to be changed to 'DESCRIPTION_1'
[2026-07-14 22:31:02,876][INFO]:  KiCad Pcb Converter: Attribute name 'D_max' from line 4372 need to be changed to 'D_MAX'
[2026-07-14 22:31:02,876][INFO]:  KiCad Pcb Converter: Attribute name 'A_nom' from line 4385 need to be changed to 'A_NOM'
[2026-07-14 22:31:02,878][INFO]:  KiCad Pcb Converter: Attribute name 'L1_max' from line 4398 need to be changed to 'L1_MAX'
[2026-07-14 22:31:02,879][INFO]:  KiCad Pcb Converter: Attribute name 'A_min' from line 4411 need to be changed to 'A_MIN'
[2026-07-14 22:31:02,881][INFO]:  KiCad Pcb Converter: Attribute name 'E_nom' from line 4437 need to be changed to 'E_NOM'
[2026-07-14 22:31:02,882][INFO]:  KiCad Pcb Converter: Attribute name 'L_nom' from line 4463 need to be changed to 'L_NOM'
[2026-07-14 22:31:02,886][INFO]:  KiCad Pcb Converter: Attribute name 'Comment' from line 4667 need to be changed to 'COMMENT'
[2026-07-14 22:31:02,888][INFO]:  KiCad Pcb Converter: Attribute name 'Power_Rating' from line 4693 need to be changed to 'POWER_RATING'
[2026-07-14 22:31:02,889][INFO]:  KiCad Pcb Converter: Attribute name 'Package' from line 4706 need to be changed to 'PACKAGE'
[2026-07-14 22:31:02,889][INFO]:  KiCad Pcb Converter: Attribute name 'Price' from line 4719 need to be changed to 'PRICE'
[2026-07-14 22:31:02,890][INFO]:  KiCad Pcb Converter: Attribute name 'Check_prices' from line 4732 need to be changed to 'CHECK_PRICES'
[2026-07-14 22:31:02,891][INFO]:  KiCad Pcb Converter: Attribute name 'Resistance' from line 4745 need to be changed to 'RESISTANCE'
[2026-07-14 22:31:02,892][INFO]:  KiCad Pcb Converter: Attribute name 'SnapEDA_Link' from line 4758 need to be changed to 'SNAPEDA_LINK'
[2026-07-14 22:31:02,893][INFO]:  KiCad Pcb Converter: Attribute name 'Voltage_Rating' from line 4784 need to be changed to 'VOLTAGE_RATING'
[2026-07-14 22:31:02,894][INFO]:  KiCad Pcb Converter: Attribute name 'EU_RoHS_Compliance' from line 4797 need to be changed to 'EU_ROHS_COMPLIANCE'
[2026-07-14 22:31:02,894][INFO]:  KiCad Pcb Converter: Attribute name 'Tolerance' from line 4810 need to be changed to 'TOLERANCE'
[2026-07-14 22:31:02,895][INFO]:  KiCad Pcb Converter: Attribute name 'Availability' from line 4823 need to be changed to 'AVAILABILITY'
[2026-07-14 22:31:02,895][INFO]:  KiCad Pcb Converter: Attribute name 'Description_1' from line 4836 need to be changed to 'DESCRIPTION_1'
[2026-07-14 22:31:02,899][INFO]:  KiCad Pcb Converter: Attribute name 'Description_1' from line 5070 need to be changed to 'DESCRIPTION_1'
[2026-07-14 22:31:02,900][INFO]:  KiCad Pcb Converter: Attribute name 'Package' from line 5083 need to be changed to 'PACKAGE'
[2026-07-14 22:31:02,900][INFO]:  KiCad Pcb Converter: Attribute name 'Price' from line 5096 need to be changed to 'PRICE'
[2026-07-14 22:31:02,901][INFO]:  KiCad Pcb Converter: Attribute name 'SnapEDA_Link' from line 5109 need to be changed to 'SNAPEDA_LINK'
[2026-07-14 22:31:02,902][INFO]:  KiCad Pcb Converter: Attribute name 'Purchase-URL' from line 5135 need to be changed to 'PURCHASE-URL'
[2026-07-14 22:31:02,902][INFO]:  KiCad Pcb Converter: Attribute name 'Availability' from line 5148 need to be changed to 'AVAILABILITY'
[2026-07-14 22:31:02,903][INFO]:  KiCad Pcb Converter: Attribute name 'Check_prices' from line 5161 need to be changed to 'CHECK_PRICES'
[2026-07-14 22:31:02,905][INFO]:  KiCad Pcb Converter: Attribute name 'L1_min' from line 5354 need to be changed to 'L1_MIN'
[2026-07-14 22:31:02,907][INFO]:  KiCad Pcb Converter: Attribute name 'Check_prices' from line 5367 need to be changed to 'CHECK_PRICES'
[2026-07-14 22:31:02,908][INFO]:  KiCad Pcb Converter: Attribute name 'Package' from line 5380 need to be changed to 'PACKAGE'
[2026-07-14 22:31:02,910][INFO]:  KiCad Pcb Converter: Attribute name 'E_min' from line 5406 need to be changed to 'E_MIN'
[2026-07-14 22:31:02,912][INFO]:  KiCad Pcb Converter: Attribute name 'SnapEDA_Link' from line 5419 need to be changed to 'SNAPEDA_LINK'
[2026-07-14 22:31:02,913][INFO]:  KiCad Pcb Converter: Attribute name 'D_min' from line 5432 need to be changed to 'D_MIN'
[2026-07-14 22:31:02,914][INFO]:  KiCad Pcb Converter: Attribute name 'D_nom' from line 5445 need to be changed to 'D_NOM'
[2026-07-14 22:31:02,915][INFO]:  KiCad Pcb Converter: Attribute name 'L_min' from line 5458 need to be changed to 'L_MIN'
[2026-07-14 22:31:02,916][INFO]:  KiCad Pcb Converter: Attribute name 'E_max' from line 5471 need to be changed to 'E_MAX'
[2026-07-14 22:31:02,918][INFO]:  KiCad Pcb Converter: Attribute name 'DigiKey_Part_Number' from line 5484 need to be changed to 'DIGIKEY_PART_NUMBER'
[2026-07-14 22:31:02,919][INFO]:  KiCad Pcb Converter: Attribute name 'L_max' from line 5497 need to be changed to 'L_MAX'
[2026-07-14 22:31:02,920][INFO]:  KiCad Pcb Converter: Attribute name 'A_max' from line 5510 need to be changed to 'A_MAX'
[2026-07-14 22:31:02,922][INFO]:  KiCad Pcb Converter: Attribute name 'L1_nom' from line 5523 need to be changed to 'L1_NOM'
[2026-07-14 22:31:02,923][INFO]:  KiCad Pcb Converter: Attribute name 'Description_1' from line 5536 need to be changed to 'DESCRIPTION_1'
[2026-07-14 22:31:02,926][INFO]:  KiCad Pcb Converter: Attribute name 'D_max' from line 5562 need to be changed to 'D_MAX'
[2026-07-14 22:31:02,927][INFO]:  KiCad Pcb Converter: Attribute name 'A_nom' from line 5575 need to be changed to 'A_NOM'
[2026-07-14 22:31:02,928][INFO]:  KiCad Pcb Converter: Attribute name 'L1_max' from line 5588 need to be changed to 'L1_MAX'
[2026-07-14 22:31:02,929][INFO]:  KiCad Pcb Converter: Attribute name 'A_min' from line 5601 need to be changed to 'A_MIN'
[2026-07-14 22:31:02,931][INFO]:  KiCad Pcb Converter: Attribute name 'E_nom' from line 5627 need to be changed to 'E_NOM'
[2026-07-14 22:31:02,932][INFO]:  KiCad Pcb Converter: Attribute name 'L_nom' from line 5653 need to be changed to 'L_NOM'
[2026-07-14 22:31:02,934][INFO]:  KiCad Pcb Converter: Attribute name 'Description' from line 5835 need to be changed to 'DESCRIPTION'
[2026-07-14 22:31:02,936][INFO]:  KiCad Pcb Converter: Attribute name 'L1_min' from line 6354 need to be changed to 'L1_MIN'
[2026-07-14 22:31:02,937][INFO]:  KiCad Pcb Converter: Attribute name 'Check_prices' from line 6367 need to be changed to 'CHECK_PRICES'
[2026-07-14 22:31:02,938][INFO]:  KiCad Pcb Converter: Attribute name 'Package' from line 6380 need to be changed to 'PACKAGE'
[2026-07-14 22:31:02,940][INFO]:  KiCad Pcb Converter: Attribute name 'E_min' from line 6406 need to be changed to 'E_MIN'
[2026-07-14 22:31:02,941][INFO]:  KiCad Pcb Converter: Attribute name 'SnapEDA_Link' from line 6419 need to be changed to 'SNAPEDA_LINK'
[2026-07-14 22:31:02,943][INFO]:  KiCad Pcb Converter: Attribute name 'D_min' from line 6432 need to be changed to 'D_MIN'
[2026-07-14 22:31:02,945][INFO]:  KiCad Pcb Converter: Attribute name 'D_nom' from line 6445 need to be changed to 'D_NOM'
[2026-07-14 22:31:02,946][INFO]:  KiCad Pcb Converter: Attribute name 'L_min' from line 6458 need to be changed to 'L_MIN'
[2026-07-14 22:31:02,947][INFO]:  KiCad Pcb Converter: Attribute name 'E_max' from line 6471 need to be changed to 'E_MAX'
[2026-07-14 22:31:02,948][INFO]:  KiCad Pcb Converter: Attribute name 'DigiKey_Part_Number' from line 6484 need to be changed to 'DIGIKEY_PART_NUMBER'
[2026-07-14 22:31:02,950][INFO]:  KiCad Pcb Converter: Attribute name 'L_max' from line 6497 need to be changed to 'L_MAX'
[2026-07-14 22:31:02,951][INFO]:  KiCad Pcb Converter: Attribute name 'A_max' from line 6510 need to be changed to 'A_MAX'
[2026-07-14 22:31:02,952][INFO]:  KiCad Pcb Converter: Attribute name 'L1_nom' from line 6523 need to be changed to 'L1_NOM'
[2026-07-14 22:31:02,953][INFO]:  KiCad Pcb Converter: Attribute name 'Description_1' from line 6536 need to be changed to 'DESCRIPTION_1'
[2026-07-14 22:31:02,956][INFO]:  KiCad Pcb Converter: Attribute name 'D_max' from line 6562 need to be changed to 'D_MAX'
[2026-07-14 22:31:02,957][INFO]:  KiCad Pcb Converter: Attribute name 'A_nom' from line 6575 need to be changed to 'A_NOM'
[2026-07-14 22:31:02,958][INFO]:  KiCad Pcb Converter: Attribute name 'L1_max' from line 6588 need to be changed to 'L1_MAX'
[2026-07-14 22:31:02,959][INFO]:  KiCad Pcb Converter: Attribute name 'A_min' from line 6601 need to be changed to 'A_MIN'
[2026-07-14 22:31:02,961][INFO]:  KiCad Pcb Converter: Attribute name 'E_nom' from line 6627 need to be changed to 'E_NOM'
[2026-07-14 22:31:02,963][INFO]:  KiCad Pcb Converter: Attribute name 'L_nom' from line 6653 need to be changed to 'L_NOM'
[2026-07-14 22:31:02,966][INFO]:  KiCad Pcb Converter: Attribute name 'L1_min' from line 6858 need to be changed to 'L1_MIN'
[2026-07-14 22:31:02,967][INFO]:  KiCad Pcb Converter: Attribute name 'Check_prices' from line 6871 need to be changed to 'CHECK_PRICES'
[2026-07-14 22:31:02,968][INFO]:  KiCad Pcb Converter: Attribute name 'Package' from line 6884 need to be changed to 'PACKAGE'
[2026-07-14 22:31:02,971][INFO]:  KiCad Pcb Converter: Attribute name 'E_min' from line 6910 need to be changed to 'E_MIN'
[2026-07-14 22:31:02,972][INFO]:  KiCad Pcb Converter: Attribute name 'SnapEDA_Link' from line 6923 need to be changed to 'SNAPEDA_LINK'
[2026-07-14 22:31:02,973][INFO]:  KiCad Pcb Converter: Attribute name 'D_min' from line 6936 need to be changed to 'D_MIN'
[2026-07-14 22:31:02,975][INFO]:  KiCad Pcb Converter: Attribute name 'D_nom' from line 6949 need to be changed to 'D_NOM'
[2026-07-14 22:31:02,976][INFO]:  KiCad Pcb Converter: Attribute name 'L_min' from line 6962 need to be changed to 'L_MIN'
[2026-07-14 22:31:02,978][INFO]:  KiCad Pcb Converter: Attribute name 'E_max' from line 6975 need to be changed to 'E_MAX'
[2026-07-14 22:31:02,979][INFO]:  KiCad Pcb Converter: Attribute name 'DigiKey_Part_Number' from line 6988 need to be changed to 'DIGIKEY_PART_NUMBER'
[2026-07-14 22:31:02,981][INFO]:  KiCad Pcb Converter: Attribute name 'L_max' from line 7001 need to be changed to 'L_MAX'
[2026-07-14 22:31:02,982][INFO]:  KiCad Pcb Converter: Attribute name 'A_max' from line 7014 need to be changed to 'A_MAX'
[2026-07-14 22:31:02,983][INFO]:  KiCad Pcb Converter: Attribute name 'L1_nom' from line 7027 need to be changed to 'L1_NOM'
[2026-07-14 22:31:02,984][INFO]:  KiCad Pcb Converter: Attribute name 'Description_1' from line 7040 need to be changed to 'DESCRIPTION_1'
[2026-07-14 22:31:02,988][INFO]:  KiCad Pcb Converter: Attribute name 'D_max' from line 7066 need to be changed to 'D_MAX'
[2026-07-14 22:31:02,989][INFO]:  KiCad Pcb Converter: Attribute name 'A_nom' from line 7079 need to be changed to 'A_NOM'
[2026-07-14 22:31:02,990][INFO]:  KiCad Pcb Converter: Attribute name 'L1_max' from line 7092 need to be changed to 'L1_MAX'
[2026-07-14 22:31:02,991][INFO]:  KiCad Pcb Converter: Attribute name 'A_min' from line 7105 need to be changed to 'A_MIN'
[2026-07-14 22:31:02,993][INFO]:  KiCad Pcb Converter: Attribute name 'E_nom' from line 7131 need to be changed to 'E_NOM'
[2026-07-14 22:31:02,995][INFO]:  KiCad Pcb Converter: Attribute name 'L_nom' from line 7157 need to be changed to 'L_NOM'
[2026-07-14 22:31:02,996][INFO]:  KiCad Pcb Converter: Attribute name 'Purchase-URL' from line 7170 need to be changed to 'PURCHASE-URL'
[2026-07-14 22:31:02,997][INFO]:  KiCad Pcb Converter: Attribute name 'Description' from line 7353 need to be changed to 'DESCRIPTION'
[2026-07-14 22:31:02,998][INFO]:  KiCad Pcb Converter: Attribute name 'Description' from line 7522 need to be changed to 'DESCRIPTION'
[2026-07-14 22:31:02,998][INFO]:  KiCad Pcb Converter: Attribute name 'Sim.Device' from line 7548 need to be changed to 'SIM_DEVICE'
[2026-07-14 22:31:02,999][INFO]:  KiCad Pcb Converter: Attribute name 'Sim.Pins' from line 7561 need to be changed to 'SIM_PINS'
[2026-07-14 22:31:03,000][INFO]:  KiCad Pcb Converter: Attribute name 'Description' from line 7866 need to be changed to 'DESCRIPTION'
[2026-07-14 22:31:03,002][INFO]:  KiCad Pcb Converter: Attribute name 'L1_min' from line 8385 need to be changed to 'L1_MIN'
[2026-07-14 22:31:03,003][INFO]:  KiCad Pcb Converter: Attribute name 'Check_prices' from line 8398 need to be changed to 'CHECK_PRICES'
[2026-07-14 22:31:03,004][INFO]:  KiCad Pcb Converter: Attribute name 'Package' from line 8411 need to be changed to 'PACKAGE'
[2026-07-14 22:31:03,007][INFO]:  KiCad Pcb Converter: Attribute name 'E_min' from line 8437 need to be changed to 'E_MIN'
[2026-07-14 22:31:03,008][INFO]:  KiCad Pcb Converter: Attribute name 'SnapEDA_Link' from line 8450 need to be changed to 'SNAPEDA_LINK'
[2026-07-14 22:31:03,010][INFO]:  KiCad Pcb Converter: Attribute name 'D_min' from line 8463 need to be changed to 'D_MIN'
[2026-07-14 22:31:03,011][INFO]:  KiCad Pcb Converter: Attribute name 'D_nom' from line 8476 need to be changed to 'D_NOM'
[2026-07-14 22:31:03,012][INFO]:  KiCad Pcb Converter: Attribute name 'L_min' from line 8489 need to be changed to 'L_MIN'
[2026-07-14 22:31:03,013][INFO]:  KiCad Pcb Converter: Attribute name 'E_max' from line 8502 need to be changed to 'E_MAX'
[2026-07-14 22:31:03,014][INFO]:  KiCad Pcb Converter: Attribute name 'DigiKey_Part_Number' from line 8515 need to be changed to 'DIGIKEY_PART_NUMBER'
[2026-07-14 22:31:03,015][INFO]:  KiCad Pcb Converter: Attribute name 'L_max' from line 8528 need to be changed to 'L_MAX'
[2026-07-14 22:31:03,017][INFO]:  KiCad Pcb Converter: Attribute name 'A_max' from line 8541 need to be changed to 'A_MAX'
[2026-07-14 22:31:03,018][INFO]:  KiCad Pcb Converter: Attribute name 'L1_nom' from line 8554 need to be changed to 'L1_NOM'
[2026-07-14 22:31:03,019][INFO]:  KiCad Pcb Converter: Attribute name 'Description_1' from line 8567 need to be changed to 'DESCRIPTION_1'
[2026-07-14 22:31:03,022][INFO]:  KiCad Pcb Converter: Attribute name 'D_max' from line 8593 need to be changed to 'D_MAX'
[2026-07-14 22:31:03,023][INFO]:  KiCad Pcb Converter: Attribute name 'A_nom' from line 8606 need to be changed to 'A_NOM'
[2026-07-14 22:31:03,024][INFO]:  KiCad Pcb Converter: Attribute name 'L1_max' from line 8619 need to be changed to 'L1_MAX'
[2026-07-14 22:31:03,025][INFO]:  KiCad Pcb Converter: Attribute name 'A_min' from line 8632 need to be changed to 'A_MIN'
[2026-07-14 22:31:03,028][INFO]:  KiCad Pcb Converter: Attribute name 'E_nom' from line 8658 need to be changed to 'E_NOM'
[2026-07-14 22:31:03,029][INFO]:  KiCad Pcb Converter: Attribute name 'L_nom' from line 8684 need to be changed to 'L_NOM'
[2026-07-14 22:31:03,032][INFO]:  KiCad Pcb Converter: Attribute name 'L1_min' from line 8887 need to be changed to 'L1_MIN'
[2026-07-14 22:31:03,034][INFO]:  KiCad Pcb Converter: Attribute name 'Check_prices' from line 8900 need to be changed to 'CHECK_PRICES'
[2026-07-14 22:31:03,034][INFO]:  KiCad Pcb Converter: Attribute name 'Package' from line 8913 need to be changed to 'PACKAGE'
[2026-07-14 22:31:03,037][INFO]:  KiCad Pcb Converter: Attribute name 'E_min' from line 8939 need to be changed to 'E_MIN'
[2026-07-14 22:31:03,038][INFO]:  KiCad Pcb Converter: Attribute name 'SnapEDA_Link' from line 8952 need to be changed to 'SNAPEDA_LINK'
[2026-07-14 22:31:03,039][INFO]:  KiCad Pcb Converter: Attribute name 'D_min' from line 8965 need to be changed to 'D_MIN'
[2026-07-14 22:31:03,040][INFO]:  KiCad Pcb Converter: Attribute name 'D_nom' from line 8978 need to be changed to 'D_NOM'
[2026-07-14 22:31:03,042][INFO]:  KiCad Pcb Converter: Attribute name 'L_min' from line 8991 need to be changed to 'L_MIN'
[2026-07-14 22:31:03,043][INFO]:  KiCad Pcb Converter: Attribute name 'E_max' from line 9004 need to be changed to 'E_MAX'
[2026-07-14 22:31:03,044][INFO]:  KiCad Pcb Converter: Attribute name 'DigiKey_Part_Number' from line 9017 need to be changed to 'DIGIKEY_PART_NUMBER'
[2026-07-14 22:31:03,045][INFO]:  KiCad Pcb Converter: Attribute name 'L_max' from line 9030 need to be changed to 'L_MAX'
[2026-07-14 22:31:03,047][INFO]:  KiCad Pcb Converter: Attribute name 'A_max' from line 9043 need to be changed to 'A_MAX'
[2026-07-14 22:31:03,048][INFO]:  KiCad Pcb Converter: Attribute name 'L1_nom' from line 9056 need to be changed to 'L1_NOM'
[2026-07-14 22:31:03,050][INFO]:  KiCad Pcb Converter: Attribute name 'Description_1' from line 9069 need to be changed to 'DESCRIPTION_1'
[2026-07-14 22:31:03,052][INFO]:  KiCad Pcb Converter: Attribute name 'D_max' from line 9095 need to be changed to 'D_MAX'
[2026-07-14 22:31:03,053][INFO]:  KiCad Pcb Converter: Attribute name 'A_nom' from line 9108 need to be changed to 'A_NOM'
[2026-07-14 22:31:03,054][INFO]:  KiCad Pcb Converter: Attribute name 'L1_max' from line 9121 need to be changed to 'L1_MAX'
[2026-07-14 22:31:03,055][INFO]:  KiCad Pcb Converter: Attribute name 'A_min' from line 9134 need to be changed to 'A_MIN'
[2026-07-14 22:31:03,057][INFO]:  KiCad Pcb Converter: Attribute name 'E_nom' from line 9160 need to be changed to 'E_NOM'
[2026-07-14 22:31:03,059][INFO]:  KiCad Pcb Converter: Attribute name 'L_nom' from line 9186 need to be changed to 'L_NOM'
[2026-07-14 22:31:03,062][INFO]:  KiCad Pcb Converter: Attribute name 'L1_min' from line 9389 need to be changed to 'L1_MIN'
[2026-07-14 22:31:03,063][INFO]:  KiCad Pcb Converter: Attribute name 'Check_prices' from line 9402 need to be changed to 'CHECK_PRICES'
[2026-07-14 22:31:03,064][INFO]:  KiCad Pcb Converter: Attribute name 'Package' from line 9415 need to be changed to 'PACKAGE'
[2026-07-14 22:31:03,066][INFO]:  KiCad Pcb Converter: Attribute name 'E_min' from line 9441 need to be changed to 'E_MIN'
[2026-07-14 22:31:03,068][INFO]:  KiCad Pcb Converter: Attribute name 'SnapEDA_Link' from line 9454 need to be changed to 'SNAPEDA_LINK'
[2026-07-14 22:31:03,069][INFO]:  KiCad Pcb Converter: Attribute name 'D_min' from line 9467 need to be changed to 'D_MIN'
[2026-07-14 22:31:03,070][INFO]:  KiCad Pcb Converter: Attribute name 'D_nom' from line 9480 need to be changed to 'D_NOM'
[2026-07-14 22:31:03,071][INFO]:  KiCad Pcb Converter: Attribute name 'L_min' from line 9493 need to be changed to 'L_MIN'
[2026-07-14 22:31:03,073][INFO]:  KiCad Pcb Converter: Attribute name 'E_max' from line 9506 need to be changed to 'E_MAX'
[2026-07-14 22:31:03,074][INFO]:  KiCad Pcb Converter: Attribute name 'DigiKey_Part_Number' from line 9519 need to be changed to 'DIGIKEY_PART_NUMBER'
[2026-07-14 22:31:03,075][INFO]:  KiCad Pcb Converter: Attribute name 'L_max' from line 9532 need to be changed to 'L_MAX'
[2026-07-14 22:31:03,076][INFO]:  KiCad Pcb Converter: Attribute name 'A_max' from line 9545 need to be changed to 'A_MAX'
[2026-07-14 22:31:03,078][INFO]:  KiCad Pcb Converter: Attribute name 'L1_nom' from line 9558 need to be changed to 'L1_NOM'
[2026-07-14 22:31:03,079][INFO]:  KiCad Pcb Converter: Attribute name 'Description_1' from line 9571 need to be changed to 'DESCRIPTION_1'
[2026-07-14 22:31:03,082][INFO]:  KiCad Pcb Converter: Attribute name 'D_max' from line 9597 need to be changed to 'D_MAX'
[2026-07-14 22:31:03,083][INFO]:  KiCad Pcb Converter: Attribute name 'A_nom' from line 9610 need to be changed to 'A_NOM'
[2026-07-14 22:31:03,084][INFO]:  KiCad Pcb Converter: Attribute name 'L1_max' from line 9623 need to be changed to 'L1_MAX'
[2026-07-14 22:31:03,085][INFO]:  KiCad Pcb Converter: Attribute name 'A_min' from line 9636 need to be changed to 'A_MIN'
[2026-07-14 22:31:03,087][INFO]:  KiCad Pcb Converter: Attribute name 'E_nom' from line 9662 need to be changed to 'E_NOM'
[2026-07-14 22:31:03,089][INFO]:  KiCad Pcb Converter: Attribute name 'L_nom' from line 9688 need to be changed to 'L_NOM'
[2026-07-14 22:31:03,092][INFO]:  KiCad Pcb Converter: Attribute name 'L1_min' from line 9891 need to be changed to 'L1_MIN'
[2026-07-14 22:31:03,095][INFO]:  KiCad Pcb Converter: Attribute name 'Check_prices' from line 9904 need to be changed to 'CHECK_PRICES'
[2026-07-14 22:31:03,097][INFO]:  KiCad Pcb Converter: Attribute name 'Package' from line 9917 need to be changed to 'PACKAGE'
[2026-07-14 22:31:03,100][INFO]:  KiCad Pcb Converter: Attribute name 'E_min' from line 9943 need to be changed to 'E_MIN'
[2026-07-14 22:31:03,101][INFO]:  KiCad Pcb Converter: Attribute name 'SnapEDA_Link' from line 9956 need to be changed to 'SNAPEDA_LINK'
[2026-07-14 22:31:03,102][INFO]:  KiCad Pcb Converter: Attribute name 'D_min' from line 9969 need to be changed to 'D_MIN'
[2026-07-14 22:31:03,103][INFO]:  KiCad Pcb Converter: Attribute name 'D_nom' from line 9982 need to be changed to 'D_NOM'
[2026-07-14 22:31:03,104][INFO]:  KiCad Pcb Converter: Attribute name 'L_min' from line 9995 need to be changed to 'L_MIN'
[2026-07-14 22:31:03,106][INFO]:  KiCad Pcb Converter: Attribute name 'E_max' from line 10008 need to be changed to 'E_MAX'
[2026-07-14 22:31:03,107][INFO]:  KiCad Pcb Converter: Attribute name 'DigiKey_Part_Number' from line 10021 need to be changed to 'DIGIKEY_PART_NUMBER'
[2026-07-14 22:31:03,108][INFO]:  KiCad Pcb Converter: Attribute name 'L_max' from line 10034 need to be changed to 'L_MAX'
[2026-07-14 22:31:03,109][INFO]:  KiCad Pcb Converter: Attribute name 'A_max' from line 10047 need to be changed to 'A_MAX'
[2026-07-14 22:31:03,111][INFO]:  KiCad Pcb Converter: Attribute name 'L1_nom' from line 10060 need to be changed to 'L1_NOM'
[2026-07-14 22:31:03,112][INFO]:  KiCad Pcb Converter: Attribute name 'Description_1' from line 10073 need to be changed to 'DESCRIPTION_1'
[2026-07-14 22:31:03,114][INFO]:  KiCad Pcb Converter: Attribute name 'D_max' from line 10099 need to be changed to 'D_MAX'
[2026-07-14 22:31:03,116][INFO]:  KiCad Pcb Converter: Attribute name 'A_nom' from line 10112 need to be changed to 'A_NOM'
[2026-07-14 22:31:03,116][INFO]:  KiCad Pcb Converter: Attribute name 'L1_max' from line 10125 need to be changed to 'L1_MAX'
[2026-07-14 22:31:03,118][INFO]:  KiCad Pcb Converter: Attribute name 'A_min' from line 10138 need to be changed to 'A_MIN'
[2026-07-14 22:31:03,120][INFO]:  KiCad Pcb Converter: Attribute name 'E_nom' from line 10164 need to be changed to 'E_NOM'
[2026-07-14 22:31:03,122][INFO]:  KiCad Pcb Converter: Attribute name 'L_nom' from line 10190 need to be changed to 'L_NOM'
[2026-07-14 22:31:03,124][INFO]:  KiCad Pcb Converter: Attribute name 'Description' from line 10370 need to be changed to 'DESCRIPTION'
[2026-07-14 22:31:03,127][INFO]:  KiCad Pcb Converter: Attribute name 'Comment' from line 10568 need to be changed to 'COMMENT'
[2026-07-14 22:31:03,128][INFO]:  KiCad Pcb Converter: Attribute name 'Description_1' from line 10594 need to be changed to 'DESCRIPTION_1'
[2026-07-14 22:31:03,128][INFO]:  KiCad Pcb Converter: Attribute name 'Package' from line 10607 need to be changed to 'PACKAGE'
[2026-07-14 22:31:03,129][INFO]:  KiCad Pcb Converter: Attribute name 'Price' from line 10620 need to be changed to 'PRICE'
[2026-07-14 22:31:03,129][INFO]:  KiCad Pcb Converter: Attribute name 'SnapEDA_Link' from line 10633 need to be changed to 'SNAPEDA_LINK'
[2026-07-14 22:31:03,130][INFO]:  KiCad Pcb Converter: Attribute name 'Purchase-URL' from line 10659 need to be changed to 'PURCHASE-URL'
[2026-07-14 22:31:03,131][INFO]:  KiCad Pcb Converter: Attribute name 'Availability' from line 10672 need to be changed to 'AVAILABILITY'
[2026-07-14 22:31:03,131][INFO]:  KiCad Pcb Converter: Attribute name 'Check_prices' from line 10685 need to be changed to 'CHECK_PRICES'
[2026-07-14 22:31:03,132][INFO]:  KiCad Pcb Converter: Attribute name 'Description' from line 10885 need to be changed to 'DESCRIPTION'
[2026-07-14 22:31:03,133][WARN]:  KiCad Footprint Converter: SMD Aperture pads are not supported. Importing pad from line '11731' as polygon shape.
[2026-07-14 22:31:03,133][WARN]:  KiCad Footprint Converter: SMD Aperture pads are not supported. Importing pad from line '11760' as polygon shape.
[2026-07-14 22:31:03,136][INFO]:  KiCad Pcb Converter: Attribute name 'L1_min' from line 12390 need to be changed to 'L1_MIN'
[2026-07-14 22:31:03,137][INFO]:  KiCad Pcb Converter: Attribute name 'Check_prices' from line 12403 need to be changed to 'CHECK_PRICES'
[2026-07-14 22:31:03,138][INFO]:  KiCad Pcb Converter: Attribute name 'Package' from line 12416 need to be changed to 'PACKAGE'
[2026-07-14 22:31:03,141][INFO]:  KiCad Pcb Converter: Attribute name 'E_min' from line 12442 need to be changed to 'E_MIN'
[2026-07-14 22:31:03,142][INFO]:  KiCad Pcb Converter: Attribute name 'SnapEDA_Link' from line 12455 need to be changed to 'SNAPEDA_LINK'
[2026-07-14 22:31:03,143][INFO]:  KiCad Pcb Converter: Attribute name 'D_min' from line 12468 need to be changed to 'D_MIN'
[2026-07-14 22:31:03,144][INFO]:  KiCad Pcb Converter: Attribute name 'D_nom' from line 12481 need to be changed to 'D_NOM'
[2026-07-14 22:31:03,145][INFO]:  KiCad Pcb Converter: Attribute name 'L_min' from line 12494 need to be changed to 'L_MIN'
[2026-07-14 22:31:03,147][INFO]:  KiCad Pcb Converter: Attribute name 'E_max' from line 12507 need to be changed to 'E_MAX'
[2026-07-14 22:31:03,148][INFO]:  KiCad Pcb Converter: Attribute name 'DigiKey_Part_Number' from line 12520 need to be changed to 'DIGIKEY_PART_NUMBER'
[2026-07-14 22:31:03,149][INFO]:  KiCad Pcb Converter: Attribute name 'L_max' from line 12533 need to be changed to 'L_MAX'
[2026-07-14 22:31:03,150][INFO]:  KiCad Pcb Converter: Attribute name 'A_max' from line 12546 need to be changed to 'A_MAX'
[2026-07-14 22:31:03,152][INFO]:  KiCad Pcb Converter: Attribute name 'L1_nom' from line 12559 need to be changed to 'L1_NOM'
[2026-07-14 22:31:03,153][INFO]:  KiCad Pcb Converter: Attribute name 'Description_1' from line 12572 need to be changed to 'DESCRIPTION_1'
[2026-07-14 22:31:03,155][INFO]:  KiCad Pcb Converter: Attribute name 'D_max' from line 12598 need to be changed to 'D_MAX'
[2026-07-14 22:31:03,157][INFO]:  KiCad Pcb Converter: Attribute name 'A_nom' from line 12611 need to be changed to 'A_NOM'
[2026-07-14 22:31:03,158][INFO]:  KiCad Pcb Converter: Attribute name 'L1_max' from line 12624 need to be changed to 'L1_MAX'
[2026-07-14 22:31:03,159][INFO]:  KiCad Pcb Converter: Attribute name 'A_min' from line 12637 need to be changed to 'A_MIN'
[2026-07-14 22:31:03,161][INFO]:  KiCad Pcb Converter: Attribute name 'E_nom' from line 12663 need to be changed to 'E_NOM'
[2026-07-14 22:31:03,162][INFO]:  KiCad Pcb Converter: Attribute name 'L_nom' from line 12689 need to be changed to 'L_NOM'
[2026-07-14 22:31:03,165][INFO]:  KiCad Pcb Converter: Attribute name 'Description_1' from line 12905 need to be changed to 'DESCRIPTION_1'
[2026-07-14 22:31:03,166][INFO]:  KiCad Pcb Converter: Attribute name 'Package' from line 12918 need to be changed to 'PACKAGE'
[2026-07-14 22:31:03,167][INFO]:  KiCad Pcb Converter: Attribute name 'Price' from line 12931 need to be changed to 'PRICE'
[2026-07-14 22:31:03,167][INFO]:  KiCad Pcb Converter: Attribute name 'SnapEDA_Link' from line 12944 need to be changed to 'SNAPEDA_LINK'
[2026-07-14 22:31:03,168][INFO]:  KiCad Pcb Converter: Attribute name 'Purchase-URL' from line 12970 need to be changed to 'PURCHASE-URL'
[2026-07-14 22:31:03,169][INFO]:  KiCad Pcb Converter: Attribute name 'Availability' from line 12983 need to be changed to 'AVAILABILITY'
[2026-07-14 22:31:03,169][INFO]:  KiCad Pcb Converter: Attribute name 'Check_prices' from line 12996 need to be changed to 'CHECK_PRICES'
[2026-07-14 22:31:03,171][INFO]:  KiCad Pcb Converter: Attribute name 'Datasheet' from line 13155 need to be changed to 'DATASHEET'
[2026-07-14 22:31:03,172][INFO]:  KiCad Pcb Converter: Attribute name 'Description' from line 13167 need to be changed to 'DESCRIPTION'
[2026-07-14 22:31:03,173][INFO]:  KiCad Pcb Converter: Attribute name 'Description' from line 13588 need to be changed to 'DESCRIPTION'
[2026-07-14 22:31:03,174][INFO]:  KiCad Pcb Converter: Attribute name 'Description' from line 14083 need to be changed to 'DESCRIPTION'
[2026-07-14 22:31:03,174][INFO]:  KiCad Pcb Converter: Attribute name 'KiLib_Generator' from line 14094 need to be changed to 'KILIB_GENERATOR'
[2026-07-14 22:31:03,175][INFO]:  KiCad Pcb Converter: Attribute name 'Description' from line 14468 need to be changed to 'DESCRIPTION'
[2026-07-14 22:31:03,177][INFO]:  KiCad Pcb Converter: Attribute name 'L1_min' from line 14987 need to be changed to 'L1_MIN'
[2026-07-14 22:31:03,178][INFO]:  KiCad Pcb Converter: Attribute name 'Check_prices' from line 15000 need to be changed to 'CHECK_PRICES'
[2026-07-14 22:31:03,179][INFO]:  KiCad Pcb Converter: Attribute name 'Package' from line 15013 need to be changed to 'PACKAGE'
[2026-07-14 22:31:03,181][INFO]:  KiCad Pcb Converter: Attribute name 'E_min' from line 15039 need to be changed to 'E_MIN'
[2026-07-14 22:31:03,183][INFO]:  KiCad Pcb Converter: Attribute name 'SnapEDA_Link' from line 15052 need to be changed to 'SNAPEDA_LINK'
[2026-07-14 22:31:03,184][INFO]:  KiCad Pcb Converter: Attribute name 'D_min' from line 15065 need to be changed to 'D_MIN'
[2026-07-14 22:31:03,185][INFO]:  KiCad Pcb Converter: Attribute name 'D_nom' from line 15078 need to be changed to 'D_NOM'
[2026-07-14 22:31:03,187][INFO]:  KiCad Pcb Converter: Attribute name 'L_min' from line 15091 need to be changed to 'L_MIN'
[2026-07-14 22:31:03,188][INFO]:  KiCad Pcb Converter: Attribute name 'E_max' from line 15104 need to be changed to 'E_MAX'
[2026-07-14 22:31:03,189][INFO]:  KiCad Pcb Converter: Attribute name 'DigiKey_Part_Number' from line 15117 need to be changed to 'DIGIKEY_PART_NUMBER'
[2026-07-14 22:31:03,191][INFO]:  KiCad Pcb Converter: Attribute name 'L_max' from line 15130 need to be changed to 'L_MAX'
[2026-07-14 22:31:03,192][INFO]:  KiCad Pcb Converter: Attribute name 'A_max' from line 15143 need to be changed to 'A_MAX'
[2026-07-14 22:31:03,193][INFO]:  KiCad Pcb Converter: Attribute name 'L1_nom' from line 15156 need to be changed to 'L1_NOM'
[2026-07-14 22:31:03,194][INFO]:  KiCad Pcb Converter: Attribute name 'Description_1' from line 15169 need to be changed to 'DESCRIPTION_1'
[2026-07-14 22:31:03,197][INFO]:  KiCad Pcb Converter: Attribute name 'D_max' from line 15195 need to be changed to 'D_MAX'
[2026-07-14 22:31:03,198][INFO]:  KiCad Pcb Converter: Attribute name 'A_nom' from line 15208 need to be changed to 'A_NOM'
[2026-07-14 22:31:03,199][INFO]:  KiCad Pcb Converter: Attribute name 'L1_max' from line 15221 need to be changed to 'L1_MAX'
[2026-07-14 22:31:03,200][INFO]:  KiCad Pcb Converter: Attribute name 'A_min' from line 15234 need to be changed to 'A_MIN'
[2026-07-14 22:31:03,202][INFO]:  KiCad Pcb Converter: Attribute name 'E_nom' from line 15260 need to be changed to 'E_NOM'
[2026-07-14 22:31:03,204][INFO]:  KiCad Pcb Converter: Attribute name 'L_nom' from line 15286 need to be changed to 'L_NOM'
[2026-07-14 22:31:03,207][INFO]:  KiCad Pcb Converter: Attribute name 'L1_min' from line 15489 need to be changed to 'L1_MIN'
[2026-07-14 22:31:03,208][INFO]:  KiCad Pcb Converter: Attribute name 'Check_prices' from line 15502 need to be changed to 'CHECK_PRICES'
[2026-07-14 22:31:03,209][INFO]:  KiCad Pcb Converter: Attribute name 'Package' from line 15515 need to be changed to 'PACKAGE'
[2026-07-14 22:31:03,212][INFO]:  KiCad Pcb Converter: Attribute name 'E_min' from line 15541 need to be changed to 'E_MIN'
[2026-07-14 22:31:03,213][INFO]:  KiCad Pcb Converter: Attribute name 'SnapEDA_Link' from line 15554 need to be changed to 'SNAPEDA_LINK'
[2026-07-14 22:31:03,214][INFO]:  KiCad Pcb Converter: Attribute name 'D_min' from line 15567 need to be changed to 'D_MIN'
[2026-07-14 22:31:03,215][INFO]:  KiCad Pcb Converter: Attribute name 'D_nom' from line 15580 need to be changed to 'D_NOM'
[2026-07-14 22:31:03,216][INFO]:  KiCad Pcb Converter: Attribute name 'L_min' from line 15593 need to be changed to 'L_MIN'
[2026-07-14 22:31:03,217][INFO]:  KiCad Pcb Converter: Attribute name 'E_max' from line 15606 need to be changed to 'E_MAX'
[2026-07-14 22:31:03,219][INFO]:  KiCad Pcb Converter: Attribute name 'DigiKey_Part_Number' from line 15619 need to be changed to 'DIGIKEY_PART_NUMBER'
[2026-07-14 22:31:03,220][INFO]:  KiCad Pcb Converter: Attribute name 'L_max' from line 15632 need to be changed to 'L_MAX'
[2026-07-14 22:31:03,221][INFO]:  KiCad Pcb Converter: Attribute name 'A_max' from line 15645 need to be changed to 'A_MAX'
[2026-07-14 22:31:03,223][INFO]:  KiCad Pcb Converter: Attribute name 'L1_nom' from line 15658 need to be changed to 'L1_NOM'
[2026-07-14 22:31:03,223][INFO]:  KiCad Pcb Converter: Attribute name 'Description_1' from line 15671 need to be changed to 'DESCRIPTION_1'
[2026-07-14 22:31:03,227][INFO]:  KiCad Pcb Converter: Attribute name 'D_max' from line 15697 need to be changed to 'D_MAX'
[2026-07-14 22:31:03,228][INFO]:  KiCad Pcb Converter: Attribute name 'A_nom' from line 15710 need to be changed to 'A_NOM'
[2026-07-14 22:31:03,229][INFO]:  KiCad Pcb Converter: Attribute name 'L1_max' from line 15723 need to be changed to 'L1_MAX'
[2026-07-14 22:31:03,230][INFO]:  KiCad Pcb Converter: Attribute name 'A_min' from line 15736 need to be changed to 'A_MIN'
[2026-07-14 22:31:03,232][INFO]:  KiCad Pcb Converter: Attribute name 'E_nom' from line 15762 need to be changed to 'E_NOM'
[2026-07-14 22:31:03,234][INFO]:  KiCad Pcb Converter: Attribute name 'L_nom' from line 15788 need to be changed to 'L_NOM'
[2026-07-14 22:31:03,236][INFO]:  KiCad Pcb Converter: Attribute name 'Description' from line 16177 need to be changed to 'DESCRIPTION'
[2026-07-14 22:31:03,237][INFO]:  KiCad Pcb Converter: Attribute name 'Description' from line 16675 need to be changed to 'DESCRIPTION'
[2026-07-14 22:31:03,238][INFO]:  KiCad Pcb Converter: Attribute name 'Comment' from line 17194 need to be changed to 'COMMENT'
[2026-07-14 22:31:03,239][INFO]:  KiCad Pcb Converter: Attribute name 'Description_1' from line 17220 need to be changed to 'DESCRIPTION_1'
[2026-07-14 22:31:03,240][INFO]:  KiCad Pcb Converter: Attribute name 'Package' from line 17233 need to be changed to 'PACKAGE'
[2026-07-14 22:31:03,240][INFO]:  KiCad Pcb Converter: Attribute name 'Price' from line 17246 need to be changed to 'PRICE'
[2026-07-14 22:31:03,241][INFO]:  KiCad Pcb Converter: Attribute name 'SnapEDA_Link' from line 17259 need to be changed to 'SNAPEDA_LINK'
[2026-07-14 22:31:03,242][INFO]:  KiCad Pcb Converter: Attribute name 'Purchase-URL' from line 17285 need to be changed to 'PURCHASE-URL'
[2026-07-14 22:31:03,242][INFO]:  KiCad Pcb Converter: Attribute name 'Availability' from line 17298 need to be changed to 'AVAILABILITY'
[2026-07-14 22:31:03,243][INFO]:  KiCad Pcb Converter: Attribute name 'Check_prices' from line 17311 need to be changed to 'CHECK_PRICES'
[2026-07-14 22:31:03,243][INFO]:  KiCad Pcb Converter: Attribute name 'Description' from line 18003 need to be changed to 'DESCRIPTION'
[2026-07-14 22:31:03,245][INFO]:  KiCad Pcb Converter: Attribute name 'Sim.Device' from line 18029 need to be changed to 'SIM_DEVICE'
[2026-07-14 22:31:03,245][INFO]:  KiCad Pcb Converter: Attribute name 'Sim.Pins' from line 18042 need to be changed to 'SIM_PINS'
[2026-07-14 22:31:03,246][INFO]:  KiCad Pcb Converter: Attribute name 'Description' from line 18346 need to be changed to 'DESCRIPTION'
[2026-07-14 22:31:03,247][INFO]:  KiCad Pcb Converter: Attribute name 'Sim.Device' from line 18372 need to be changed to 'SIM_DEVICE'
[2026-07-14 22:31:03,248][INFO]:  KiCad Pcb Converter: Attribute name 'Sim.Pins' from line 18385 need to be changed to 'SIM_PINS'
[2026-07-14 22:31:03,250][INFO]:  KiCad Pcb Converter: Attribute name 'Description' from line 19139 need to be changed to 'DESCRIPTION'
[2026-07-14 22:31:03,251][INFO]:  KiCad Pcb Converter: Attribute name 'Sim.Device' from line 19165 need to be changed to 'SIM_DEVICE'
[2026-07-14 22:31:03,251][INFO]:  KiCad Pcb Converter: Attribute name 'Sim.Pins' from line 19178 need to be changed to 'SIM_PINS'
[2026-07-14 22:31:03,253][INFO]:  KiCad Pcb Converter: Attribute name 'L1_min' from line 19504 need to be changed to 'L1_MIN'
[2026-07-14 22:31:03,255][INFO]:  KiCad Pcb Converter: Attribute name 'Check_prices' from line 19517 need to be changed to 'CHECK_PRICES'
[2026-07-14 22:31:03,256][INFO]:  KiCad Pcb Converter: Attribute name 'Package' from line 19530 need to be changed to 'PACKAGE'
[2026-07-14 22:31:03,258][INFO]:  KiCad Pcb Converter: Attribute name 'E_min' from line 19556 need to be changed to 'E_MIN'
[2026-07-14 22:31:03,260][INFO]:  KiCad Pcb Converter: Attribute name 'SnapEDA_Link' from line 19569 need to be changed to 'SNAPEDA_LINK'
[2026-07-14 22:31:03,261][INFO]:  KiCad Pcb Converter: Attribute name 'D_min' from line 19582 need to be changed to 'D_MIN'
[2026-07-14 22:31:03,262][INFO]:  KiCad Pcb Converter: Attribute name 'D_nom' from line 19595 need to be changed to 'D_NOM'
[2026-07-14 22:31:03,264][INFO]:  KiCad Pcb Converter: Attribute name 'L_min' from line 19608 need to be changed to 'L_MIN'
[2026-07-14 22:31:03,265][INFO]:  KiCad Pcb Converter: Attribute name 'E_max' from line 19621 need to be changed to 'E_MAX'
[2026-07-14 22:31:03,266][INFO]:  KiCad Pcb Converter: Attribute name 'DigiKey_Part_Number' from line 19634 need to be changed to 'DIGIKEY_PART_NUMBER'
[2026-07-14 22:31:03,267][INFO]:  KiCad Pcb Converter: Attribute name 'L_max' from line 19647 need to be changed to 'L_MAX'
[2026-07-14 22:31:03,268][INFO]:  KiCad Pcb Converter: Attribute name 'A_max' from line 19660 need to be changed to 'A_MAX'
[2026-07-14 22:31:03,270][INFO]:  KiCad Pcb Converter: Attribute name 'L1_nom' from line 19673 need to be changed to 'L1_NOM'
[2026-07-14 22:31:03,271][INFO]:  KiCad Pcb Converter: Attribute name 'Description_1' from line 19686 need to be changed to 'DESCRIPTION_1'
[2026-07-14 22:31:03,273][INFO]:  KiCad Pcb Converter: Attribute name 'D_max' from line 19712 need to be changed to 'D_MAX'
[2026-07-14 22:31:03,275][INFO]:  KiCad Pcb Converter: Attribute name 'A_nom' from line 19725 need to be changed to 'A_NOM'
[2026-07-14 22:31:03,276][INFO]:  KiCad Pcb Converter: Attribute name 'L1_max' from line 19738 need to be changed to 'L1_MAX'
[2026-07-14 22:31:03,277][INFO]:  KiCad Pcb Converter: Attribute name 'A_min' from line 19751 need to be changed to 'A_MIN'
[2026-07-14 22:31:03,279][INFO]:  KiCad Pcb Converter: Attribute name 'E_nom' from line 19777 need to be changed to 'E_NOM'
[2026-07-14 22:31:03,281][INFO]:  KiCad Pcb Converter: Attribute name 'L_nom' from line 19803 need to be changed to 'L_NOM'
[2026-07-14 22:31:03,283][INFO]:  KiCad Pcb Converter: Attribute name 'Comment' from line 20006 need to be changed to 'COMMENT'
[2026-07-14 22:31:03,284][INFO]:  KiCad Pcb Converter: Attribute name 'Description_1' from line 20032 need to be changed to 'DESCRIPTION_1'
[2026-07-14 22:31:03,285][INFO]:  KiCad Pcb Converter: Attribute name 'Package' from line 20045 need to be changed to 'PACKAGE'
[2026-07-14 22:31:03,285][INFO]:  KiCad Pcb Converter: Attribute name 'Price' from line 20058 need to be changed to 'PRICE'
[2026-07-14 22:31:03,286][INFO]:  KiCad Pcb Converter: Attribute name 'SnapEDA_Link' from line 20071 need to be changed to 'SNAPEDA_LINK'
[2026-07-14 22:31:03,287][INFO]:  KiCad Pcb Converter: Attribute name 'Purchase-URL' from line 20097 need to be changed to 'PURCHASE-URL'
[2026-07-14 22:31:03,287][INFO]:  KiCad Pcb Converter: Attribute name 'Availability' from line 20110 need to be changed to 'AVAILABILITY'
[2026-07-14 22:31:03,288][INFO]:  KiCad Pcb Converter: Attribute name 'Check_prices' from line 20123 need to be changed to 'CHECK_PRICES'
[2026-07-14 22:31:03,289][WARN]:  KiCad Footprint Converter: Custom Shape pads are not supported. Importing pad from line '21012' as regular round pad. Pad geometries will be translated as footprint geometries.
[2026-07-14 22:31:03,289][WARN]:  KiCad Footprint Converter: Custom Shape pads are not supported. Importing pad from line '21047' as regular round pad. Pad geometries will be translated as footprint geometries.
[2026-07-14 22:31:03,289][WARN]:  KiCad Footprint Converter: Custom Shape pads are not supported. Importing pad from line '21082' as regular round pad. Pad geometries will be translated as footprint geometries.
[2026-07-14 22:31:03,289][WARN]:  KiCad Footprint Converter: Custom Shape pads are not supported. Importing pad from line '21117' as regular round pad. Pad geometries will be translated as footprint geometries.
[2026-07-14 22:31:03,291][INFO]:  KiCad Pcb Converter: Attribute name 'Datasheet' from line 20307 need to be changed to 'DATASHEET'
[2026-07-14 22:31:03,292][INFO]:  KiCad Pcb Converter: Attribute name 'Description' from line 20319 need to be changed to 'DESCRIPTION'
[2026-07-14 22:31:03,295][INFO]:  KiCad Pcb Converter: Attribute name 'Package' from line 20357 need to be changed to 'PACKAGE'
[2026-07-14 22:31:03,296][INFO]:  KiCad Pcb Converter: Attribute name 'Price' from line 20370 need to be changed to 'PRICE'
[2026-07-14 22:31:03,297][INFO]:  KiCad Pcb Converter: Attribute name 'Check_prices' from line 20383 need to be changed to 'CHECK_PRICES'
[2026-07-14 22:31:03,300][INFO]:  KiCad Pcb Converter: Attribute name 'SnapEDA_Link' from line 20422 need to be changed to 'SNAPEDA_LINK'
[2026-07-14 22:31:03,302][INFO]:  KiCad Pcb Converter: Attribute name 'Description_1' from line 20448 need to be changed to 'DESCRIPTION_1'
[2026-07-14 22:31:03,303][INFO]:  KiCad Pcb Converter: Attribute name 'Availability' from line 20474 need to be changed to 'AVAILABILITY'
[2026-07-14 22:31:03,309][INFO]:  KiCad Pcb Converter: Attribute name 'L1_min' from line 21218 need to be changed to 'L1_MIN'
[2026-07-14 22:31:03,310][INFO]:  KiCad Pcb Converter: Attribute name 'Check_prices' from line 21231 need to be changed to 'CHECK_PRICES'
[2026-07-14 22:31:03,312][INFO]:  KiCad Pcb Converter: Attribute name 'Package' from line 21244 need to be changed to 'PACKAGE'
[2026-07-14 22:31:03,314][INFO]:  KiCad Pcb Converter: Attribute name 'E_min' from line 21270 need to be changed to 'E_MIN'
[2026-07-14 22:31:03,315][INFO]:  KiCad Pcb Converter: Attribute name 'SnapEDA_Link' from line 21283 need to be changed to 'SNAPEDA_LINK'
[2026-07-14 22:31:03,316][INFO]:  KiCad Pcb Converter: Attribute name 'D_min' from line 21296 need to be changed to 'D_MIN'
[2026-07-14 22:31:03,317][INFO]:  KiCad Pcb Converter: Attribute name 'D_nom' from line 21309 need to be changed to 'D_NOM'
[2026-07-14 22:31:03,318][INFO]:  KiCad Pcb Converter: Attribute name 'L_min' from line 21322 need to be changed to 'L_MIN'
[2026-07-14 22:31:03,320][INFO]:  KiCad Pcb Converter: Attribute name 'E_max' from line 21335 need to be changed to 'E_MAX'
[2026-07-14 22:31:03,321][INFO]:  KiCad Pcb Converter: Attribute name 'DigiKey_Part_Number' from line 21348 need to be changed to 'DIGIKEY_PART_NUMBER'
[2026-07-14 22:31:03,322][INFO]:  KiCad Pcb Converter: Attribute name 'L_max' from line 21361 need to be changed to 'L_MAX'
[2026-07-14 22:31:03,323][INFO]:  KiCad Pcb Converter: Attribute name 'A_max' from line 21374 need to be changed to 'A_MAX'
[2026-07-14 22:31:03,325][INFO]:  KiCad Pcb Converter: Attribute name 'L1_nom' from line 21387 need to be changed to 'L1_NOM'
[2026-07-14 22:31:03,326][INFO]:  KiCad Pcb Converter: Attribute name 'Description_1' from line 21400 need to be changed to 'DESCRIPTION_1'
[2026-07-14 22:31:03,329][INFO]:  KiCad Pcb Converter: Attribute name 'D_max' from line 21426 need to be changed to 'D_MAX'
[2026-07-14 22:31:03,330][INFO]:  KiCad Pcb Converter: Attribute name 'A_nom' from line 21439 need to be changed to 'A_NOM'
[2026-07-14 22:31:03,331][INFO]:  KiCad Pcb Converter: Attribute name 'L1_max' from line 21452 need to be changed to 'L1_MAX'
[2026-07-14 22:31:03,332][INFO]:  KiCad Pcb Converter: Attribute name 'A_min' from line 21465 need to be changed to 'A_MIN'
[2026-07-14 22:31:03,334][INFO]:  KiCad Pcb Converter: Attribute name 'E_nom' from line 21491 need to be changed to 'E_NOM'
[2026-07-14 22:31:03,336][INFO]:  KiCad Pcb Converter: Attribute name 'L_nom' from line 21517 need to be changed to 'L_NOM'
[2026-07-14 22:31:03,337][INFO]:  KiCad Pcb Converter: Attribute name 'Description' from line 21698 need to be changed to 'DESCRIPTION'
[2026-07-14 22:31:03,338][INFO]:  KiCad Pcb Converter: Attribute name 'Sim.Device' from line 21724 need to be changed to 'SIM_DEVICE'
[2026-07-14 22:31:03,338][INFO]:  KiCad Pcb Converter: Attribute name 'Sim.Pins' from line 21737 need to be changed to 'SIM_PINS'
[2026-07-14 22:31:03,340][INFO]:  KiCad Pcb Converter: Attribute name 'Description' from line 22041 need to be changed to 'DESCRIPTION'
[2026-07-14 22:31:03,341][INFO]:  KiCad Pcb Converter: Attribute name 'Description' from line 22149 need to be changed to 'DESCRIPTION'
[2026-07-14 22:31:03,342][INFO]:  KiCad Pcb Converter: Attribute name 'Description' from line 22558 need to be changed to 'DESCRIPTION'
[2026-07-14 22:31:03,345][INFO]:  KiCad Pcb Converter: Attribute name 'L1_min' from line 23672 need to be changed to 'L1_MIN'
[2026-07-14 22:31:03,346][INFO]:  KiCad Pcb Converter: Attribute name 'Check_prices' from line 23685 need to be changed to 'CHECK_PRICES'
[2026-07-14 22:31:03,348][INFO]:  KiCad Pcb Converter: Attribute name 'Package' from line 23698 need to be changed to 'PACKAGE'
[2026-07-14 22:31:03,350][INFO]:  KiCad Pcb Converter: Attribute name 'E_min' from line 23724 need to be changed to 'E_MIN'
[2026-07-14 22:31:03,351][INFO]:  KiCad Pcb Converter: Attribute name 'SnapEDA_Link' from line 23737 need to be changed to 'SNAPEDA_LINK'
[2026-07-14 22:31:03,352][INFO]:  KiCad Pcb Converter: Attribute name 'D_min' from line 23750 need to be changed to 'D_MIN'
[2026-07-14 22:31:03,353][INFO]:  KiCad Pcb Converter: Attribute name 'D_nom' from line 23763 need to be changed to 'D_NOM'
[2026-07-14 22:31:03,355][INFO]:  KiCad Pcb Converter: Attribute name 'L_min' from line 23776 need to be changed to 'L_MIN'
[2026-07-14 22:31:03,356][INFO]:  KiCad Pcb Converter: Attribute name 'E_max' from line 23789 need to be changed to 'E_MAX'
[2026-07-14 22:31:03,358][INFO]:  KiCad Pcb Converter: Attribute name 'DigiKey_Part_Number' from line 23802 need to be changed to 'DIGIKEY_PART_NUMBER'
[2026-07-14 22:31:03,359][INFO]:  KiCad Pcb Converter: Attribute name 'L_max' from line 23815 need to be changed to 'L_MAX'
[2026-07-14 22:31:03,360][INFO]:  KiCad Pcb Converter: Attribute name 'A_max' from line 23828 need to be changed to 'A_MAX'
[2026-07-14 22:31:03,361][INFO]:  KiCad Pcb Converter: Attribute name 'L1_nom' from line 23841 need to be changed to 'L1_NOM'
[2026-07-14 22:31:03,363][INFO]:  KiCad Pcb Converter: Attribute name 'Description_1' from line 23854 need to be changed to 'DESCRIPTION_1'
[2026-07-14 22:31:03,365][INFO]:  KiCad Pcb Converter: Attribute name 'D_max' from line 23880 need to be changed to 'D_MAX'
[2026-07-14 22:31:03,366][INFO]:  KiCad Pcb Converter: Attribute name 'A_nom' from line 23893 need to be changed to 'A_NOM'
[2026-07-14 22:31:03,367][INFO]:  KiCad Pcb Converter: Attribute name 'L1_max' from line 23906 need to be changed to 'L1_MAX'
[2026-07-14 22:31:03,368][INFO]:  KiCad Pcb Converter: Attribute name 'A_min' from line 23919 need to be changed to 'A_MIN'
[2026-07-14 22:31:03,370][INFO]:  KiCad Pcb Converter: Attribute name 'E_nom' from line 23945 need to be changed to 'E_NOM'
[2026-07-14 22:31:03,371][INFO]:  KiCad Pcb Converter: Attribute name 'L_nom' from line 23971 need to be changed to 'L_NOM'
[2026-07-14 22:31:03,373][INFO]:  KiCad Pcb Converter: Attribute name 'Description' from line 24150 need to be changed to 'DESCRIPTION'
[2026-07-14 22:31:03,375][INFO]:  KiCad Pcb Converter: Attribute name 'KiLib_Generator' from line 24161 need to be changed to 'KILIB_GENERATOR'
[2026-07-14 22:31:03,375][INFO]:  KiCad Pcb Converter: Attribute name 'Description' from line 24414 need to be changed to 'DESCRIPTION'
[2026-07-14 22:31:03,376][INFO]:  KiCad Pcb Converter: Attribute name 'Sim.Device' from line 24440 need to be changed to 'SIM_DEVICE'
[2026-07-14 22:31:03,376][INFO]:  KiCad Pcb Converter: Attribute name 'Sim.Pins' from line 24453 need to be changed to 'SIM_PINS'
[2026-07-14 22:31:03,378][INFO]:  KiCad Pcb Converter: Attribute name 'L1_min' from line 24779 need to be changed to 'L1_MIN'
[2026-07-14 22:31:03,379][INFO]:  KiCad Pcb Converter: Attribute name 'Check_prices' from line 24792 need to be changed to 'CHECK_PRICES'
[2026-07-14 22:31:03,381][INFO]:  KiCad Pcb Converter: Attribute name 'Package' from line 24805 need to be changed to 'PACKAGE'
[2026-07-14 22:31:03,383][INFO]:  KiCad Pcb Converter: Attribute name 'E_min' from line 24831 need to be changed to 'E_MIN'
[2026-07-14 22:31:03,384][INFO]:  KiCad Pcb Converter: Attribute name 'SnapEDA_Link' from line 24844 need to be changed to 'SNAPEDA_LINK'
[2026-07-14 22:31:03,386][INFO]:  KiCad Pcb Converter: Attribute name 'D_min' from line 24857 need to be changed to 'D_MIN'
[2026-07-14 22:31:03,387][INFO]:  KiCad Pcb Converter: Attribute name 'D_nom' from line 24870 need to be changed to 'D_NOM'
[2026-07-14 22:31:03,388][INFO]:  KiCad Pcb Converter: Attribute name 'L_min' from line 24883 need to be changed to 'L_MIN'
[2026-07-14 22:31:03,389][INFO]:  KiCad Pcb Converter: Attribute name 'E_max' from line 24896 need to be changed to 'E_MAX'
[2026-07-14 22:31:03,390][INFO]:  KiCad Pcb Converter: Attribute name 'DigiKey_Part_Number' from line 24909 need to be changed to 'DIGIKEY_PART_NUMBER'
[2026-07-14 22:31:03,392][INFO]:  KiCad Pcb Converter: Attribute name 'L_max' from line 24922 need to be changed to 'L_MAX'
[2026-07-14 22:31:03,393][INFO]:  KiCad Pcb Converter: Attribute name 'A_max' from line 24935 need to be changed to 'A_MAX'
[2026-07-14 22:31:03,395][INFO]:  KiCad Pcb Converter: Attribute name 'L1_nom' from line 24948 need to be changed to 'L1_NOM'
[2026-07-14 22:31:03,396][INFO]:  KiCad Pcb Converter: Attribute name 'Description_1' from line 24961 need to be changed to 'DESCRIPTION_1'
[2026-07-14 22:31:03,399][INFO]:  KiCad Pcb Converter: Attribute name 'D_max' from line 24987 need to be changed to 'D_MAX'
[2026-07-14 22:31:03,400][INFO]:  KiCad Pcb Converter: Attribute name 'A_nom' from line 25000 need to be changed to 'A_NOM'
[2026-07-14 22:31:03,401][INFO]:  KiCad Pcb Converter: Attribute name 'L1_max' from line 25013 need to be changed to 'L1_MAX'
[2026-07-14 22:31:03,402][INFO]:  KiCad Pcb Converter: Attribute name 'A_min' from line 25026 need to be changed to 'A_MIN'
[2026-07-14 22:31:03,404][INFO]:  KiCad Pcb Converter: Attribute name 'E_nom' from line 25052 need to be changed to 'E_NOM'
[2026-07-14 22:31:03,406][INFO]:  KiCad Pcb Converter: Attribute name 'L_nom' from line 25078 need to be changed to 'L_NOM'
[2026-07-14 22:31:03,408][INFO]:  KiCad Pcb Converter: Attribute name 'Description' from line 25259 need to be changed to 'DESCRIPTION'
[2026-07-14 22:31:03,408][INFO]:  KiCad Pcb Converter: Attribute name 'Sim.Device' from line 25285 need to be changed to 'SIM_DEVICE'
[2026-07-14 22:31:03,409][INFO]:  KiCad Pcb Converter: Attribute name 'Sim.Pins' from line 25298 need to be changed to 'SIM_PINS'
[2026-07-14 22:31:03,411][INFO]:  KiCad Pcb Converter: Attribute name 'L1_min' from line 25624 need to be changed to 'L1_MIN'
[2026-07-14 22:31:03,412][INFO]:  KiCad Pcb Converter: Attribute name 'Check_prices' from line 25637 need to be changed to 'CHECK_PRICES'
[2026-07-14 22:31:03,413][INFO]:  KiCad Pcb Converter: Attribute name 'Package' from line 25650 need to be changed to 'PACKAGE'
[2026-07-14 22:31:03,416][INFO]:  KiCad Pcb Converter: Attribute name 'E_min' from line 25676 need to be changed to 'E_MIN'
[2026-07-14 22:31:03,418][INFO]:  KiCad Pcb Converter: Attribute name 'SnapEDA_Link' from line 25689 need to be changed to 'SNAPEDA_LINK'
[2026-07-14 22:31:03,419][INFO]:  KiCad Pcb Converter: Attribute name 'D_min' from line 25702 need to be changed to 'D_MIN'
[2026-07-14 22:31:03,420][INFO]:  KiCad Pcb Converter: Attribute name 'D_nom' from line 25715 need to be changed to 'D_NOM'
[2026-07-14 22:31:03,421][INFO]:  KiCad Pcb Converter: Attribute name 'L_min' from line 25728 need to be changed to 'L_MIN'
[2026-07-14 22:31:03,423][INFO]:  KiCad Pcb Converter: Attribute name 'E_max' from line 25741 need to be changed to 'E_MAX'
[2026-07-14 22:31:03,424][INFO]:  KiCad Pcb Converter: Attribute name 'DigiKey_Part_Number' from line 25754 need to be changed to 'DIGIKEY_PART_NUMBER'
[2026-07-14 22:31:03,426][INFO]:  KiCad Pcb Converter: Attribute name 'L_max' from line 25767 need to be changed to 'L_MAX'
[2026-07-14 22:31:03,427][INFO]:  KiCad Pcb Converter: Attribute name 'A_max' from line 25780 need to be changed to 'A_MAX'
[2026-07-14 22:31:03,429][INFO]:  KiCad Pcb Converter: Attribute name 'L1_nom' from line 25793 need to be changed to 'L1_NOM'
[2026-07-14 22:31:03,430][INFO]:  KiCad Pcb Converter: Attribute name 'Description_1' from line 25806 need to be changed to 'DESCRIPTION_1'
[2026-07-14 22:31:03,432][INFO]:  KiCad Pcb Converter: Attribute name 'D_max' from line 25832 need to be changed to 'D_MAX'
[2026-07-14 22:31:03,433][INFO]:  KiCad Pcb Converter: Attribute name 'A_nom' from line 25845 need to be changed to 'A_NOM'
[2026-07-14 22:31:03,435][INFO]:  KiCad Pcb Converter: Attribute name 'L1_max' from line 25858 need to be changed to 'L1_MAX'
[2026-07-14 22:31:03,436][INFO]:  KiCad Pcb Converter: Attribute name 'A_min' from line 25871 need to be changed to 'A_MIN'
[2026-07-14 22:31:03,437][INFO]:  KiCad Pcb Converter: Attribute name 'E_nom' from line 25897 need to be changed to 'E_NOM'
[2026-07-14 22:31:03,439][INFO]:  KiCad Pcb Converter: Attribute name 'L_nom' from line 25923 need to be changed to 'L_NOM'
[2026-07-14 22:31:03,442][INFO]:  KiCad Pcb Converter: Attribute name 'L1_min' from line 26126 need to be changed to 'L1_MIN'
[2026-07-14 22:31:03,443][INFO]:  KiCad Pcb Converter: Attribute name 'Check_prices' from line 26139 need to be changed to 'CHECK_PRICES'
[2026-07-14 22:31:03,445][INFO]:  KiCad Pcb Converter: Attribute name 'Package' from line 26152 need to be changed to 'PACKAGE'
[2026-07-14 22:31:03,448][INFO]:  KiCad Pcb Converter: Attribute name 'E_min' from line 26178 need to be changed to 'E_MIN'
[2026-07-14 22:31:03,449][INFO]:  KiCad Pcb Converter: Attribute name 'SnapEDA_Link' from line 26191 need to be changed to 'SNAPEDA_LINK'
[2026-07-14 22:31:03,450][INFO]:  KiCad Pcb Converter: Attribute name 'D_min' from line 26204 need to be changed to 'D_MIN'
[2026-07-14 22:31:03,451][INFO]:  KiCad Pcb Converter: Attribute name 'D_nom' from line 26217 need to be changed to 'D_NOM'
[2026-07-14 22:31:03,452][INFO]:  KiCad Pcb Converter: Attribute name 'L_min' from line 26230 need to be changed to 'L_MIN'
[2026-07-14 22:31:03,453][INFO]:  KiCad Pcb Converter: Attribute name 'E_max' from line 26243 need to be changed to 'E_MAX'
[2026-07-14 22:31:03,456][INFO]:  KiCad Pcb Converter: Attribute name 'DigiKey_Part_Number' from line 26256 need to be changed to 'DIGIKEY_PART_NUMBER'
[2026-07-14 22:31:03,457][INFO]:  KiCad Pcb Converter: Attribute name 'L_max' from line 26269 need to be changed to 'L_MAX'
[2026-07-14 22:31:03,458][INFO]:  KiCad Pcb Converter: Attribute name 'A_max' from line 26282 need to be changed to 'A_MAX'
[2026-07-14 22:31:03,460][INFO]:  KiCad Pcb Converter: Attribute name 'L1_nom' from line 26295 need to be changed to 'L1_NOM'
[2026-07-14 22:31:03,461][INFO]:  KiCad Pcb Converter: Attribute name 'Description_1' from line 26308 need to be changed to 'DESCRIPTION_1'
[2026-07-14 22:31:03,464][INFO]:  KiCad Pcb Converter: Attribute name 'D_max' from line 26334 need to be changed to 'D_MAX'
[2026-07-14 22:31:03,465][INFO]:  KiCad Pcb Converter: Attribute name 'A_nom' from line 26347 need to be changed to 'A_NOM'
[2026-07-14 22:31:03,466][INFO]:  KiCad Pcb Converter: Attribute name 'L1_max' from line 26360 need to be changed to 'L1_MAX'
[2026-07-14 22:31:03,467][INFO]:  KiCad Pcb Converter: Attribute name 'A_min' from line 26373 need to be changed to 'A_MIN'
[2026-07-14 22:31:03,469][INFO]:  KiCad Pcb Converter: Attribute name 'E_nom' from line 26399 need to be changed to 'E_NOM'
[2026-07-14 22:31:03,471][INFO]:  KiCad Pcb Converter: Attribute name 'L_nom' from line 26425 need to be changed to 'L_NOM'
[2026-07-14 22:31:03,473][INFO]:  KiCad Pcb Converter: Attribute name 'Description' from line 26607 need to be changed to 'DESCRIPTION'
[2026-07-14 22:31:03,475][INFO]:  KiCad Pcb Converter: Attribute name 'Description' from line 27104 need to be changed to 'DESCRIPTION'
[2026-07-14 22:31:03,475][INFO]:  KiCad Pcb Converter: Attribute name 'Sim.Device' from line 27130 need to be changed to 'SIM_DEVICE'
[2026-07-14 22:31:03,476][INFO]:  KiCad Pcb Converter: Attribute name 'Sim.Pins' from line 27143 need to be changed to 'SIM_PINS'
[2026-07-14 22:31:03,476][INFO]:  KiCad Pcb Converter: Attribute name 'Description' from line 27447 need to be changed to 'DESCRIPTION'
[2026-07-14 22:31:03,478][INFO]:  KiCad Pcb Converter: Attribute name 'Description' from line 29035 need to be changed to 'DESCRIPTION'
[2026-07-14 22:31:03,478][INFO]:  KiCad Pcb Converter: Attribute name 'Description' from line 29204 need to be changed to 'DESCRIPTION'
[2026-07-14 22:31:03,479][INFO]:  KiCad Pcb Converter: Attribute name 'Sim.Device' from line 29230 need to be changed to 'SIM_DEVICE'
[2026-07-14 22:31:03,479][INFO]:  KiCad Pcb Converter: Attribute name 'Sim.Pins' from line 29243 need to be changed to 'SIM_PINS'
[2026-07-14 22:31:03,480][INFO]:  KiCad Pcb Converter: Attribute name 'Description' from line 29547 need to be changed to 'DESCRIPTION'
[2026-07-14 22:31:03,481][INFO]:  KiCad Pcb Converter: Attribute name 'Sim.Device' from line 29573 need to be changed to 'SIM_DEVICE'
[2026-07-14 22:31:03,481][INFO]:  KiCad Pcb Converter: Attribute name 'Sim.Pins' from line 29586 need to be changed to 'SIM_PINS'
[2026-07-14 22:31:03,484][INFO]:  KiCad Pcb Converter: Attribute name 'L1_min' from line 30405 need to be changed to 'L1_MIN'
[2026-07-14 22:31:03,485][INFO]:  KiCad Pcb Converter: Attribute name 'Check_prices' from line 30418 need to be changed to 'CHECK_PRICES'
[2026-07-14 22:31:03,486][INFO]:  KiCad Pcb Converter: Attribute name 'Package' from line 30431 need to be changed to 'PACKAGE'
[2026-07-14 22:31:03,489][INFO]:  KiCad Pcb Converter: Attribute name 'E_min' from line 30457 need to be changed to 'E_MIN'
[2026-07-14 22:31:03,490][INFO]:  KiCad Pcb Converter: Attribute name 'SnapEDA_Link' from line 30470 need to be changed to 'SNAPEDA_LINK'
[2026-07-14 22:31:03,492][INFO]:  KiCad Pcb Converter: Attribute name 'D_min' from line 30483 need to be changed to 'D_MIN'
[2026-07-14 22:31:03,493][INFO]:  KiCad Pcb Converter: Attribute name 'D_nom' from line 30496 need to be changed to 'D_NOM'
[2026-07-14 22:31:03,495][INFO]:  KiCad Pcb Converter: Attribute name 'L_min' from line 30509 need to be changed to 'L_MIN'
[2026-07-14 22:31:03,496][INFO]:  KiCad Pcb Converter: Attribute name 'E_max' from line 30522 need to be changed to 'E_MAX'
[2026-07-14 22:31:03,498][INFO]:  KiCad Pcb Converter: Attribute name 'DigiKey_Part_Number' from line 30535 need to be changed to 'DIGIKEY_PART_NUMBER'
[2026-07-14 22:31:03,499][INFO]:  KiCad Pcb Converter: Attribute name 'L_max' from line 30548 need to be changed to 'L_MAX'
[2026-07-14 22:31:03,500][INFO]:  KiCad Pcb Converter: Attribute name 'A_max' from line 30561 need to be changed to 'A_MAX'
[2026-07-14 22:31:03,502][INFO]:  KiCad Pcb Converter: Attribute name 'L1_nom' from line 30574 need to be changed to 'L1_NOM'
[2026-07-14 22:31:03,503][INFO]:  KiCad Pcb Converter: Attribute name 'Description_1' from line 30587 need to be changed to 'DESCRIPTION_1'
[2026-07-14 22:31:03,505][INFO]:  KiCad Pcb Converter: Attribute name 'D_max' from line 30613 need to be changed to 'D_MAX'
[2026-07-14 22:31:03,506][INFO]:  KiCad Pcb Converter: Attribute name 'A_nom' from line 30626 need to be changed to 'A_NOM'
[2026-07-14 22:31:03,507][INFO]:  KiCad Pcb Converter: Attribute name 'L1_max' from line 30639 need to be changed to 'L1_MAX'
[2026-07-14 22:31:03,508][INFO]:  KiCad Pcb Converter: Attribute name 'A_min' from line 30652 need to be changed to 'A_MIN'
[2026-07-14 22:31:03,510][INFO]:  KiCad Pcb Converter: Attribute name 'E_nom' from line 30678 need to be changed to 'E_NOM'
[2026-07-14 22:31:03,512][INFO]:  KiCad Pcb Converter: Attribute name 'L_nom' from line 30704 need to be changed to 'L_NOM'
[2026-07-14 22:31:03,516][INFO]:  KiCad Pcb Converter: Attribute name 'L1_min' from line 30907 need to be changed to 'L1_MIN'
[2026-07-14 22:31:03,517][INFO]:  KiCad Pcb Converter: Attribute name 'Check_prices' from line 30920 need to be changed to 'CHECK_PRICES'
[2026-07-14 22:31:03,518][INFO]:  KiCad Pcb Converter: Attribute name 'Package' from line 30933 need to be changed to 'PACKAGE'
[2026-07-14 22:31:03,521][INFO]:  KiCad Pcb Converter: Attribute name 'E_min' from line 30959 need to be changed to 'E_MIN'
[2026-07-14 22:31:03,522][INFO]:  KiCad Pcb Converter: Attribute name 'SnapEDA_Link' from line 30972 need to be changed to 'SNAPEDA_LINK'
[2026-07-14 22:31:03,523][INFO]:  KiCad Pcb Converter: Attribute name 'D_min' from line 30985 need to be changed to 'D_MIN'
[2026-07-14 22:31:03,525][INFO]:  KiCad Pcb Converter: Attribute name 'D_nom' from line 30998 need to be changed to 'D_NOM'
[2026-07-14 22:31:03,526][INFO]:  KiCad Pcb Converter: Attribute name 'L_min' from line 31011 need to be changed to 'L_MIN'
[2026-07-14 22:31:03,527][INFO]:  KiCad Pcb Converter: Attribute name 'E_max' from line 31024 need to be changed to 'E_MAX'
[2026-07-14 22:31:03,529][INFO]:  KiCad Pcb Converter: Attribute name 'DigiKey_Part_Number' from line 31037 need to be changed to 'DIGIKEY_PART_NUMBER'
[2026-07-14 22:31:03,530][INFO]:  KiCad Pcb Converter: Attribute name 'L_max' from line 31050 need to be changed to 'L_MAX'
[2026-07-14 22:31:03,532][INFO]:  KiCad Pcb Converter: Attribute name 'A_max' from line 31063 need to be changed to 'A_MAX'
[2026-07-14 22:31:03,533][INFO]:  KiCad Pcb Converter: Attribute name 'L1_nom' from line 31076 need to be changed to 'L1_NOM'
[2026-07-14 22:31:03,535][INFO]:  KiCad Pcb Converter: Attribute name 'Description_1' from line 31089 need to be changed to 'DESCRIPTION_1'
[2026-07-14 22:31:03,537][INFO]:  KiCad Pcb Converter: Attribute name 'D_max' from line 31115 need to be changed to 'D_MAX'
[2026-07-14 22:31:03,538][INFO]:  KiCad Pcb Converter: Attribute name 'A_nom' from line 31128 need to be changed to 'A_NOM'
[2026-07-14 22:31:03,540][INFO]:  KiCad Pcb Converter: Attribute name 'L1_max' from line 31141 need to be changed to 'L1_MAX'
[2026-07-14 22:31:03,541][INFO]:  KiCad Pcb Converter: Attribute name 'A_min' from line 31154 need to be changed to 'A_MIN'
[2026-07-14 22:31:03,543][INFO]:  KiCad Pcb Converter: Attribute name 'E_nom' from line 31180 need to be changed to 'E_NOM'
[2026-07-14 22:31:03,545][INFO]:  KiCad Pcb Converter: Attribute name 'L_nom' from line 31206 need to be changed to 'L_NOM'
[2026-07-14 22:31:03,546][INFO]:  KiCad Pcb Converter: Attribute name 'Description' from line 31388 need to be changed to 'DESCRIPTION'
[2026-07-14 22:31:03,546][INFO]:  KiCad Pcb Converter: Attribute name 'Description' from line 31558 need to be changed to 'DESCRIPTION'
[2026-07-14 22:31:03,547][INFO]:  KiCad Pcb Converter: Attribute name 'Sim.Device' from line 31584 need to be changed to 'SIM_DEVICE'
[2026-07-14 22:31:03,547][INFO]:  KiCad Pcb Converter: Attribute name 'Sim.Pins' from line 31597 need to be changed to 'SIM_PINS'
[2026-07-14 22:31:03,550][INFO]:  KiCad Pcb Converter: Attribute name 'L1_min' from line 32416 need to be changed to 'L1_MIN'
[2026-07-14 22:31:03,551][INFO]:  KiCad Pcb Converter: Attribute name 'Check_prices' from line 32429 need to be changed to 'CHECK_PRICES'
[2026-07-14 22:31:03,553][INFO]:  KiCad Pcb Converter: Attribute name 'Package' from line 32442 need to be changed to 'PACKAGE'
[2026-07-14 22:31:03,556][INFO]:  KiCad Pcb Converter: Attribute name 'E_min' from line 32468 need to be changed to 'E_MIN'
[2026-07-14 22:31:03,558][INFO]:  KiCad Pcb Converter: Attribute name 'SnapEDA_Link' from line 32481 need to be changed to 'SNAPEDA_LINK'
[2026-07-14 22:31:03,559][INFO]:  KiCad Pcb Converter: Attribute name 'D_min' from line 32494 need to be changed to 'D_MIN'
[2026-07-14 22:31:03,560][INFO]:  KiCad Pcb Converter: Attribute name 'D_nom' from line 32507 need to be changed to 'D_NOM'
[2026-07-14 22:31:03,562][INFO]:  KiCad Pcb Converter: Attribute name 'L_min' from line 32520 need to be changed to 'L_MIN'
[2026-07-14 22:31:03,563][INFO]:  KiCad Pcb Converter: Attribute name 'E_max' from line 32533 need to be changed to 'E_MAX'
[2026-07-14 22:31:03,565][INFO]:  KiCad Pcb Converter: Attribute name 'DigiKey_Part_Number' from line 32546 need to be changed to 'DIGIKEY_PART_NUMBER'
[2026-07-14 22:31:03,566][INFO]:  KiCad Pcb Converter: Attribute name 'L_max' from line 32559 need to be changed to 'L_MAX'
[2026-07-14 22:31:03,567][INFO]:  KiCad Pcb Converter: Attribute name 'A_max' from line 32572 need to be changed to 'A_MAX'
[2026-07-14 22:31:03,568][INFO]:  KiCad Pcb Converter: Attribute name 'L1_nom' from line 32585 need to be changed to 'L1_NOM'
[2026-07-14 22:31:03,570][INFO]:  KiCad Pcb Converter: Attribute name 'Description_1' from line 32598 need to be changed to 'DESCRIPTION_1'
[2026-07-14 22:31:03,572][INFO]:  KiCad Pcb Converter: Attribute name 'D_max' from line 32624 need to be changed to 'D_MAX'
[2026-07-14 22:31:03,573][INFO]:  KiCad Pcb Converter: Attribute name 'A_nom' from line 32637 need to be changed to 'A_NOM'
[2026-07-14 22:31:03,575][INFO]:  KiCad Pcb Converter: Attribute name 'L1_max' from line 32650 need to be changed to 'L1_MAX'
[2026-07-14 22:31:03,577][INFO]:  KiCad Pcb Converter: Attribute name 'A_min' from line 32663 need to be changed to 'A_MIN'
[2026-07-14 22:31:03,579][INFO]:  KiCad Pcb Converter: Attribute name 'E_nom' from line 32689 need to be changed to 'E_NOM'
[2026-07-14 22:31:03,581][INFO]:  KiCad Pcb Converter: Attribute name 'L_nom' from line 32715 need to be changed to 'L_NOM'
[2026-07-14 22:31:03,582][INFO]:  KiCad Pcb Converter: Attribute name 'Purchase-URL' from line 32728 need to be changed to 'PURCHASE-URL'
[2026-07-14 22:31:03,584][INFO]:  KiCad Pcb Converter: Attribute name 'Description' from line 32910 need to be changed to 'DESCRIPTION'
[2026-07-14 22:31:03,587][INFO]:  KiCad Pcb Converter: Attribute name 'L1_min' from line 33429 need to be changed to 'L1_MIN'
[2026-07-14 22:31:03,588][INFO]:  KiCad Pcb Converter: Attribute name 'Check_prices' from line 33442 need to be changed to 'CHECK_PRICES'
[2026-07-14 22:31:03,589][INFO]:  KiCad Pcb Converter: Attribute name 'Package' from line 33455 need to be changed to 'PACKAGE'
[2026-07-14 22:31:03,592][INFO]:  KiCad Pcb Converter: Attribute name 'E_min' from line 33481 need to be changed to 'E_MIN'
[2026-07-14 22:31:03,594][INFO]:  KiCad Pcb Converter: Attribute name 'SnapEDA_Link' from line 33494 need to be changed to 'SNAPEDA_LINK'
[2026-07-14 22:31:03,595][INFO]:  KiCad Pcb Converter: Attribute name 'D_min' from line 33507 need to be changed to 'D_MIN'
[2026-07-14 22:31:03,596][INFO]:  KiCad Pcb Converter: Attribute name 'D_nom' from line 33520 need to be changed to 'D_NOM'
[2026-07-14 22:31:03,598][INFO]:  KiCad Pcb Converter: Attribute name 'L_min' from line 33533 need to be changed to 'L_MIN'
[2026-07-14 22:31:03,600][INFO]:  KiCad Pcb Converter: Attribute name 'E_max' from line 33546 need to be changed to 'E_MAX'
[2026-07-14 22:31:03,601][INFO]:  KiCad Pcb Converter: Attribute name 'DigiKey_Part_Number' from line 33559 need to be changed to 'DIGIKEY_PART_NUMBER'
[2026-07-14 22:31:03,602][INFO]:  KiCad Pcb Converter: Attribute name 'L_max' from line 33572 need to be changed to 'L_MAX'
[2026-07-14 22:31:03,604][INFO]:  KiCad Pcb Converter: Attribute name 'A_max' from line 33585 need to be changed to 'A_MAX'
[2026-07-14 22:31:03,605][INFO]:  KiCad Pcb Converter: Attribute name 'L1_nom' from line 33598 need to be changed to 'L1_NOM'
[2026-07-14 22:31:03,607][INFO]:  KiCad Pcb Converter: Attribute name 'Description_1' from line 33611 need to be changed to 'DESCRIPTION_1'
[2026-07-14 22:31:03,609][INFO]:  KiCad Pcb Converter: Attribute name 'D_max' from line 33637 need to be changed to 'D_MAX'
[2026-07-14 22:31:03,611][INFO]:  KiCad Pcb Converter: Attribute name 'A_nom' from line 33650 need to be changed to 'A_NOM'
[2026-07-14 22:31:03,612][INFO]:  KiCad Pcb Converter: Attribute name 'L1_max' from line 33663 need to be changed to 'L1_MAX'
[2026-07-14 22:31:03,613][INFO]:  KiCad Pcb Converter: Attribute name 'A_min' from line 33676 need to be changed to 'A_MIN'
[2026-07-14 22:31:03,616][INFO]:  KiCad Pcb Converter: Attribute name 'E_nom' from line 33702 need to be changed to 'E_NOM'
[2026-07-14 22:31:03,618][INFO]:  KiCad Pcb Converter: Attribute name 'L_nom' from line 33728 need to be changed to 'L_NOM'
[2026-07-14 22:31:03,619][INFO]:  KiCad Pcb Converter: Attribute name 'Purchase-URL' from line 33741 need to be changed to 'PURCHASE-URL'
[2026-07-14 22:31:03,621][INFO]:  KiCad Pcb Converter: Attribute name 'Description' from line 34415 need to be changed to 'DESCRIPTION'
[2026-07-14 22:31:03,622][INFO]:  KiCad Pcb Converter: Attribute name 'Sim.Device' from line 34441 need to be changed to 'SIM_DEVICE'
[2026-07-14 22:31:03,622][INFO]:  KiCad Pcb Converter: Attribute name 'Sim.Pins' from line 34454 need to be changed to 'SIM_PINS'
[2026-07-14 22:31:03,624][INFO]:  KiCad Pcb Converter: Attribute name 'Comment' from line 34780 need to be changed to 'COMMENT'
[2026-07-14 22:31:03,624][INFO]:  KiCad Pcb Converter: Attribute name 'Description_1' from line 34806 need to be changed to 'DESCRIPTION_1'
[2026-07-14 22:31:03,626][INFO]:  KiCad Pcb Converter: Attribute name 'Package' from line 34819 need to be changed to 'PACKAGE'
[2026-07-14 22:31:03,626][INFO]:  KiCad Pcb Converter: Attribute name 'Price' from line 34832 need to be changed to 'PRICE'
[2026-07-14 22:31:03,627][INFO]:  KiCad Pcb Converter: Attribute name 'SnapEDA_Link' from line 34845 need to be changed to 'SNAPEDA_LINK'
[2026-07-14 22:31:03,628][INFO]:  KiCad Pcb Converter: Attribute name 'Purchase-URL' from line 34871 need to be changed to 'PURCHASE-URL'
[2026-07-14 22:31:03,629][INFO]:  KiCad Pcb Converter: Attribute name 'Availability' from line 34884 need to be changed to 'AVAILABILITY'
[2026-07-14 22:31:03,629][INFO]:  KiCad Pcb Converter: Attribute name 'Check_prices' from line 34897 need to be changed to 'CHECK_PRICES'
[2026-07-14 22:31:03,632][INFO]:  KiCad Pcb Converter: Attribute name 'L1_min' from line 35119 need to be changed to 'L1_MIN'
[2026-07-14 22:31:03,633][INFO]:  KiCad Pcb Converter: Attribute name 'Check_prices' from line 35132 need to be changed to 'CHECK_PRICES'
[2026-07-14 22:31:03,634][INFO]:  KiCad Pcb Converter: Attribute name 'Package' from line 35145 need to be changed to 'PACKAGE'
[2026-07-14 22:31:03,636][INFO]:  KiCad Pcb Converter: Attribute name 'E_min' from line 35171 need to be changed to 'E_MIN'
[2026-07-14 22:31:03,637][INFO]:  KiCad Pcb Converter: Attribute name 'SnapEDA_Link' from line 35184 need to be changed to 'SNAPEDA_LINK'
[2026-07-14 22:31:03,639][INFO]:  KiCad Pcb Converter: Attribute name 'D_min' from line 35197 need to be changed to 'D_MIN'
[2026-07-14 22:31:03,640][INFO]:  KiCad Pcb Converter: Attribute name 'D_nom' from line 35210 need to be changed to 'D_NOM'
[2026-07-14 22:31:03,642][INFO]:  KiCad Pcb Converter: Attribute name 'L_min' from line 35223 need to be changed to 'L_MIN'
[2026-07-14 22:31:03,643][INFO]:  KiCad Pcb Converter: Attribute name 'E_max' from line 35236 need to be changed to 'E_MAX'
[2026-07-14 22:31:03,645][INFO]:  KiCad Pcb Converter: Attribute name 'DigiKey_Part_Number' from line 35249 need to be changed to 'DIGIKEY_PART_NUMBER'
[2026-07-14 22:31:03,646][INFO]:  KiCad Pcb Converter: Attribute name 'L_max' from line 35262 need to be changed to 'L_MAX'
[2026-07-14 22:31:03,648][INFO]:  KiCad Pcb Converter: Attribute name 'A_max' from line 35275 need to be changed to 'A_MAX'
[2026-07-14 22:31:03,649][INFO]:  KiCad Pcb Converter: Attribute name 'L1_nom' from line 35288 need to be changed to 'L1_NOM'
[2026-07-14 22:31:03,651][INFO]:  KiCad Pcb Converter: Attribute name 'Description_1' from line 35301 need to be changed to 'DESCRIPTION_1'
[2026-07-14 22:31:03,653][INFO]:  KiCad Pcb Converter: Attribute name 'D_max' from line 35327 need to be changed to 'D_MAX'
[2026-07-14 22:31:03,655][INFO]:  KiCad Pcb Converter: Attribute name 'A_nom' from line 35340 need to be changed to 'A_NOM'
[2026-07-14 22:31:03,656][INFO]:  KiCad Pcb Converter: Attribute name 'L1_max' from line 35353 need to be changed to 'L1_MAX'
[2026-07-14 22:31:03,657][INFO]:  KiCad Pcb Converter: Attribute name 'A_min' from line 35366 need to be changed to 'A_MIN'
[2026-07-14 22:31:03,660][INFO]:  KiCad Pcb Converter: Attribute name 'E_nom' from line 35392 need to be changed to 'E_NOM'
[2026-07-14 22:31:03,662][INFO]:  KiCad Pcb Converter: Attribute name 'L_nom' from line 35418 need to be changed to 'L_NOM'
[2026-07-14 22:31:03,663][INFO]:  KiCad Pcb Converter: Attribute name 'Purchase-URL' from line 35431 need to be changed to 'PURCHASE-URL'
[2026-07-14 22:31:03,666][INFO]:  KiCad Pcb Converter: Attribute name 'L1_min' from line 35634 need to be changed to 'L1_MIN'
[2026-07-14 22:31:03,667][INFO]:  KiCad Pcb Converter: Attribute name 'Check_prices' from line 35647 need to be changed to 'CHECK_PRICES'
[2026-07-14 22:31:03,669][INFO]:  KiCad Pcb Converter: Attribute name 'Package' from line 35660 need to be changed to 'PACKAGE'
[2026-07-14 22:31:03,671][INFO]:  KiCad Pcb Converter: Attribute name 'E_min' from line 35686 need to be changed to 'E_MIN'
[2026-07-14 22:31:03,673][INFO]:  KiCad Pcb Converter: Attribute name 'SnapEDA_Link' from line 35699 need to be changed to 'SNAPEDA_LINK'
[2026-07-14 22:31:03,675][INFO]:  KiCad Pcb Converter: Attribute name 'D_min' from line 35712 need to be changed to 'D_MIN'
[2026-07-14 22:31:03,676][INFO]:  KiCad Pcb Converter: Attribute name 'D_nom' from line 35725 need to be changed to 'D_NOM'
[2026-07-14 22:31:03,678][INFO]:  KiCad Pcb Converter: Attribute name 'L_min' from line 35738 need to be changed to 'L_MIN'
[2026-07-14 22:31:03,679][INFO]:  KiCad Pcb Converter: Attribute name 'E_max' from line 35751 need to be changed to 'E_MAX'
[2026-07-14 22:31:03,680][INFO]:  KiCad Pcb Converter: Attribute name 'DigiKey_Part_Number' from line 35764 need to be changed to 'DIGIKEY_PART_NUMBER'
[2026-07-14 22:31:03,682][INFO]:  KiCad Pcb Converter: Attribute name 'L_max' from line 35777 need to be changed to 'L_MAX'
[2026-07-14 22:31:03,683][INFO]:  KiCad Pcb Converter: Attribute name 'A_max' from line 35790 need to be changed to 'A_MAX'
[2026-07-14 22:31:03,685][INFO]:  KiCad Pcb Converter: Attribute name 'L1_nom' from line 35803 need to be changed to 'L1_NOM'
[2026-07-14 22:31:03,686][INFO]:  KiCad Pcb Converter: Attribute name 'Description_1' from line 35816 need to be changed to 'DESCRIPTION_1'
[2026-07-14 22:31:03,689][INFO]:  KiCad Pcb Converter: Attribute name 'D_max' from line 35842 need to be changed to 'D_MAX'
[2026-07-14 22:31:03,690][INFO]:  KiCad Pcb Converter: Attribute name 'A_nom' from line 35855 need to be changed to 'A_NOM'
[2026-07-14 22:31:03,691][INFO]:  KiCad Pcb Converter: Attribute name 'L1_max' from line 35868 need to be changed to 'L1_MAX'
[2026-07-14 22:31:03,693][INFO]:  KiCad Pcb Converter: Attribute name 'A_min' from line 35881 need to be changed to 'A_MIN'
[2026-07-14 22:31:03,695][INFO]:  KiCad Pcb Converter: Attribute name 'E_nom' from line 35907 need to be changed to 'E_NOM'
[2026-07-14 22:31:03,697][INFO]:  KiCad Pcb Converter: Attribute name 'L_nom' from line 35933 need to be changed to 'L_NOM'
[2026-07-14 22:31:03,698][INFO]:  KiCad Pcb Converter: Attribute name 'Purchase-URL' from line 35946 need to be changed to 'PURCHASE-URL'
[2026-07-14 22:31:03,703][INFO]:  KiCad Pcb Converter: Attribute name 'L1_min' from line 37135 need to be changed to 'L1_MIN'
[2026-07-14 22:31:03,704][INFO]:  KiCad Pcb Converter: Attribute name 'Check_prices' from line 37148 need to be changed to 'CHECK_PRICES'
[2026-07-14 22:31:03,705][INFO]:  KiCad Pcb Converter: Attribute name 'Package' from line 37161 need to be changed to 'PACKAGE'
[2026-07-14 22:31:03,708][INFO]:  KiCad Pcb Converter: Attribute name 'E_min' from line 37187 need to be changed to 'E_MIN'
[2026-07-14 22:31:03,709][INFO]:  KiCad Pcb Converter: Attribute name 'SnapEDA_Link' from line 37200 need to be changed to 'SNAPEDA_LINK'
[2026-07-14 22:31:03,711][INFO]:  KiCad Pcb Converter: Attribute name 'D_min' from line 37213 need to be changed to 'D_MIN'
[2026-07-14 22:31:03,712][INFO]:  KiCad Pcb Converter: Attribute name 'D_nom' from line 37226 need to be changed to 'D_NOM'
[2026-07-14 22:31:03,713][INFO]:  KiCad Pcb Converter: Attribute name 'L_min' from line 37239 need to be changed to 'L_MIN'
[2026-07-14 22:31:03,715][INFO]:  KiCad Pcb Converter: Attribute name 'E_max' from line 37252 need to be changed to 'E_MAX'
[2026-07-14 22:31:03,716][INFO]:  KiCad Pcb Converter: Attribute name 'DigiKey_Part_Number' from line 37265 need to be changed to 'DIGIKEY_PART_NUMBER'
[2026-07-14 22:31:03,717][INFO]:  KiCad Pcb Converter: Attribute name 'L_max' from line 37278 need to be changed to 'L_MAX'
[2026-07-14 22:31:03,718][INFO]:  KiCad Pcb Converter: Attribute name 'A_max' from line 37291 need to be changed to 'A_MAX'
[2026-07-14 22:31:03,719][INFO]:  KiCad Pcb Converter: Attribute name 'L1_nom' from line 37304 need to be changed to 'L1_NOM'
[2026-07-14 22:31:03,721][INFO]:  KiCad Pcb Converter: Attribute name 'Description_1' from line 37317 need to be changed to 'DESCRIPTION_1'
[2026-07-14 22:31:03,723][INFO]:  KiCad Pcb Converter: Attribute name 'D_max' from line 37343 need to be changed to 'D_MAX'
[2026-07-14 22:31:03,725][INFO]:  KiCad Pcb Converter: Attribute name 'A_nom' from line 37356 need to be changed to 'A_NOM'
[2026-07-14 22:31:03,726][INFO]:  KiCad Pcb Converter: Attribute name 'L1_max' from line 37369 need to be changed to 'L1_MAX'
[2026-07-14 22:31:03,728][INFO]:  KiCad Pcb Converter: Attribute name 'A_min' from line 37382 need to be changed to 'A_MIN'
[2026-07-14 22:31:03,730][INFO]:  KiCad Pcb Converter: Attribute name 'E_nom' from line 37408 need to be changed to 'E_NOM'
[2026-07-14 22:31:03,731][INFO]:  KiCad Pcb Converter: Attribute name 'L_nom' from line 37434 need to be changed to 'L_NOM'
[2026-07-14 22:31:03,735][INFO]:  KiCad Pcb Converter: Attribute name 'L1_min' from line 37637 need to be changed to 'L1_MIN'
[2026-07-14 22:31:03,736][INFO]:  KiCad Pcb Converter: Attribute name 'Check_prices' from line 37650 need to be changed to 'CHECK_PRICES'
[2026-07-14 22:31:03,737][INFO]:  KiCad Pcb Converter: Attribute name 'Package' from line 37663 need to be changed to 'PACKAGE'
[2026-07-14 22:31:03,739][INFO]:  KiCad Pcb Converter: Attribute name 'E_min' from line 37689 need to be changed to 'E_MIN'
[2026-07-14 22:31:03,741][INFO]:  KiCad Pcb Converter: Attribute name 'SnapEDA_Link' from line 37702 need to be changed to 'SNAPEDA_LINK'
[2026-07-14 22:31:03,742][INFO]:  KiCad Pcb Converter: Attribute name 'D_min' from line 37715 need to be changed to 'D_MIN'
[2026-07-14 22:31:03,743][INFO]:  KiCad Pcb Converter: Attribute name 'D_nom' from line 37728 need to be changed to 'D_NOM'
[2026-07-14 22:31:03,745][INFO]:  KiCad Pcb Converter: Attribute name 'L_min' from line 37741 need to be changed to 'L_MIN'
[2026-07-14 22:31:03,747][INFO]:  KiCad Pcb Converter: Attribute name 'E_max' from line 37754 need to be changed to 'E_MAX'
[2026-07-14 22:31:03,748][INFO]:  KiCad Pcb Converter: Attribute name 'DigiKey_Part_Number' from line 37767 need to be changed to 'DIGIKEY_PART_NUMBER'
[2026-07-14 22:31:03,749][INFO]:  KiCad Pcb Converter: Attribute name 'L_max' from line 37780 need to be changed to 'L_MAX'
[2026-07-14 22:31:03,751][INFO]:  KiCad Pcb Converter: Attribute name 'A_max' from line 37793 need to be changed to 'A_MAX'
[2026-07-14 22:31:03,752][INFO]:  KiCad Pcb Converter: Attribute name 'L1_nom' from line 37806 need to be changed to 'L1_NOM'
[2026-07-14 22:31:03,754][INFO]:  KiCad Pcb Converter: Attribute name 'Description_1' from line 37819 need to be changed to 'DESCRIPTION_1'
[2026-07-14 22:31:03,757][INFO]:  KiCad Pcb Converter: Attribute name 'D_max' from line 37845 need to be changed to 'D_MAX'
[2026-07-14 22:31:03,758][INFO]:  KiCad Pcb Converter: Attribute name 'A_nom' from line 37858 need to be changed to 'A_NOM'
[2026-07-14 22:31:03,759][INFO]:  KiCad Pcb Converter: Attribute name 'L1_max' from line 37871 need to be changed to 'L1_MAX'
[2026-07-14 22:31:03,760][INFO]:  KiCad Pcb Converter: Attribute name 'A_min' from line 37884 need to be changed to 'A_MIN'
[2026-07-14 22:31:03,762][INFO]:  KiCad Pcb Converter: Attribute name 'E_nom' from line 37910 need to be changed to 'E_NOM'
[2026-07-14 22:31:03,764][INFO]:  KiCad Pcb Converter: Attribute name 'L_nom' from line 37936 need to be changed to 'L_NOM'
[2026-07-14 22:31:03,766][INFO]:  KiCad Pcb Converter: Attribute name 'Description' from line 38117 need to be changed to 'DESCRIPTION'
[2026-07-14 22:31:03,766][INFO]:  KiCad Pcb Converter: Attribute name 'Sim.Device' from line 38143 need to be changed to 'SIM_DEVICE'
[2026-07-14 22:31:03,767][INFO]:  KiCad Pcb Converter: Attribute name 'Sim.Pins' from line 38156 need to be changed to 'SIM_PINS'
[2026-07-14 22:31:03,768][INFO]:  KiCad Pcb Converter: Attribute name 'Description' from line 38461 need to be changed to 'DESCRIPTION'
[2026-07-14 22:31:03,770][INFO]:  KiCad Pcb Converter: Attribute name 'L1_min' from line 38980 need to be changed to 'L1_MIN'
[2026-07-14 22:31:03,771][INFO]:  KiCad Pcb Converter: Attribute name 'Check_prices' from line 38993 need to be changed to 'CHECK_PRICES'
[2026-07-14 22:31:03,772][INFO]:  KiCad Pcb Converter: Attribute name 'Package' from line 39006 need to be changed to 'PACKAGE'
[2026-07-14 22:31:03,775][INFO]:  KiCad Pcb Converter: Attribute name 'E_min' from line 39032 need to be changed to 'E_MIN'
[2026-07-14 22:31:03,776][INFO]:  KiCad Pcb Converter: Attribute name 'SnapEDA_Link' from line 39045 need to be changed to 'SNAPEDA_LINK'
[2026-07-14 22:31:03,778][INFO]:  KiCad Pcb Converter: Attribute name 'D_min' from line 39058 need to be changed to 'D_MIN'
[2026-07-14 22:31:03,779][INFO]:  KiCad Pcb Converter: Attribute name 'D_nom' from line 39071 need to be changed to 'D_NOM'
[2026-07-14 22:31:03,780][INFO]:  KiCad Pcb Converter: Attribute name 'L_min' from line 39084 need to be changed to 'L_MIN'
[2026-07-14 22:31:03,782][INFO]:  KiCad Pcb Converter: Attribute name 'E_max' from line 39097 need to be changed to 'E_MAX'
[2026-07-14 22:31:03,783][INFO]:  KiCad Pcb Converter: Attribute name 'DigiKey_Part_Number' from line 39110 need to be changed to 'DIGIKEY_PART_NUMBER'
[2026-07-14 22:31:03,784][INFO]:  KiCad Pcb Converter: Attribute name 'L_max' from line 39123 need to be changed to 'L_MAX'
[2026-07-14 22:31:03,785][INFO]:  KiCad Pcb Converter: Attribute name 'A_max' from line 39136 need to be changed to 'A_MAX'
[2026-07-14 22:31:03,787][INFO]:  KiCad Pcb Converter: Attribute name 'L1_nom' from line 39149 need to be changed to 'L1_NOM'
[2026-07-14 22:31:03,788][INFO]:  KiCad Pcb Converter: Attribute name 'Description_1' from line 39162 need to be changed to 'DESCRIPTION_1'
[2026-07-14 22:31:03,790][INFO]:  KiCad Pcb Converter: Attribute name 'D_max' from line 39188 need to be changed to 'D_MAX'
[2026-07-14 22:31:03,791][INFO]:  KiCad Pcb Converter: Attribute name 'A_nom' from line 39201 need to be changed to 'A_NOM'
[2026-07-14 22:31:03,793][INFO]:  KiCad Pcb Converter: Attribute name 'L1_max' from line 39214 need to be changed to 'L1_MAX'
[2026-07-14 22:31:03,794][INFO]:  KiCad Pcb Converter: Attribute name 'A_min' from line 39227 need to be changed to 'A_MIN'
[2026-07-14 22:31:03,796][INFO]:  KiCad Pcb Converter: Attribute name 'E_nom' from line 39253 need to be changed to 'E_NOM'
[2026-07-14 22:31:03,798][INFO]:  KiCad Pcb Converter: Attribute name 'L_nom' from line 39279 need to be changed to 'L_NOM'
[2026-07-14 22:31:03,802][INFO]:  KiCad Pcb Converter: Attribute name 'L1_min' from line 39482 need to be changed to 'L1_MIN'
[2026-07-14 22:31:03,803][INFO]:  KiCad Pcb Converter: Attribute name 'Check_prices' from line 39495 need to be changed to 'CHECK_PRICES'
[2026-07-14 22:31:03,804][INFO]:  KiCad Pcb Converter: Attribute name 'Package' from line 39508 need to be changed to 'PACKAGE'
[2026-07-14 22:31:03,807][INFO]:  KiCad Pcb Converter: Attribute name 'E_min' from line 39534 need to be changed to 'E_MIN'
[2026-07-14 22:31:03,808][INFO]:  KiCad Pcb Converter: Attribute name 'SnapEDA_Link' from line 39547 need to be changed to 'SNAPEDA_LINK'
[2026-07-14 22:31:03,809][INFO]:  KiCad Pcb Converter: Attribute name 'D_min' from line 39560 need to be changed to 'D_MIN'
[2026-07-14 22:31:03,810][INFO]:  KiCad Pcb Converter: Attribute name 'D_nom' from line 39573 need to be changed to 'D_NOM'
[2026-07-14 22:31:03,812][INFO]:  KiCad Pcb Converter: Attribute name 'L_min' from line 39586 need to be changed to 'L_MIN'
[2026-07-14 22:31:03,813][INFO]:  KiCad Pcb Converter: Attribute name 'E_max' from line 39599 need to be changed to 'E_MAX'
[2026-07-14 22:31:03,814][INFO]:  KiCad Pcb Converter: Attribute name 'DigiKey_Part_Number' from line 39612 need to be changed to 'DIGIKEY_PART_NUMBER'
[2026-07-14 22:31:03,816][INFO]:  KiCad Pcb Converter: Attribute name 'L_max' from line 39625 need to be changed to 'L_MAX'
[2026-07-14 22:31:03,818][INFO]:  KiCad Pcb Converter: Attribute name 'A_max' from line 39638 need to be changed to 'A_MAX'
[2026-07-14 22:31:03,819][INFO]:  KiCad Pcb Converter: Attribute name 'L1_nom' from line 39651 need to be changed to 'L1_NOM'
[2026-07-14 22:31:03,820][INFO]:  KiCad Pcb Converter: Attribute name 'Description_1' from line 39664 need to be changed to 'DESCRIPTION_1'
[2026-07-14 22:31:03,823][INFO]:  KiCad Pcb Converter: Attribute name 'D_max' from line 39690 need to be changed to 'D_MAX'
[2026-07-14 22:31:03,824][INFO]:  KiCad Pcb Converter: Attribute name 'A_nom' from line 39703 need to be changed to 'A_NOM'
[2026-07-14 22:31:03,824][INFO]:  KiCad Pcb Converter: Attribute name 'L1_max' from line 39716 need to be changed to 'L1_MAX'
[2026-07-14 22:31:03,826][INFO]:  KiCad Pcb Converter: Attribute name 'A_min' from line 39729 need to be changed to 'A_MIN'
[2026-07-14 22:31:03,828][INFO]:  KiCad Pcb Converter: Attribute name 'E_nom' from line 39755 need to be changed to 'E_NOM'
[2026-07-14 22:31:03,830][INFO]:  KiCad Pcb Converter: Attribute name 'L_nom' from line 39781 need to be changed to 'L_NOM'
[2026-07-14 22:31:03,833][INFO]:  KiCad Pcb Converter: Attribute name 'Description' from line 39962 need to be changed to 'DESCRIPTION'
[2026-07-14 22:31:03,835][INFO]:  KiCad Pcb Converter: Attribute name 'L1_min' from line 40093 need to be changed to 'L1_MIN'
[2026-07-14 22:31:03,836][INFO]:  KiCad Pcb Converter: Attribute name 'Check_prices' from line 40106 need to be changed to 'CHECK_PRICES'
[2026-07-14 22:31:03,837][INFO]:  KiCad Pcb Converter: Attribute name 'Package' from line 40119 need to be changed to 'PACKAGE'
[2026-07-14 22:31:03,840][INFO]:  KiCad Pcb Converter: Attribute name 'E_min' from line 40145 need to be changed to 'E_MIN'
[2026-07-14 22:31:03,841][INFO]:  KiCad Pcb Converter: Attribute name 'SnapEDA_Link' from line 40158 need to be changed to 'SNAPEDA_LINK'
[2026-07-14 22:31:03,842][INFO]:  KiCad Pcb Converter: Attribute name 'D_min' from line 40171 need to be changed to 'D_MIN'
[2026-07-14 22:31:03,843][INFO]:  KiCad Pcb Converter: Attribute name 'D_nom' from line 40184 need to be changed to 'D_NOM'
[2026-07-14 22:31:03,846][INFO]:  KiCad Pcb Converter: Attribute name 'L_min' from line 40197 need to be changed to 'L_MIN'
[2026-07-14 22:31:03,847][INFO]:  KiCad Pcb Converter: Attribute name 'E_max' from line 40210 need to be changed to 'E_MAX'
[2026-07-14 22:31:03,848][INFO]:  KiCad Pcb Converter: Attribute name 'DigiKey_Part_Number' from line 40223 need to be changed to 'DIGIKEY_PART_NUMBER'
[2026-07-14 22:31:03,850][INFO]:  KiCad Pcb Converter: Attribute name 'L_max' from line 40236 need to be changed to 'L_MAX'
[2026-07-14 22:31:03,851][INFO]:  KiCad Pcb Converter: Attribute name 'A_max' from line 40249 need to be changed to 'A_MAX'
[2026-07-14 22:31:03,852][INFO]:  KiCad Pcb Converter: Attribute name 'L1_nom' from line 40262 need to be changed to 'L1_NOM'
[2026-07-14 22:31:03,854][INFO]:  KiCad Pcb Converter: Attribute name 'Description_1' from line 40275 need to be changed to 'DESCRIPTION_1'
[2026-07-14 22:31:03,856][INFO]:  KiCad Pcb Converter: Attribute name 'D_max' from line 40301 need to be changed to 'D_MAX'
[2026-07-14 22:31:03,857][INFO]:  KiCad Pcb Converter: Attribute name 'A_nom' from line 40314 need to be changed to 'A_NOM'
[2026-07-14 22:31:03,858][INFO]:  KiCad Pcb Converter: Attribute name 'L1_max' from line 40327 need to be changed to 'L1_MAX'
[2026-07-14 22:31:03,860][INFO]:  KiCad Pcb Converter: Attribute name 'A_min' from line 40340 need to be changed to 'A_MIN'
[2026-07-14 22:31:03,862][INFO]:  KiCad Pcb Converter: Attribute name 'E_nom' from line 40366 need to be changed to 'E_NOM'
[2026-07-14 22:31:03,864][INFO]:  KiCad Pcb Converter: Attribute name 'L_nom' from line 40392 need to be changed to 'L_NOM'
[2026-07-14 22:31:03,866][INFO]:  KiCad Pcb Converter: Attribute name 'Comment' from line 40596 need to be changed to 'COMMENT'
[2026-07-14 22:31:03,867][INFO]:  KiCad Pcb Converter: Attribute name 'Description_1' from line 40622 need to be changed to 'DESCRIPTION_1'
[2026-07-14 22:31:03,868][INFO]:  KiCad Pcb Converter: Attribute name 'Package' from line 40635 need to be changed to 'PACKAGE'
[2026-07-14 22:31:03,868][INFO]:  KiCad Pcb Converter: Attribute name 'Price' from line 40648 need to be changed to 'PRICE'
[2026-07-14 22:31:03,869][INFO]:  KiCad Pcb Converter: Attribute name 'SnapEDA_Link' from line 40661 need to be changed to 'SNAPEDA_LINK'
[2026-07-14 22:31:03,870][INFO]:  KiCad Pcb Converter: Attribute name 'Purchase-URL' from line 40687 need to be changed to 'PURCHASE-URL'
[2026-07-14 22:31:03,870][INFO]:  KiCad Pcb Converter: Attribute name 'Availability' from line 40700 need to be changed to 'AVAILABILITY'
[2026-07-14 22:31:03,871][INFO]:  KiCad Pcb Converter: Attribute name 'Check_prices' from line 40713 need to be changed to 'CHECK_PRICES'
[2026-07-14 22:31:03,873][INFO]:  KiCad Pcb Converter: Attribute name 'L1_min' from line 40934 need to be changed to 'L1_MIN'
[2026-07-14 22:31:03,875][INFO]:  KiCad Pcb Converter: Attribute name 'Check_prices' from line 40947 need to be changed to 'CHECK_PRICES'
[2026-07-14 22:31:03,876][INFO]:  KiCad Pcb Converter: Attribute name 'Package' from line 40960 need to be changed to 'PACKAGE'
[2026-07-14 22:31:03,878][INFO]:  KiCad Pcb Converter: Attribute name 'E_min' from line 40986 need to be changed to 'E_MIN'
[2026-07-14 22:31:03,880][INFO]:  KiCad Pcb Converter: Attribute name 'SnapEDA_Link' from line 40999 need to be changed to 'SNAPEDA_LINK'
[2026-07-14 22:31:03,881][INFO]:  KiCad Pcb Converter: Attribute name 'D_min' from line 41012 need to be changed to 'D_MIN'
[2026-07-14 22:31:03,882][INFO]:  KiCad Pcb Converter: Attribute name 'D_nom' from line 41025 need to be changed to 'D_NOM'
[2026-07-14 22:31:03,884][INFO]:  KiCad Pcb Converter: Attribute name 'L_min' from line 41038 need to be changed to 'L_MIN'
[2026-07-14 22:31:03,885][INFO]:  KiCad Pcb Converter: Attribute name 'E_max' from line 41051 need to be changed to 'E_MAX'
[2026-07-14 22:31:03,886][INFO]:  KiCad Pcb Converter: Attribute name 'DigiKey_Part_Number' from line 41064 need to be changed to 'DIGIKEY_PART_NUMBER'
[2026-07-14 22:31:03,887][INFO]:  KiCad Pcb Converter: Attribute name 'L_max' from line 41077 need to be changed to 'L_MAX'
[2026-07-14 22:31:03,889][INFO]:  KiCad Pcb Converter: Attribute name 'A_max' from line 41090 need to be changed to 'A_MAX'
[2026-07-14 22:31:03,890][INFO]:  KiCad Pcb Converter: Attribute name 'L1_nom' from line 41103 need to be changed to 'L1_NOM'
[2026-07-14 22:31:03,891][INFO]:  KiCad Pcb Converter: Attribute name 'Description_1' from line 41116 need to be changed to 'DESCRIPTION_1'
[2026-07-14 22:31:03,895][INFO]:  KiCad Pcb Converter: Attribute name 'D_max' from line 41142 need to be changed to 'D_MAX'
[2026-07-14 22:31:03,896][INFO]:  KiCad Pcb Converter: Attribute name 'A_nom' from line 41155 need to be changed to 'A_NOM'
[2026-07-14 22:31:03,897][INFO]:  KiCad Pcb Converter: Attribute name 'L1_max' from line 41168 need to be changed to 'L1_MAX'
[2026-07-14 22:31:03,898][INFO]:  KiCad Pcb Converter: Attribute name 'A_min' from line 41181 need to be changed to 'A_MIN'
[2026-07-14 22:31:03,900][INFO]:  KiCad Pcb Converter: Attribute name 'E_nom' from line 41207 need to be changed to 'E_NOM'
[2026-07-14 22:31:03,902][INFO]:  KiCad Pcb Converter: Attribute name 'L_nom' from line 41233 need to be changed to 'L_NOM'
[2026-07-14 22:31:03,904][INFO]:  KiCad Pcb Converter: Attribute name 'Description' from line 41415 need to be changed to 'DESCRIPTION'
[2026-07-14 22:31:03,906][INFO]:  KiCad Pcb Converter: Attribute name 'Comment' from line 41935 need to be changed to 'COMMENT'
[2026-07-14 22:31:03,907][INFO]:  KiCad Pcb Converter: Attribute name 'Power_Rating' from line 41961 need to be changed to 'POWER_RATING'
[2026-07-14 22:31:03,908][INFO]:  KiCad Pcb Converter: Attribute name 'Package' from line 41974 need to be changed to 'PACKAGE'
[2026-07-14 22:31:03,908][INFO]:  KiCad Pcb Converter: Attribute name 'Price' from line 41987 need to be changed to 'PRICE'
[2026-07-14 22:31:03,909][INFO]:  KiCad Pcb Converter: Attribute name 'Check_prices' from line 42000 need to be changed to 'CHECK_PRICES'
[2026-07-14 22:31:03,910][INFO]:  KiCad Pcb Converter: Attribute name 'Resistance' from line 42013 need to be changed to 'RESISTANCE'
[2026-07-14 22:31:03,911][INFO]:  KiCad Pcb Converter: Attribute name 'SnapEDA_Link' from line 42026 need to be changed to 'SNAPEDA_LINK'
[2026-07-14 22:31:03,912][INFO]:  KiCad Pcb Converter: Attribute name 'Voltage_Rating' from line 42052 need to be changed to 'VOLTAGE_RATING'
[2026-07-14 22:31:03,913][INFO]:  KiCad Pcb Converter: Attribute name 'EU_RoHS_Compliance' from line 42065 need to be changed to 'EU_ROHS_COMPLIANCE'
[2026-07-14 22:31:03,913][INFO]:  KiCad Pcb Converter: Attribute name 'Tolerance' from line 42078 need to be changed to 'TOLERANCE'
[2026-07-14 22:31:03,913][INFO]:  KiCad Pcb Converter: Attribute name 'Availability' from line 42091 need to be changed to 'AVAILABILITY'
[2026-07-14 22:31:03,915][INFO]:  KiCad Pcb Converter: Attribute name 'Description_1' from line 42104 need to be changed to 'DESCRIPTION_1'
[2026-07-14 22:31:03,916][INFO]:  KiCad Pcb Converter: Attribute name 'Description' from line 42303 need to be changed to 'DESCRIPTION'
[2026-07-14 22:31:03,917][INFO]:  KiCad Pcb Converter: Attribute name 'Sim.Device' from line 42329 need to be changed to 'SIM_DEVICE'
[2026-07-14 22:31:03,917][INFO]:  KiCad Pcb Converter: Attribute name 'Sim.Pins' from line 42342 need to be changed to 'SIM_PINS'
[2026-07-14 22:31:03,918][INFO]:  KiCad Pcb Converter: Attribute name 'Description' from line 42646 need to be changed to 'DESCRIPTION'
[2026-07-14 22:31:03,919][INFO]:  KiCad Pcb Converter: Attribute name 'Sim.Device' from line 42672 need to be changed to 'SIM_DEVICE'
[2026-07-14 22:31:03,919][INFO]:  KiCad Pcb Converter: Attribute name 'Sim.Pins' from line 42685 need to be changed to 'SIM_PINS'
[2026-07-14 22:31:03,921][INFO]:  KiCad Pcb Converter: Attribute name 'Description' from line 43484 need to be changed to 'DESCRIPTION'
[2026-07-14 22:31:03,921][INFO]:  KiCad Pcb Converter: Attribute name 'Description' from line 43981 need to be changed to 'DESCRIPTION'
[2026-07-14 22:31:03,922][INFO]:  KiCad Pcb Converter: Attribute name 'Sim.Device' from line 44007 need to be changed to 'SIM_DEVICE'
[2026-07-14 22:31:03,922][INFO]:  KiCad Pcb Converter: Attribute name 'Sim.Pins' from line 44020 need to be changed to 'SIM_PINS'
[2026-07-14 22:31:03,928][INFO]:  KiCad Pcb Converter: Attribute name 'Price' from line 44373 need to be changed to 'PRICE'
[2026-07-14 22:31:03,929][INFO]:  KiCad Pcb Converter: Attribute name 'Package' from line 44386 need to be changed to 'PACKAGE'
[2026-07-14 22:31:03,930][INFO]:  KiCad Pcb Converter: Attribute name 'Check_prices' from line 44399 need to be changed to 'CHECK_PRICES'
[2026-07-14 22:31:03,932][INFO]:  KiCad Pcb Converter: Attribute name 'Purchase-URL' from line 44477 need to be changed to 'PURCHASE-URL'
[2026-07-14 22:31:03,933][INFO]:  KiCad Pcb Converter: Attribute name 'Description_1' from line 44490 need to be changed to 'DESCRIPTION_1'
[2026-07-14 22:31:03,934][INFO]:  KiCad Pcb Converter: Attribute name 'Availability' from line 44503 need to be changed to 'AVAILABILITY'
[2026-07-14 22:31:03,936][WARN]:  KiCad Footprint Converter: SMD Aperture pads are not supported. Importing pad from line '45149' as polygon shape.
[2026-07-14 22:31:03,936][WARN]:  KiCad Footprint Converter: SMD Aperture pads are not supported. Importing pad from line '45156' as polygon shape.
[2026-07-14 22:31:03,936][WARN]:  KiCad Footprint Converter: SMD Aperture pads are not supported. Importing pad from line '45163' as polygon shape.
[2026-07-14 22:31:03,936][WARN]:  KiCad Footprint Converter: SMD Aperture pads are not supported. Importing pad from line '45170' as polygon shape.
[2026-07-14 22:31:03,937][INFO]:  KiCad Pcb Converter: Attribute name 'Datasheet' from line 44757 need to be changed to 'DATASHEET'
[2026-07-14 22:31:03,937][INFO]:  KiCad Pcb Converter: Attribute name 'Description' from line 44768 need to be changed to 'DESCRIPTION'
[2026-07-14 22:31:03,938][INFO]:  KiCad Pcb Converter: Attribute name 'KiLib_Generator' from line 44779 need to be changed to 'KILIB_GENERATOR'
[2026-07-14 22:31:03,940][INFO]:  KiCad Pcb Converter: Attribute name 'Description' from line 45804 need to be changed to 'DESCRIPTION'
[2026-07-14 22:31:03,940][INFO]:  KiCad Pcb Converter: Attribute name 'Description' from line 45974 need to be changed to 'DESCRIPTION'
[2026-07-14 22:31:03,941][INFO]:  KiCad Pcb Converter: Attribute name 'Description' from line 46471 need to be changed to 'DESCRIPTION'
[2026-07-14 22:31:03,941][INFO]:  KiCad Pcb Converter: Attribute name 'Sim.Device' from line 46497 need to be changed to 'SIM_DEVICE'
[2026-07-14 22:31:03,942][INFO]:  KiCad Pcb Converter: Attribute name 'Sim.Pins' from line 46510 need to be changed to 'SIM_PINS'
[2026-07-14 22:31:03,943][INFO]:  KiCad Pcb Converter: Attribute name 'Description' from line 46814 need to be changed to 'DESCRIPTION'
[2026-07-14 22:31:03,946][INFO]:  KiCad Pcb Converter: Attribute name 'Comment' from line 48135 need to be changed to 'COMMENT'
[2026-07-14 22:31:03,947][INFO]:  KiCad Pcb Converter: Attribute name 'Description_1' from line 48161 need to be changed to 'DESCRIPTION_1'
[2026-07-14 22:31:03,948][INFO]:  KiCad Pcb Converter: Attribute name 'Package' from line 48174 need to be changed to 'PACKAGE'
[2026-07-14 22:31:03,948][INFO]:  KiCad Pcb Converter: Attribute name 'Price' from line 48187 need to be changed to 'PRICE'
[2026-07-14 22:31:03,949][INFO]:  KiCad Pcb Converter: Attribute name 'SnapEDA_Link' from line 48200 need to be changed to 'SNAPEDA_LINK'
[2026-07-14 22:31:03,950][INFO]:  KiCad Pcb Converter: Attribute name 'Purchase-URL' from line 48226 need to be changed to 'PURCHASE-URL'
[2026-07-14 22:31:03,950][INFO]:  KiCad Pcb Converter: Attribute name 'Availability' from line 48239 need to be changed to 'AVAILABILITY'
[2026-07-14 22:31:03,951][INFO]:  KiCad Pcb Converter: Attribute name 'Check_prices' from line 48252 need to be changed to 'CHECK_PRICES'
[2026-07-14 22:31:03,954][INFO]:  KiCad Pcb Converter: Attribute name 'L1_min' from line 48661 need to be changed to 'L1_MIN'
[2026-07-14 22:31:03,955][INFO]:  KiCad Pcb Converter: Attribute name 'Check_prices' from line 48674 need to be changed to 'CHECK_PRICES'
[2026-07-14 22:31:03,957][INFO]:  KiCad Pcb Converter: Attribute name 'Package' from line 48687 need to be changed to 'PACKAGE'
[2026-07-14 22:31:03,959][INFO]:  KiCad Pcb Converter: Attribute name 'E_min' from line 48713 need to be changed to 'E_MIN'
[2026-07-14 22:31:03,961][INFO]:  KiCad Pcb Converter: Attribute name 'SnapEDA_Link' from line 48726 need to be changed to 'SNAPEDA_LINK'
[2026-07-14 22:31:03,962][INFO]:  KiCad Pcb Converter: Attribute name 'D_min' from line 48739 need to be changed to 'D_MIN'
[2026-07-14 22:31:03,964][INFO]:  KiCad Pcb Converter: Attribute name 'D_nom' from line 48752 need to be changed to 'D_NOM'
[2026-07-14 22:31:03,965][INFO]:  KiCad Pcb Converter: Attribute name 'L_min' from line 48765 need to be changed to 'L_MIN'
[2026-07-14 22:31:03,966][INFO]:  KiCad Pcb Converter: Attribute name 'E_max' from line 48778 need to be changed to 'E_MAX'
[2026-07-14 22:31:03,968][INFO]:  KiCad Pcb Converter: Attribute name 'DigiKey_Part_Number' from line 48791 need to be changed to 'DIGIKEY_PART_NUMBER'
[2026-07-14 22:31:03,969][INFO]:  KiCad Pcb Converter: Attribute name 'L_max' from line 48804 need to be changed to 'L_MAX'
[2026-07-14 22:31:03,970][INFO]:  KiCad Pcb Converter: Attribute name 'A_max' from line 48817 need to be changed to 'A_MAX'
[2026-07-14 22:31:03,972][INFO]:  KiCad Pcb Converter: Attribute name 'L1_nom' from line 48830 need to be changed to 'L1_NOM'
[2026-07-14 22:31:03,973][INFO]:  KiCad Pcb Converter: Attribute name 'Description_1' from line 48843 need to be changed to 'DESCRIPTION_1'
[2026-07-14 22:31:03,976][INFO]:  KiCad Pcb Converter: Attribute name 'D_max' from line 48869 need to be changed to 'D_MAX'
[2026-07-14 22:31:03,978][INFO]:  KiCad Pcb Converter: Attribute name 'A_nom' from line 48882 need to be changed to 'A_NOM'
[2026-07-14 22:31:03,979][INFO]:  KiCad Pcb Converter: Attribute name 'L1_max' from line 48895 need to be changed to 'L1_MAX'
[2026-07-14 22:31:03,980][INFO]:  KiCad Pcb Converter: Attribute name 'A_min' from line 48908 need to be changed to 'A_MIN'
[2026-07-14 22:31:03,982][INFO]:  KiCad Pcb Converter: Attribute name 'E_nom' from line 48934 need to be changed to 'E_NOM'
[2026-07-14 22:31:03,983][INFO]:  KiCad Pcb Converter: Attribute name 'L_nom' from line 48960 need to be changed to 'L_NOM'
[2026-07-14 22:31:03,985][INFO]:  KiCad Pcb Converter: Attribute name 'Purchase-URL' from line 48973 need to be changed to 'PURCHASE-URL'
[2026-07-14 22:31:03,987][INFO]:  KiCad Pcb Converter: Attribute name 'Description' from line 49154 need to be changed to 'DESCRIPTION'
[2026-07-14 22:31:03,988][INFO]:  KiCad Pcb Converter: Attribute name 'Description' from line 49757 need to be changed to 'DESCRIPTION'
[2026-07-14 22:31:03,988][INFO]:  KiCad Pcb Converter: Attribute name 'Sim.Device' from line 49783 need to be changed to 'SIM_DEVICE'
[2026-07-14 22:31:03,989][INFO]:  KiCad Pcb Converter: Attribute name 'Sim.Pins' from line 49796 need to be changed to 'SIM_PINS'
[2026-07-14 22:31:03,990][INFO]:  KiCad Pcb Converter: Attribute name 'Description' from line 50100 need to be changed to 'DESCRIPTION'
[2026-07-14 22:31:03,990][INFO]:  KiCad Pcb Converter: Attribute name 'Sim.Device' from line 50126 need to be changed to 'SIM_DEVICE'
[2026-07-14 22:31:03,991][INFO]:  KiCad Pcb Converter: Attribute name 'Sim.Pins' from line 50139 need to be changed to 'SIM_PINS'
[2026-07-14 22:31:03,992][INFO]:  KiCad Pcb Converter: Attribute name 'Description' from line 50444 need to be changed to 'DESCRIPTION'
[2026-07-14 22:31:03,992][INFO]:  KiCad Pcb Converter: Attribute name 'Description' from line 50942 need to be changed to 'DESCRIPTION'
[2026-07-14 22:31:03,995][INFO]:  KiCad Pcb Converter: Attribute name 'L1_min' from line 51461 need to be changed to 'L1_MIN'
[2026-07-14 22:31:03,996][INFO]:  KiCad Pcb Converter: Attribute name 'Check_prices' from line 51474 need to be changed to 'CHECK_PRICES'
[2026-07-14 22:31:03,998][INFO]:  KiCad Pcb Converter: Attribute name 'Package' from line 51487 need to be changed to 'PACKAGE'
[2026-07-14 22:31:04,000][INFO]:  KiCad Pcb Converter: Attribute name 'E_min' from line 51513 need to be changed to 'E_MIN'
[2026-07-14 22:31:04,001][INFO]:  KiCad Pcb Converter: Attribute name 'SnapEDA_Link' from line 51526 need to be changed to 'SNAPEDA_LINK'
[2026-07-14 22:31:04,003][INFO]:  KiCad Pcb Converter: Attribute name 'D_min' from line 51539 need to be changed to 'D_MIN'
[2026-07-14 22:31:04,004][INFO]:  KiCad Pcb Converter: Attribute name 'D_nom' from line 51552 need to be changed to 'D_NOM'
[2026-07-14 22:31:04,006][INFO]:  KiCad Pcb Converter: Attribute name 'L_min' from line 51565 need to be changed to 'L_MIN'
[2026-07-14 22:31:04,006][INFO]:  KiCad Pcb Converter: Attribute name 'E_max' from line 51578 need to be changed to 'E_MAX'
[2026-07-14 22:31:04,008][INFO]:  KiCad Pcb Converter: Attribute name 'DigiKey_Part_Number' from line 51591 need to be changed to 'DIGIKEY_PART_NUMBER'
[2026-07-14 22:31:04,009][INFO]:  KiCad Pcb Converter: Attribute name 'L_max' from line 51604 need to be changed to 'L_MAX'
[2026-07-14 22:31:04,010][INFO]:  KiCad Pcb Converter: Attribute name 'A_max' from line 51617 need to be changed to 'A_MAX'
[2026-07-14 22:31:04,012][INFO]:  KiCad Pcb Converter: Attribute name 'L1_nom' from line 51630 need to be changed to 'L1_NOM'
[2026-07-14 22:31:04,013][INFO]:  KiCad Pcb Converter: Attribute name 'Description_1' from line 51643 need to be changed to 'DESCRIPTION_1'
[2026-07-14 22:31:04,016][INFO]:  KiCad Pcb Converter: Attribute name 'D_max' from line 51669 need to be changed to 'D_MAX'
[2026-07-14 22:31:04,017][INFO]:  KiCad Pcb Converter: Attribute name 'A_nom' from line 51682 need to be changed to 'A_NOM'
[2026-07-14 22:31:04,018][INFO]:  KiCad Pcb Converter: Attribute name 'L1_max' from line 51695 need to be changed to 'L1_MAX'
[2026-07-14 22:31:04,020][INFO]:  KiCad Pcb Converter: Attribute name 'A_min' from line 51708 need to be changed to 'A_MIN'
[2026-07-14 22:31:04,022][INFO]:  KiCad Pcb Converter: Attribute name 'E_nom' from line 51734 need to be changed to 'E_NOM'
[2026-07-14 22:31:04,023][INFO]:  KiCad Pcb Converter: Attribute name 'L_nom' from line 51760 need to be changed to 'L_NOM'
[2026-07-14 22:31:04,027][INFO]:  KiCad Pcb Converter: Attribute name 'L1_min' from line 51964 need to be changed to 'L1_MIN'
[2026-07-14 22:31:04,028][INFO]:  KiCad Pcb Converter: Attribute name 'Check_prices' from line 51977 need to be changed to 'CHECK_PRICES'
[2026-07-14 22:31:04,029][INFO]:  KiCad Pcb Converter: Attribute name 'Package' from line 51990 need to be changed to 'PACKAGE'
[2026-07-14 22:31:04,032][INFO]:  KiCad Pcb Converter: Attribute name 'E_min' from line 52016 need to be changed to 'E_MIN'
[2026-07-14 22:31:04,033][INFO]:  KiCad Pcb Converter: Attribute name 'SnapEDA_Link' from line 52029 need to be changed to 'SNAPEDA_LINK'
[2026-07-14 22:31:04,035][INFO]:  KiCad Pcb Converter: Attribute name 'D_min' from line 52042 need to be changed to 'D_MIN'
[2026-07-14 22:31:04,036][INFO]:  KiCad Pcb Converter: Attribute name 'D_nom' from line 52055 need to be changed to 'D_NOM'
[2026-07-14 22:31:04,038][INFO]:  KiCad Pcb Converter: Attribute name 'L_min' from line 52068 need to be changed to 'L_MIN'
[2026-07-14 22:31:04,039][INFO]:  KiCad Pcb Converter: Attribute name 'E_max' from line 52081 need to be changed to 'E_MAX'
[2026-07-14 22:31:04,040][INFO]:  KiCad Pcb Converter: Attribute name 'DigiKey_Part_Number' from line 52094 need to be changed to 'DIGIKEY_PART_NUMBER'
[2026-07-14 22:31:04,042][INFO]:  KiCad Pcb Converter: Attribute name 'L_max' from line 52107 need to be changed to 'L_MAX'
[2026-07-14 22:31:04,043][INFO]:  KiCad Pcb Converter: Attribute name 'A_max' from line 52120 need to be changed to 'A_MAX'
[2026-07-14 22:31:04,045][INFO]:  KiCad Pcb Converter: Attribute name 'L1_nom' from line 52133 need to be changed to 'L1_NOM'
[2026-07-14 22:31:04,046][INFO]:  KiCad Pcb Converter: Attribute name 'Description_1' from line 52146 need to be changed to 'DESCRIPTION_1'
[2026-07-14 22:31:04,048][INFO]:  KiCad Pcb Converter: Attribute name 'D_max' from line 52172 need to be changed to 'D_MAX'
[2026-07-14 22:31:04,049][INFO]:  KiCad Pcb Converter: Attribute name 'A_nom' from line 52185 need to be changed to 'A_NOM'
[2026-07-14 22:31:04,051][INFO]:  KiCad Pcb Converter: Attribute name 'L1_max' from line 52198 need to be changed to 'L1_MAX'
[2026-07-14 22:31:04,052][INFO]:  KiCad Pcb Converter: Attribute name 'A_min' from line 52211 need to be changed to 'A_MIN'
[2026-07-14 22:31:04,054][INFO]:  KiCad Pcb Converter: Attribute name 'E_nom' from line 52237 need to be changed to 'E_NOM'
[2026-07-14 22:31:04,056][INFO]:  KiCad Pcb Converter: Attribute name 'L_nom' from line 52263 need to be changed to 'L_NOM'
[2026-07-14 22:31:04,057][INFO]:  KiCad Pcb Converter: Attribute name 'Purchase-URL' from line 52276 need to be changed to 'PURCHASE-URL'
[2026-07-14 22:31:04,059][INFO]:  KiCad Pcb Converter: Attribute name 'Description' from line 52458 need to be changed to 'DESCRIPTION'
[2026-07-14 22:31:04,060][INFO]:  KiCad Pcb Converter: Attribute name 'Description' from line 52955 need to be changed to 'DESCRIPTION'
[2026-07-14 22:31:04,060][INFO]:  KiCad Pcb Converter: Attribute name 'Sim.Device' from line 52981 need to be changed to 'SIM_DEVICE'
[2026-07-14 22:31:04,061][INFO]:  KiCad Pcb Converter: Attribute name 'Sim.Pins' from line 52994 need to be changed to 'SIM_PINS'
[2026-07-14 22:31:04,065][INFO]:  KiCad Pcb Converter: Attribute name 'L1_min' from line 54306 need to be changed to 'L1_MIN'
[2026-07-14 22:31:04,066][INFO]:  KiCad Pcb Converter: Attribute name 'Check_prices' from line 54319 need to be changed to 'CHECK_PRICES'
[2026-07-14 22:31:04,067][INFO]:  KiCad Pcb Converter: Attribute name 'Package' from line 54332 need to be changed to 'PACKAGE'
[2026-07-14 22:31:04,070][INFO]:  KiCad Pcb Converter: Attribute name 'E_min' from line 54358 need to be changed to 'E_MIN'
[2026-07-14 22:31:04,071][INFO]:  KiCad Pcb Converter: Attribute name 'SnapEDA_Link' from line 54371 need to be changed to 'SNAPEDA_LINK'
[2026-07-14 22:31:04,073][INFO]:  KiCad Pcb Converter: Attribute name 'D_min' from line 54384 need to be changed to 'D_MIN'
[2026-07-14 22:31:04,074][INFO]:  KiCad Pcb Converter: Attribute name 'D_nom' from line 54397 need to be changed to 'D_NOM'
[2026-07-14 22:31:04,076][INFO]:  KiCad Pcb Converter: Attribute name 'L_min' from line 54410 need to be changed to 'L_MIN'
[2026-07-14 22:31:04,077][INFO]:  KiCad Pcb Converter: Attribute name 'E_max' from line 54423 need to be changed to 'E_MAX'
[2026-07-14 22:31:04,078][INFO]:  KiCad Pcb Converter: Attribute name 'DigiKey_Part_Number' from line 54436 need to be changed to 'DIGIKEY_PART_NUMBER'
[2026-07-14 22:31:04,080][INFO]:  KiCad Pcb Converter: Attribute name 'L_max' from line 54449 need to be changed to 'L_MAX'
[2026-07-14 22:31:04,081][INFO]:  KiCad Pcb Converter: Attribute name 'A_max' from line 54462 need to be changed to 'A_MAX'
[2026-07-14 22:31:04,083][INFO]:  KiCad Pcb Converter: Attribute name 'L1_nom' from line 54475 need to be changed to 'L1_NOM'
[2026-07-14 22:31:04,083][INFO]:  KiCad Pcb Converter: Attribute name 'Description_1' from line 54488 need to be changed to 'DESCRIPTION_1'
[2026-07-14 22:31:04,087][INFO]:  KiCad Pcb Converter: Attribute name 'D_max' from line 54514 need to be changed to 'D_MAX'
[2026-07-14 22:31:04,089][INFO]:  KiCad Pcb Converter: Attribute name 'A_nom' from line 54527 need to be changed to 'A_NOM'
[2026-07-14 22:31:04,090][INFO]:  KiCad Pcb Converter: Attribute name 'L1_max' from line 54540 need to be changed to 'L1_MAX'
[2026-07-14 22:31:04,091][INFO]:  KiCad Pcb Converter: Attribute name 'A_min' from line 54553 need to be changed to 'A_MIN'
[2026-07-14 22:31:04,093][INFO]:  KiCad Pcb Converter: Attribute name 'E_nom' from line 54579 need to be changed to 'E_NOM'
[2026-07-14 22:31:04,095][INFO]:  KiCad Pcb Converter: Attribute name 'L_nom' from line 54605 need to be changed to 'L_NOM'
[2026-07-14 22:31:04,096][INFO]:  KiCad Pcb Converter: Attribute name 'Purchase-URL' from line 54618 need to be changed to 'PURCHASE-URL'
[2026-07-14 22:31:04,099][INFO]:  KiCad Pcb Converter: Attribute name 'L1_min' from line 54821 need to be changed to 'L1_MIN'
[2026-07-14 22:31:04,101][INFO]:  KiCad Pcb Converter: Attribute name 'Check_prices' from line 54834 need to be changed to 'CHECK_PRICES'
[2026-07-14 22:31:04,102][INFO]:  KiCad Pcb Converter: Attribute name 'Package' from line 54847 need to be changed to 'PACKAGE'
[2026-07-14 22:31:04,105][INFO]:  KiCad Pcb Converter: Attribute name 'E_min' from line 54873 need to be changed to 'E_MIN'
[2026-07-14 22:31:04,106][INFO]:  KiCad Pcb Converter: Attribute name 'SnapEDA_Link' from line 54886 need to be changed to 'SNAPEDA_LINK'
[2026-07-14 22:31:04,107][INFO]:  KiCad Pcb Converter: Attribute name 'D_min' from line 54899 need to be changed to 'D_MIN'
[2026-07-14 22:31:04,109][INFO]:  KiCad Pcb Converter: Attribute name 'D_nom' from line 54912 need to be changed to 'D_NOM'
[2026-07-14 22:31:04,110][INFO]:  KiCad Pcb Converter: Attribute name 'L_min' from line 54925 need to be changed to 'L_MIN'
[2026-07-14 22:31:04,111][INFO]:  KiCad Pcb Converter: Attribute name 'E_max' from line 54938 need to be changed to 'E_MAX'
[2026-07-14 22:31:04,113][INFO]:  KiCad Pcb Converter: Attribute name 'DigiKey_Part_Number' from line 54951 need to be changed to 'DIGIKEY_PART_NUMBER'
[2026-07-14 22:31:04,114][INFO]:  KiCad Pcb Converter: Attribute name 'L_max' from line 54964 need to be changed to 'L_MAX'
[2026-07-14 22:31:04,115][INFO]:  KiCad Pcb Converter: Attribute name 'A_max' from line 54977 need to be changed to 'A_MAX'
[2026-07-14 22:31:04,117][INFO]:  KiCad Pcb Converter: Attribute name 'L1_nom' from line 54990 need to be changed to 'L1_NOM'
[2026-07-14 22:31:04,118][INFO]:  KiCad Pcb Converter: Attribute name 'Description_1' from line 55003 need to be changed to 'DESCRIPTION_1'
[2026-07-14 22:31:04,120][INFO]:  KiCad Pcb Converter: Attribute name 'D_max' from line 55029 need to be changed to 'D_MAX'
[2026-07-14 22:31:04,122][INFO]:  KiCad Pcb Converter: Attribute name 'A_nom' from line 55042 need to be changed to 'A_NOM'
[2026-07-14 22:31:04,123][INFO]:  KiCad Pcb Converter: Attribute name 'L1_max' from line 55055 need to be changed to 'L1_MAX'
[2026-07-14 22:31:04,124][INFO]:  KiCad Pcb Converter: Attribute name 'A_min' from line 55068 need to be changed to 'A_MIN'
[2026-07-14 22:31:04,126][INFO]:  KiCad Pcb Converter: Attribute name 'E_nom' from line 55094 need to be changed to 'E_NOM'
[2026-07-14 22:31:04,128][INFO]:  KiCad Pcb Converter: Attribute name 'L_nom' from line 55120 need to be changed to 'L_NOM'
[2026-07-14 22:31:04,131][INFO]:  KiCad Pcb Converter: Attribute name 'Description' from line 56288 need to be changed to 'DESCRIPTION'
[2026-07-14 22:31:04,132][INFO]:  KiCad Pcb Converter: Attribute name 'Description' from line 57279 need to be changed to 'DESCRIPTION'
[2026-07-14 22:31:04,133][INFO]:  KiCad Pcb Converter: Attribute name 'Description' from line 57777 need to be changed to 'DESCRIPTION'
[2026-07-14 22:31:04,135][INFO]:  KiCad Pcb Converter: Attribute name 'L1_min' from line 58296 need to be changed to 'L1_MIN'
[2026-07-14 22:31:04,136][INFO]:  KiCad Pcb Converter: Attribute name 'Check_prices' from line 58309 need to be changed to 'CHECK_PRICES'
[2026-07-14 22:31:04,138][INFO]:  KiCad Pcb Converter: Attribute name 'Package' from line 58322 need to be changed to 'PACKAGE'
[2026-07-14 22:31:04,140][INFO]:  KiCad Pcb Converter: Attribute name 'E_min' from line 58348 need to be changed to 'E_MIN'
[2026-07-14 22:31:04,142][INFO]:  KiCad Pcb Converter: Attribute name 'SnapEDA_Link' from line 58361 need to be changed to 'SNAPEDA_LINK'
[2026-07-14 22:31:04,143][INFO]:  KiCad Pcb Converter: Attribute name 'D_min' from line 58374 need to be changed to 'D_MIN'
[2026-07-14 22:31:04,144][INFO]:  KiCad Pcb Converter: Attribute name 'D_nom' from line 58387 need to be changed to 'D_NOM'
[2026-07-14 22:31:04,146][INFO]:  KiCad Pcb Converter: Attribute name 'L_min' from line 58400 need to be changed to 'L_MIN'
[2026-07-14 22:31:04,147][INFO]:  KiCad Pcb Converter: Attribute name 'E_max' from line 58413 need to be changed to 'E_MAX'
[2026-07-14 22:31:04,148][INFO]:  KiCad Pcb Converter: Attribute name 'DigiKey_Part_Number' from line 58426 need to be changed to 'DIGIKEY_PART_NUMBER'
[2026-07-14 22:31:04,149][INFO]:  KiCad Pcb Converter: Attribute name 'L_max' from line 58439 need to be changed to 'L_MAX'
[2026-07-14 22:31:04,151][INFO]:  KiCad Pcb Converter: Attribute name 'A_max' from line 58452 need to be changed to 'A_MAX'
[2026-07-14 22:31:04,152][INFO]:  KiCad Pcb Converter: Attribute name 'L1_nom' from line 58465 need to be changed to 'L1_NOM'
[2026-07-14 22:31:04,154][INFO]:  KiCad Pcb Converter: Attribute name 'Description_1' from line 58478 need to be changed to 'DESCRIPTION_1'
[2026-07-14 22:31:04,156][INFO]:  KiCad Pcb Converter: Attribute name 'D_max' from line 58504 need to be changed to 'D_MAX'
[2026-07-14 22:31:04,157][INFO]:  KiCad Pcb Converter: Attribute name 'A_nom' from line 58517 need to be changed to 'A_NOM'
[2026-07-14 22:31:04,158][INFO]:  KiCad Pcb Converter: Attribute name 'L1_max' from line 58530 need to be changed to 'L1_MAX'
[2026-07-14 22:31:04,159][INFO]:  KiCad Pcb Converter: Attribute name 'A_min' from line 58543 need to be changed to 'A_MIN'
[2026-07-14 22:31:04,161][INFO]:  KiCad Pcb Converter: Attribute name 'E_nom' from line 58569 need to be changed to 'E_NOM'
[2026-07-14 22:31:04,163][INFO]:  KiCad Pcb Converter: Attribute name 'L_nom' from line 58595 need to be changed to 'L_NOM'
[2026-07-14 22:31:04,166][INFO]:  KiCad Pcb Converter: Attribute name 'Description' from line 58775 need to be changed to 'DESCRIPTION'
[2026-07-14 22:31:04,168][INFO]:  KiCad Pcb Converter: Attribute name 'Datasheet' from line 58939 need to be changed to 'DATASHEET'
[2026-07-14 22:31:04,168][INFO]:  KiCad Pcb Converter: Attribute name 'Description' from line 58951 need to be changed to 'DESCRIPTION'
[2026-07-14 22:31:04,170][INFO]:  KiCad Pcb Converter: Attribute name 'Description' from line 59341 need to be changed to 'DESCRIPTION'
[2026-07-14 22:31:04,170][INFO]:  KiCad Pcb Converter: Attribute name 'Description' from line 59839 need to be changed to 'DESCRIPTION'
[2026-07-14 22:31:04,171][INFO]:  KiCad Pcb Converter: Attribute name 'Description' from line 60336 need to be changed to 'DESCRIPTION'
[2026-07-14 22:31:04,171][INFO]:  KiCad Pcb Converter: Attribute name 'Description' from line 60446 need to be changed to 'DESCRIPTION'
[2026-07-14 22:31:04,173][INFO]:  KiCad Pcb Converter: Attribute name 'Comment' from line 60966 need to be changed to 'COMMENT'
[2026-07-14 22:31:04,174][INFO]:  KiCad Pcb Converter: Attribute name 'Power_Rating' from line 60992 need to be changed to 'POWER_RATING'
[2026-07-14 22:31:04,175][INFO]:  KiCad Pcb Converter: Attribute name 'Package' from line 61005 need to be changed to 'PACKAGE'
[2026-07-14 22:31:04,176][INFO]:  KiCad Pcb Converter: Attribute name 'Price' from line 61018 need to be changed to 'PRICE'
[2026-07-14 22:31:04,176][INFO]:  KiCad Pcb Converter: Attribute name 'Check_prices' from line 61031 need to be changed to 'CHECK_PRICES'
[2026-07-14 22:31:04,177][INFO]:  KiCad Pcb Converter: Attribute name 'Resistance' from line 61044 need to be changed to 'RESISTANCE'
[2026-07-14 22:31:04,177][INFO]:  KiCad Pcb Converter: Attribute name 'SnapEDA_Link' from line 61057 need to be changed to 'SNAPEDA_LINK'
[2026-07-14 22:31:04,179][INFO]:  KiCad Pcb Converter: Attribute name 'Voltage_Rating' from line 61083 need to be changed to 'VOLTAGE_RATING'
[2026-07-14 22:31:04,179][INFO]:  KiCad Pcb Converter: Attribute name 'EU_RoHS_Compliance' from line 61096 need to be changed to 'EU_ROHS_COMPLIANCE'
[2026-07-14 22:31:04,180][INFO]:  KiCad Pcb Converter: Attribute name 'Tolerance' from line 61109 need to be changed to 'TOLERANCE'
[2026-07-14 22:31:04,181][INFO]:  KiCad Pcb Converter: Attribute name 'Availability' from line 61122 need to be changed to 'AVAILABILITY'
[2026-07-14 22:31:04,181][INFO]:  KiCad Pcb Converter: Attribute name 'Description_1' from line 61135 need to be changed to 'DESCRIPTION_1'
[2026-07-14 22:31:04,182][INFO]:  KiCad Pcb Converter: Attribute name 'Description' from line 61334 need to be changed to 'DESCRIPTION'
[2026-07-14 22:31:04,183][INFO]:  KiCad Pcb Converter: Attribute name 'Description' from line 61443 need to be changed to 'DESCRIPTION'
[2026-07-14 22:31:04,183][INFO]:  KiCad Pcb Converter: Attribute name 'DigiKey_Part_Number' from line 61950 need to be changed to 'DIGIKEY_PART_NUMBER'
[2026-07-14 22:31:04,185][INFO]:  KiCad Pcb Converter: Attribute name 'SnapEDA_Link' from line 61963 need to be changed to 'SNAPEDA_LINK'
[2026-07-14 22:31:04,185][INFO]:  KiCad Pcb Converter: Attribute name 'Description_1' from line 61976 need to be changed to 'DESCRIPTION_1'
[2026-07-14 22:31:04,186][INFO]:  KiCad Pcb Converter: Attribute name 'Package' from line 62002 need to be changed to 'PACKAGE'
[2026-07-14 22:31:04,187][INFO]:  KiCad Pcb Converter: Attribute name 'Check_prices' from line 62015 need to be changed to 'CHECK_PRICES'
[2026-07-14 22:31:04,188][INFO]:  KiCad Pcb Converter: Attribute name 'Description' from line 62309 need to be changed to 'DESCRIPTION'
[2026-07-14 22:31:04,190][INFO]:  KiCad Pcb Converter: Attribute name 'Description' from line 62418 need to be changed to 'DESCRIPTION'
[2026-07-14 22:31:04,192][INFO]:  KiCad Pcb Converter: Attribute name 'DigiKey_Part_Number' from line 62445 need to be changed to 'DIGIKEY_PART_NUMBER'
[2026-07-14 22:31:04,193][INFO]:  KiCad Pcb Converter: Attribute name 'SnapEDA_Link' from line 62459 need to be changed to 'SNAPEDA_LINK'
[2026-07-14 22:31:04,194][INFO]:  KiCad Pcb Converter: Attribute name 'Description_1' from line 62473 need to be changed to 'DESCRIPTION_1'
[2026-07-14 22:31:04,195][INFO]:  KiCad Pcb Converter: Attribute name 'Package' from line 62501 need to be changed to 'PACKAGE'
[2026-07-14 22:31:04,196][INFO]:  KiCad Pcb Converter: Attribute name 'Check_prices' from line 62515 need to be changed to 'CHECK_PRICES'
[2026-07-14 22:31:04,353][INFO]:  Finished processing document: 'C:/Repos/Macro-Pro/Macro-Pro - Hardware/hardware/Macro Pad Pro.kicad_pcb'
[2026-07-14 22:31:04,354][INFO]:  Reading document: Macro Pad Pro.kicad_sch
[2026-07-14 22:31:04,354][WARN]:  KiCad Schematic Reader: Unsupported keyword: 'in_pos_files' of parentNode 'symbol' at line: 20
[2026-07-14 22:31:04,354][WARN]:  KiCad Schematic Reader: Unsupported keyword: 'duplicate_pin_numbers_are_jumpers' of parentNode 'symbol' at line: 21
[2026-07-14 22:31:04,354][WARN]:  KiCad Schematic Reader: Unsupported keyword: 'in_pos_files' of parentNode 'symbol' at line: 169
[2026-07-14 22:31:04,354][WARN]:  KiCad Schematic Reader: Unsupported keyword: 'duplicate_pin_numbers_are_jumpers' of parentNode 'symbol' at line: 170
[2026-07-14 22:31:04,354][WARN]:  KiCad Schematic Reader: Unsupported keyword: 'in_pos_files' of parentNode 'symbol' at line: 318
[2026-07-14 22:31:04,354][WARN]:  KiCad Schematic Reader: Unsupported keyword: 'duplicate_pin_numbers_are_jumpers' of parentNode 'symbol' at line: 319
[2026-07-14 22:31:04,354][WARN]:  KiCad Schematic Reader: Unsupported keyword: 'in_pos_files' of parentNode 'symbol' at line: 467
[2026-07-14 22:31:04,354][WARN]:  KiCad Schematic Reader: Unsupported keyword: 'duplicate_pin_numbers_are_jumpers' of parentNode 'symbol' at line: 468
[2026-07-14 22:31:04,354][WARN]:  KiCad Schematic Reader: Unsupported keyword: 'in_pos_files' of parentNode 'symbol' at line: 616
[2026-07-14 22:31:04,354][WARN]:  KiCad Schematic Reader: Unsupported keyword: 'duplicate_pin_numbers_are_jumpers' of parentNode 'symbol' at line: 617
[2026-07-14 22:31:04,354][WARN]:  KiCad Schematic Reader: Unsupported keyword: 'in_pos_files' of parentNode 'symbol' at line: 765
[2026-07-14 22:31:04,354][WARN]:  KiCad Schematic Reader: Unsupported keyword: 'duplicate_pin_numbers_are_jumpers' of parentNode 'symbol' at line: 766
[2026-07-14 22:31:04,354][WARN]:  KiCad Schematic Reader: Unsupported keyword: 'in_pos_files' of parentNode 'symbol' at line: 914
[2026-07-14 22:31:04,354][WARN]:  KiCad Schematic Reader: Unsupported keyword: 'duplicate_pin_numbers_are_jumpers' of parentNode 'symbol' at line: 915
[2026-07-14 22:31:04,354][WARN]:  KiCad Schematic Reader: Unsupported keyword: 'in_pos_files' of parentNode 'symbol' at line: 1063
[2026-07-14 22:31:04,354][WARN]:  KiCad Schematic Reader: Unsupported keyword: 'duplicate_pin_numbers_are_jumpers' of parentNode 'symbol' at line: 1064
[2026-07-14 22:31:04,354][WARN]:  KiCad Schematic Reader: Unsupported keyword: 'in_pos_files' of parentNode 'symbol' at line: 1212
[2026-07-14 22:31:04,354][WARN]:  KiCad Schematic Reader: Unsupported keyword: 'duplicate_pin_numbers_are_jumpers' of parentNode 'symbol' at line: 1213
[2026-07-14 22:31:04,354][WARN]:  KiCad Schematic Reader: Unsupported keyword: 'in_pos_files' of parentNode 'symbol' at line: 1361
[2026-07-14 22:31:04,354][WARN]:  KiCad Schematic Reader: Unsupported keyword: 'duplicate_pin_numbers_are_jumpers' of parentNode 'symbol' at line: 1362
[2026-07-14 22:31:04,354][WARN]:  KiCad Schematic Reader: Unsupported keyword: 'in_pos_files' of parentNode 'symbol' at line: 1510
[2026-07-14 22:31:04,354][WARN]:  KiCad Schematic Reader: Unsupported keyword: 'duplicate_pin_numbers_are_jumpers' of parentNode 'symbol' at line: 1511
[2026-07-14 22:31:04,354][WARN]:  KiCad Schematic Reader: Unsupported keyword: 'in_pos_files' of parentNode 'symbol' at line: 1659
[2026-07-14 22:31:04,354][WARN]:  KiCad Schematic Reader: Unsupported keyword: 'duplicate_pin_numbers_are_jumpers' of parentNode 'symbol' at line: 1660
[2026-07-14 22:31:04,354][WARN]:  KiCad Schematic Reader: Unsupported keyword: 'in_pos_files' of parentNode 'symbol' at line: 1808
[2026-07-14 22:31:04,354][WARN]:  KiCad Schematic Reader: Unsupported keyword: 'duplicate_pin_numbers_are_jumpers' of parentNode 'symbol' at line: 1809
[2026-07-14 22:31:04,354][WARN]:  KiCad Schematic Reader: Unsupported keyword: 'in_pos_files' of parentNode 'symbol' at line: 1957
[2026-07-14 22:31:04,354][WARN]:  KiCad Schematic Reader: Unsupported keyword: 'duplicate_pin_numbers_are_jumpers' of parentNode 'symbol' at line: 1958
[2026-07-14 22:31:04,354][WARN]:  KiCad Schematic Reader: Unsupported keyword: 'in_pos_files' of parentNode 'symbol' at line: 2106
[2026-07-14 22:31:04,354][WARN]:  KiCad Schematic Reader: Unsupported keyword: 'duplicate_pin_numbers_are_jumpers' of parentNode 'symbol' at line: 2107
[2026-07-14 22:31:04,354][WARN]:  KiCad Schematic Reader: Unsupported keyword: 'in_pos_files' of parentNode 'symbol' at line: 2255
[2026-07-14 22:31:04,356][WARN]:  KiCad Schematic Reader: Unsupported keyword: 'duplicate_pin_numbers_are_jumpers' of parentNode 'symbol' at line: 2256
[2026-07-14 22:31:04,356][WARN]:  KiCad Schematic Reader: Unsupported keyword: 'in_pos_files' of parentNode 'symbol' at line: 2404
[2026-07-14 22:31:04,356][WARN]:  KiCad Schematic Reader: Unsupported keyword: 'duplicate_pin_numbers_are_jumpers' of parentNode 'symbol' at line: 2405
[2026-07-14 22:31:04,356][WARN]:  KiCad Schematic Reader: Unsupported keyword: 'in_pos_files' of parentNode 'symbol' at line: 2553
[2026-07-14 22:31:04,356][WARN]:  KiCad Schematic Reader: Unsupported keyword: 'duplicate_pin_numbers_are_jumpers' of parentNode 'symbol' at line: 2554
[2026-07-14 22:31:04,356][WARN]:  KiCad Schematic Reader: Unsupported keyword: 'in_pos_files' of parentNode 'symbol' at line: 2702
[2026-07-14 22:31:04,356][WARN]:  KiCad Schematic Reader: Unsupported keyword: 'duplicate_pin_numbers_are_jumpers' of parentNode 'symbol' at line: 2703
[2026-07-14 22:31:04,356][WARN]:  KiCad Schematic Reader: Unsupported keyword: 'in_pos_files' of parentNode 'symbol' at line: 2851
[2026-07-14 22:31:04,356][WARN]:  KiCad Schematic Reader: Unsupported keyword: 'duplicate_pin_numbers_are_jumpers' of parentNode 'symbol' at line: 2852
[2026-07-14 22:31:04,356][WARN]:  KiCad Schematic Reader: Unsupported keyword: 'in_pos_files' of parentNode 'symbol' at line: 3000
[2026-07-14 22:31:04,356][WARN]:  KiCad Schematic Reader: Unsupported keyword: 'duplicate_pin_numbers_are_jumpers' of parentNode 'symbol' at line: 3001
[2026-07-14 22:31:04,356][WARN]:  KiCad Schematic Reader: Unsupported keyword: 'in_pos_files' of parentNode 'symbol' at line: 3153
[2026-07-14 22:31:04,356][WARN]:  KiCad Schematic Reader: Unsupported keyword: 'duplicate_pin_numbers_are_jumpers' of parentNode 'symbol' at line: 3154
[2026-07-14 22:31:04,356][WARN]:  KiCad Schematic Reader: Unsupported keyword: 'in_pos_files' of parentNode 'symbol' at line: 3273
[2026-07-14 22:31:04,356][WARN]:  KiCad Schematic Reader: Unsupported keyword: 'duplicate_pin_numbers_are_jumpers' of parentNode 'symbol' at line: 3274
[2026-07-14 22:31:04,356][WARN]:  KiCad Schematic Reader: Unsupported keyword: 'in_pos_files' of parentNode 'symbol' at line: 3431
[2026-07-14 22:31:04,356][WARN]:  KiCad Schematic Reader: Unsupported keyword: 'duplicate_pin_numbers_are_jumpers' of parentNode 'symbol' at line: 3432
[2026-07-14 22:31:04,356][WARN]:  KiCad Schematic Reader: Unsupported keyword: 'in_pos_files' of parentNode 'symbol' at line: 3998
[2026-07-14 22:31:04,356][WARN]:  KiCad Schematic Reader: Unsupported keyword: 'duplicate_pin_numbers_are_jumpers' of parentNode 'symbol' at line: 3999
[2026-07-14 22:31:04,356][WARN]:  KiCad Schematic Reader: Unsupported keyword: 'in_pos_files' of parentNode 'symbol' at line: 4187
[2026-07-14 22:31:04,356][WARN]:  KiCad Schematic Reader: Unsupported keyword: 'duplicate_pin_numbers_are_jumpers' of parentNode 'symbol' at line: 4188
[2026-07-14 22:31:04,356][WARN]:  KiCad Schematic Reader: Unsupported keyword: 'in_pos_files' of parentNode 'symbol' at line: 4321
[2026-07-14 22:31:04,356][WARN]:  KiCad Schematic Reader: Unsupported keyword: 'duplicate_pin_numbers_are_jumpers' of parentNode 'symbol' at line: 4322
[2026-07-14 22:31:04,356][WARN]:  KiCad Schematic Reader: Unsupported keyword: 'in_pos_files' of parentNode 'symbol' at line: 5475
[2026-07-14 22:31:04,356][WARN]:  KiCad Schematic Reader: Unsupported keyword: 'duplicate_pin_numbers_are_jumpers' of parentNode 'symbol' at line: 5476
[2026-07-14 22:31:04,356][WARN]:  KiCad Schematic Reader: Unsupported keyword: 'in_pos_files' of parentNode 'symbol' at line: 5574
[2026-07-14 22:31:04,356][WARN]:  KiCad Schematic Reader: Unsupported keyword: 'duplicate_pin_numbers_are_jumpers' of parentNode 'symbol' at line: 5575
[2026-07-14 22:31:04,356][WARN]:  KiCad Schematic Reader: Unsupported keyword: 'in_pos_files' of parentNode 'symbol' at line: 5670
[2026-07-14 22:31:04,356][WARN]:  KiCad Schematic Reader: Unsupported keyword: 'duplicate_pin_numbers_are_jumpers' of parentNode 'symbol' at line: 5671
[2026-07-14 22:31:04,357][WARN]:  KiCad Schematic Reader: Unsupported keyword: 'in_pos_files' of parentNode 'symbol' at line: 5919
[2026-07-14 22:31:04,357][WARN]:  KiCad Schematic Reader: Unsupported keyword: 'duplicate_pin_numbers_are_jumpers' of parentNode 'symbol' at line: 5920
[2026-07-14 22:31:04,357][WARN]:  KiCad Schematic Reader: Unsupported keyword: 'in_pos_files' of parentNode 'symbol' at line: 6056
[2026-07-14 22:31:04,357][WARN]:  KiCad Schematic Reader: Unsupported keyword: 'duplicate_pin_numbers_are_jumpers' of parentNode 'symbol' at line: 6057
[2026-07-14 22:31:04,357][WARN]:  KiCad Schematic Reader: Unsupported keyword: 'in_pos_files' of parentNode 'symbol' at line: 6250
[2026-07-14 22:31:04,357][WARN]:  KiCad Schematic Reader: Unsupported keyword: 'duplicate_pin_numbers_are_jumpers' of parentNode 'symbol' at line: 6251
[2026-07-14 22:31:04,357][WARN]:  KiCad Schematic Reader: Unsupported keyword: 'in_pos_files' of parentNode 'symbol' at line: 6399
[2026-07-14 22:31:04,357][WARN]:  KiCad Schematic Reader: Unsupported keyword: 'duplicate_pin_numbers_are_jumpers' of parentNode 'symbol' at line: 6400
[2026-07-14 22:31:04,357][WARN]:  KiCad Schematic Reader: Unsupported keyword: 'in_pos_files' of parentNode 'symbol' at line: 6548
[2026-07-14 22:31:04,357][WARN]:  KiCad Schematic Reader: Unsupported keyword: 'duplicate_pin_numbers_are_jumpers' of parentNode 'symbol' at line: 6549
[2026-07-14 22:31:04,357][WARN]:  KiCad Schematic Reader: Unsupported keyword: 'in_pos_files' of parentNode 'symbol' at line: 6783
[2026-07-14 22:31:04,357][WARN]:  KiCad Schematic Reader: Unsupported keyword: 'duplicate_pin_numbers_are_jumpers' of parentNode 'symbol' at line: 6784
[2026-07-14 22:31:04,357][WARN]:  KiCad Schematic Reader: Unsupported keyword: 'in_pos_files' of parentNode 'symbol' at line: 6932
[2026-07-14 22:31:04,357][WARN]:  KiCad Schematic Reader: Unsupported keyword: 'duplicate_pin_numbers_are_jumpers' of parentNode 'symbol' at line: 6933
[2026-07-14 22:31:04,357][WARN]:  KiCad Schematic Reader: Unsupported keyword: 'in_pos_files' of parentNode 'symbol' at line: 7106
[2026-07-14 22:31:04,357][WARN]:  KiCad Schematic Reader: Unsupported keyword: 'duplicate_pin_numbers_are_jumpers' of parentNode 'symbol' at line: 7107
[2026-07-14 22:31:04,357][WARN]:  KiCad Schematic Reader: Unsupported keyword: 'in_pos_files' of parentNode 'symbol' at line: 7341
[2026-07-14 22:31:04,357][WARN]:  KiCad Schematic Reader: Unsupported keyword: 'duplicate_pin_numbers_are_jumpers' of parentNode 'symbol' at line: 7342
[2026-07-14 22:31:04,357][WARN]:  KiCad Schematic Reader: Unsupported keyword: 'in_pos_files' of parentNode 'symbol' at line: 7490
[2026-07-14 22:31:04,357][WARN]:  KiCad Schematic Reader: Unsupported keyword: 'duplicate_pin_numbers_are_jumpers' of parentNode 'symbol' at line: 7491
[2026-07-14 22:31:04,357][WARN]:  KiCad Schematic Reader: Unsupported keyword: 'in_pos_files' of parentNode 'symbol' at line: 7725
[2026-07-14 22:31:04,357][WARN]:  KiCad Schematic Reader: Unsupported keyword: 'duplicate_pin_numbers_are_jumpers' of parentNode 'symbol' at line: 7726
[2026-07-14 22:31:04,357][WARN]:  KiCad Schematic Reader: Unsupported keyword: 'in_pos_files' of parentNode 'symbol' at line: 7960
[2026-07-14 22:31:04,357][WARN]:  KiCad Schematic Reader: Unsupported keyword: 'duplicate_pin_numbers_are_jumpers' of parentNode 'symbol' at line: 7961
[2026-07-14 22:31:04,357][WARN]:  KiCad Schematic Reader: Unsupported keyword: 'in_pos_files' of parentNode 'symbol' at line: 8389
[2026-07-14 22:31:04,357][WARN]:  KiCad Schematic Reader: Unsupported keyword: 'duplicate_pin_numbers_are_jumpers' of parentNode 'symbol' at line: 8390
[2026-07-14 22:31:04,357][WARN]:  KiCad Schematic Reader: Unsupported keyword: 'in_pos_files' of parentNode 'symbol' at line: 8736
[2026-07-14 22:31:04,357][WARN]:  KiCad Schematic Reader: Unsupported keyword: 'duplicate_pin_numbers_are_jumpers' of parentNode 'symbol' at line: 8737
[2026-07-14 22:31:04,357][WARN]:  KiCad Schematic Reader: Unsupported keyword: 'in_pos_files' of parentNode 'symbol' at line: 8989
[2026-07-14 22:31:04,357][WARN]:  KiCad Schematic Reader: Unsupported keyword: 'duplicate_pin_numbers_are_jumpers' of parentNode 'symbol' at line: 8990
[2026-07-14 22:31:04,357][WARN]:  KiCad Schematic Reader: Unsupported keyword: 'in_pos_files' of parentNode 'symbol' at line: 9215
[2026-07-14 22:31:04,357][WARN]:  KiCad Schematic Reader: Unsupported keyword: 'duplicate_pin_numbers_are_jumpers' of parentNode 'symbol' at line: 9216
[2026-07-14 22:31:04,357][WARN]:  KiCad Schematic Reader: Unsupported keyword: 'in_pos_files' of parentNode 'symbol' at line: 9617
[2026-07-14 22:31:04,357][WARN]:  KiCad Schematic Reader: Unsupported keyword: 'duplicate_pin_numbers_are_jumpers' of parentNode 'symbol' at line: 9618
[2026-07-14 22:31:04,358][WARN]:  KiCad Schematic Reader: Unsupported keyword: 'in_pos_files' of parentNode 'symbol' at line: 9802
[2026-07-14 22:31:04,358][WARN]:  KiCad Schematic Reader: Unsupported keyword: 'duplicate_pin_numbers_are_jumpers' of parentNode 'symbol' at line: 9803
[2026-07-14 22:31:04,358][WARN]:  KiCad Schematic Reader: Unsupported keyword: 'in_pos_files' of parentNode 'symbol' at line: 10056
[2026-07-14 22:31:04,358][WARN]:  KiCad Schematic Reader: Unsupported keyword: 'duplicate_pin_numbers_are_jumpers' of parentNode 'symbol' at line: 10057
[2026-07-14 22:31:04,358][WARN]:  KiCad Schematic Reader: Unsupported keyword: 'in_pos_files' of parentNode 'symbol' at line: 11029
[2026-07-14 22:31:04,358][WARN]:  KiCad Schematic Reader: Unsupported keyword: 'duplicate_pin_numbers_are_jumpers' of parentNode 'symbol' at line: 11030
[2026-07-14 22:31:04,358][WARN]:  KiCad Schematic Reader: Unsupported keyword: 'in_pos_files' of parentNode 'symbol' at line: 11563
[2026-07-14 22:31:04,358][WARN]:  KiCad Schematic Reader: Unsupported keyword: 'duplicate_pin_numbers_are_jumpers' of parentNode 'symbol' at line: 11564
[2026-07-14 22:31:04,358][WARN]:  KiCad Schematic Reader: Unsupported keyword: 'in_pos_files' of parentNode 'symbol' at line: 11702
[2026-07-14 22:31:04,358][WARN]:  KiCad Schematic Reader: Unsupported keyword: 'duplicate_pin_numbers_are_jumpers' of parentNode 'symbol' at line: 11703
[2026-07-14 22:31:04,358][WARN]:  KiCad Schematic Reader: Unsupported keyword: 'in_pos_files' of parentNode 'symbol' at line: 11841
[2026-07-14 22:31:04,358][WARN]:  KiCad Schematic Reader: Unsupported keyword: 'duplicate_pin_numbers_are_jumpers' of parentNode 'symbol' at line: 11842
[2026-07-14 22:31:04,358][WARN]:  KiCad Schematic Reader: Unsupported keyword: 'in_pos_files' of parentNode 'symbol' at line: 11956
[2026-07-14 22:31:04,358][WARN]:  KiCad Schematic Reader: Unsupported keyword: 'duplicate_pin_numbers_are_jumpers' of parentNode 'symbol' at line: 11957
[2026-07-14 22:31:04,358][WARN]:  KiCad Schematic Reader: Unsupported keyword: 'in_pos_files' of parentNode 'symbol' at line: 12071
[2026-07-14 22:31:04,358][WARN]:  KiCad Schematic Reader: Unsupported keyword: 'duplicate_pin_numbers_are_jumpers' of parentNode 'symbol' at line: 12072
[2026-07-14 22:31:04,358][WARN]:  KiCad Schematic Reader: Unsupported keyword: 'uuid' of parentNode 'rectangle' at line: 12209
[2026-07-14 22:31:04,358][WARN]:  KiCad Schematic Reader: Unsupported keyword: 'uuid' of parentNode 'rectangle' at line: 12221
[2026-07-14 22:31:04,358][WARN]:  KiCad Schematic Reader: Unsupported keyword: 'uuid' of parentNode 'rectangle' at line: 12233
[2026-07-14 22:31:04,358][WARN]:  KiCad Schematic Reader: Unsupported keyword: 'uuid' of parentNode 'rectangle' at line: 12246
[2026-07-14 22:31:04,358][WARN]:  KiCad Schematic Reader: Unsupported keyword: 'uuid' of parentNode 'rectangle' at line: 12258
[2026-07-14 22:31:04,358][WARN]:  KiCad Schematic Reader: Unsupported keyword: 'uuid' of parentNode 'rectangle' at line: 12270
[2026-07-14 22:31:04,358][WARN]:  KiCad Schematic Reader: Unsupported keyword: 'uuid' of parentNode 'rectangle' at line: 12282
[2026-07-14 22:31:04,358][WARN]:  KiCad Schematic Reader: Unsupported keyword: 'uuid' of parentNode 'rectangle' at line: 12294
[2026-07-14 22:31:04,358][WARN]:  KiCad Schematic Reader: Unsupported keyword: 'uuid' of parentNode 'rectangle' at line: 12307
[2026-07-14 22:31:04,358][WARN]:  KiCad Schematic Reader: Unsupported keyword: 'uuid' of parentNode 'rectangle' at line: 12319
[2026-07-14 22:31:04,358][WARN]:  KiCad Schematic Reader: Unsupported keyword: 'uuid' of parentNode 'rectangle' at line: 12332
[2026-07-14 22:31:04,359][WARN]:  KiCad Schematic Reader: Unsupported keyword: 'uuid' of parentNode 'rectangle' at line: 12344
[2026-07-14 22:31:04,359][WARN]:  KiCad Schematic Reader: Unsupported keyword: 'uuid' of parentNode 'rectangle' at line: 12356
[2026-07-14 22:31:04,359][WARN]:  KiCad Schematic Reader: Unsupported keyword: 'uuid' of parentNode 'rectangle' at line: 12368
[2026-07-14 22:31:04,359][WARN]:  KiCad Schematic Reader: Unsupported keyword: 'uuid' of parentNode 'rectangle' at line: 12380
[2026-07-14 22:31:04,359][WARN]:  KiCad Schematic Reader: Unsupported keyword: 'uuid' of parentNode 'rectangle' at line: 12392
[2026-07-14 22:31:04,359][WARN]:  KiCad Schematic Reader: Unsupported keyword: 'uuid' of parentNode 'rectangle' at line: 12404
[2026-07-14 22:31:04,359][WARN]:  KiCad Schematic Reader: Unsupported keyword: 'uuid' of parentNode 'rectangle' at line: 12416
[2026-07-14 22:31:04,359][WARN]:  KiCad Schematic Reader: Unsupported keyword: 'uuid' of parentNode 'rectangle' at line: 12429
[2026-07-14 22:31:04,359][WARN]:  KiCad Schematic Reader: Unsupported keyword: 'uuid' of parentNode 'rectangle' at line: 12441
[2026-07-14 22:31:04,359][WARN]:  KiCad Schematic Reader: Unsupported keyword: 'uuid' of parentNode 'rectangle' at line: 12453
[2026-07-14 22:31:04,359][WARN]:  KiCad Schematic Reader: Unsupported keyword: 'uuid' of parentNode 'rectangle' at line: 12466
[2026-07-14 22:31:04,359][WARN]:  KiCad Schematic Reader: Unsupported keyword: 'uuid' of parentNode 'rectangle' at line: 12478
[2026-07-14 22:31:04,359][WARN]:  KiCad Schematic Reader: Unsupported keyword: 'uuid' of parentNode 'rectangle' at line: 12490
[2026-07-14 22:31:04,359][WARN]:  KiCad Schematic Reader: Unsupported keyword: 'uuid' of parentNode 'rectangle' at line: 12502
[2026-07-14 22:31:04,359][WARN]:  KiCad Schematic Reader: Unsupported keyword: 'uuid' of parentNode 'rectangle' at line: 12514
[2026-07-14 22:31:04,359][WARN]:  KiCad Schematic Reader: Unsupported keyword: 'uuid' of parentNode 'rectangle' at line: 12526
[2026-07-14 22:31:04,359][WARN]:  KiCad Schematic Reader: Unsupported keyword: 'uuid' of parentNode 'rectangle' at line: 12539
[2026-07-14 22:31:04,359][WARN]:  KiCad Schematic Reader: Unsupported keyword: 'uuid' of parentNode 'rectangle' at line: 12551
[2026-07-14 22:31:04,359][WARN]:  KiCad Schematic Reader: Unsupported keyword: 'uuid' of parentNode 'rectangle' at line: 12563
[2026-07-14 22:31:04,359][WARN]:  KiCad Schematic Reader: Unsupported keyword: 'uuid' of parentNode 'rectangle' at line: 12575
[2026-07-14 22:31:04,359][WARN]:  KiCad Schematic Reader: Unsupported keyword: 'uuid' of parentNode 'rectangle' at line: 12587
[2026-07-14 22:31:04,359][WARN]:  KiCad Schematic Reader: Unsupported keyword: 'uuid' of parentNode 'rectangle' at line: 12599
[2026-07-14 22:31:04,359][WARN]:  KiCad Schematic Reader: Unsupported keyword: 'uuid' of parentNode 'rectangle' at line: 12611
[2026-07-14 22:31:04,359][WARN]:  KiCad Schematic Reader: Unsupported keyword: 'uuid' of parentNode 'rectangle' at line: 12623
[2026-07-14 22:31:04,359][WARN]:  KiCad Schematic Reader: Unsupported keyword: 'uuid' of parentNode 'rectangle' at line: 12635
[2026-07-14 22:31:04,359][WARN]:  KiCad Schematic Reader: Unsupported keyword: 'uuid' of parentNode 'rectangle' at line: 12647
[2026-07-14 22:31:04,359][WARN]:  KiCad Schematic Reader: Unsupported keyword: 'uuid' of parentNode 'rectangle' at line: 12659
[2026-07-14 22:31:04,359][WARN]:  KiCad Schematic Reader: Unsupported keyword: 'uuid' of parentNode 'rectangle' at line: 12671
[2026-07-14 22:31:04,359][WARN]:  KiCad Schematic Reader: Unsupported keyword: 'uuid' of parentNode 'rectangle' at line: 12683
[2026-07-14 22:31:04,360][WARN]:  KiCad Schematic Reader: Unsupported keyword: 'body_style' of parentNode 'symbol' at line: 19995
[2026-07-14 22:31:04,360][WARN]:  KiCad Schematic Reader: Unsupported keyword: 'in_pos_files' of parentNode 'symbol' at line: 19999
[2026-07-14 22:31:04,360][WARN]:  KiCad Schematic Reader: Unsupported keyword: 'body_style' of parentNode 'symbol' at line: 20073
[2026-07-14 22:31:04,360][WARN]:  KiCad Schematic Reader: Unsupported keyword: 'in_pos_files' of parentNode 'symbol' at line: 20077
[2026-07-14 22:31:04,360][WARN]:  KiCad Schematic Reader: Unsupported keyword: 'body_style' of parentNode 'symbol' at line: 20150
[2026-07-14 22:31:04,360][WARN]:  KiCad Schematic Reader: Unsupported keyword: 'in_pos_files' of parentNode 'symbol' at line: 20154
[2026-07-14 22:31:04,360][WARN]:  KiCad Schematic Reader: Unsupported keyword: 'body_style' of parentNode 'symbol' at line: 20236
[2026-07-14 22:31:04,360][WARN]:  KiCad Schematic Reader: Unsupported keyword: 'in_pos_files' of parentNode 'symbol' at line: 20240
[2026-07-14 22:31:04,360][WARN]:  KiCad Schematic Reader: Unsupported keyword: 'body_style' of parentNode 'symbol' at line: 20313
[2026-07-14 22:31:04,360][WARN]:  KiCad Schematic Reader: Unsupported keyword: 'in_pos_files' of parentNode 'symbol' at line: 20317
[2026-07-14 22:31:04,360][WARN]:  KiCad Schematic Reader: Unsupported keyword: 'body_style' of parentNode 'symbol' at line: 20390
[2026-07-14 22:31:04,360][WARN]:  KiCad Schematic Reader: Unsupported keyword: 'in_pos_files' of parentNode 'symbol' at line: 20394
[2026-07-14 22:31:04,361][WARN]:  KiCad Schematic Reader: Unsupported keyword: 'body_style' of parentNode 'symbol' at line: 20467
[2026-07-14 22:31:04,361][WARN]:  KiCad Schematic Reader: Unsupported keyword: 'in_pos_files' of parentNode 'symbol' at line: 20471
[2026-07-14 22:31:04,361][WARN]:  KiCad Schematic Reader: Unsupported keyword: 'body_style' of parentNode 'symbol' at line: 20544
[2026-07-14 22:31:04,361][WARN]:  KiCad Schematic Reader: Unsupported keyword: 'in_pos_files' of parentNode 'symbol' at line: 20548
[2026-07-14 22:31:04,361][WARN]:  KiCad Schematic Reader: Unsupported keyword: 'body_style' of parentNode 'symbol' at line: 20621
[2026-07-14 22:31:04,361][WARN]:  KiCad Schematic Reader: Unsupported keyword: 'in_pos_files' of parentNode 'symbol' at line: 20625
[2026-07-14 22:31:04,361][WARN]:  KiCad Schematic Reader: Unsupported keyword: 'body_style' of parentNode 'symbol' at line: 20728
[2026-07-14 22:31:04,361][WARN]:  KiCad Schematic Reader: Unsupported keyword: 'in_pos_files' of parentNode 'symbol' at line: 20732
[2026-07-14 22:31:04,361][WARN]:  KiCad Schematic Reader: Unsupported keyword: 'body_style' of parentNode 'symbol' at line: 20805
[2026-07-14 22:31:04,361][WARN]:  KiCad Schematic Reader: Unsupported keyword: 'in_pos_files' of parentNode 'symbol' at line: 20809
[2026-07-14 22:31:04,361][WARN]:  KiCad Schematic Reader: Unsupported keyword: 'body_style' of parentNode 'symbol' at line: 20908
[2026-07-14 22:31:04,361][WARN]:  KiCad Schematic Reader: Unsupported keyword: 'in_pos_files' of parentNode 'symbol' at line: 20912
[2026-07-14 22:31:04,361][WARN]:  KiCad Schematic Reader: Unsupported keyword: 'body_style' of parentNode 'symbol' at line: 21030
[2026-07-14 22:31:04,361][WARN]:  KiCad Schematic Reader: Unsupported keyword: 'in_pos_files' of parentNode 'symbol' at line: 21034
[2026-07-14 22:31:04,361][WARN]:  KiCad Schematic Reader: Unsupported keyword: 'body_style' of parentNode 'symbol' at line: 21134
[2026-07-14 22:31:04,361][WARN]:  KiCad Schematic Reader: Unsupported keyword: 'in_pos_files' of parentNode 'symbol' at line: 21138
[2026-07-14 22:31:04,361][WARN]:  KiCad Schematic Reader: Unsupported keyword: 'body_style' of parentNode 'symbol' at line: 21239
[2026-07-14 22:31:04,361][WARN]:  KiCad Schematic Reader: Unsupported keyword: 'in_pos_files' of parentNode 'symbol' at line: 21243
[2026-07-14 22:31:04,361][WARN]:  KiCad Schematic Reader: Unsupported keyword: 'body_style' of parentNode 'symbol' at line: 21343
[2026-07-14 22:31:04,361][WARN]:  KiCad Schematic Reader: Unsupported keyword: 'in_pos_files' of parentNode 'symbol' at line: 21347
[2026-07-14 22:31:04,361][WARN]:  KiCad Schematic Reader: Unsupported keyword: 'body_style' of parentNode 'symbol' at line: 21421
[2026-07-14 22:31:04,361][WARN]:  KiCad Schematic Reader: Unsupported keyword: 'in_pos_files' of parentNode 'symbol' at line: 21425
[2026-07-14 22:31:04,361][WARN]:  KiCad Schematic Reader: Unsupported keyword: 'body_style' of parentNode 'symbol' at line: 21525
[2026-07-14 22:31:04,361][WARN]:  KiCad Schematic Reader: Unsupported keyword: 'in_pos_files' of parentNode 'symbol' at line: 21529
[2026-07-14 22:31:04,361][WARN]:  KiCad Schematic Reader: Unsupported keyword: 'body_style' of parentNode 'symbol' at line: 21632
[2026-07-14 22:31:04,361][WARN]:  KiCad Schematic Reader: Unsupported keyword: 'in_pos_files' of parentNode 'symbol' at line: 21636
[2026-07-14 22:31:04,361][WARN]:  KiCad Schematic Reader: Unsupported keyword: 'body_style' of parentNode 'symbol' at line: 21739
[2026-07-14 22:31:04,361][WARN]:  KiCad Schematic Reader: Unsupported keyword: 'in_pos_files' of parentNode 'symbol' at line: 21743
[2026-07-14 22:31:04,361][WARN]:  KiCad Schematic Reader: Unsupported keyword: 'body_style' of parentNode 'symbol' at line: 21843
[2026-07-14 22:31:04,361][WARN]:  KiCad Schematic Reader: Unsupported keyword: 'in_pos_files' of parentNode 'symbol' at line: 21847
[2026-07-14 22:31:04,361][WARN]:  KiCad Schematic Reader: Unsupported keyword: 'body_style' of parentNode 'symbol' at line: 21920
[2026-07-14 22:31:04,361][WARN]:  KiCad Schematic Reader: Unsupported keyword: 'in_pos_files' of parentNode 'symbol' at line: 21924
[2026-07-14 22:31:04,361][WARN]:  KiCad Schematic Reader: Unsupported keyword: 'body_style' of parentNode 'symbol' at line: 21997
[2026-07-14 22:31:04,361][WARN]:  KiCad Schematic Reader: Unsupported keyword: 'in_pos_files' of parentNode 'symbol' at line: 22001
[2026-07-14 22:31:04,361][WARN]:  KiCad Schematic Reader: Unsupported keyword: 'body_style' of parentNode 'symbol' at line: 22074
[2026-07-14 22:31:04,361][WARN]:  KiCad Schematic Reader: Unsupported keyword: 'in_pos_files' of parentNode 'symbol' at line: 22078
[2026-07-14 22:31:04,362][WARN]:  KiCad Schematic Reader: Unsupported keyword: 'body_style' of parentNode 'symbol' at line: 22151
[2026-07-14 22:31:04,362][WARN]:  KiCad Schematic Reader: Unsupported keyword: 'in_pos_files' of parentNode 'symbol' at line: 22155
[2026-07-14 22:31:04,362][WARN]:  KiCad Schematic Reader: Unsupported keyword: 'body_style' of parentNode 'symbol' at line: 22228
[2026-07-14 22:31:04,362][WARN]:  KiCad Schematic Reader: Unsupported keyword: 'in_pos_files' of parentNode 'symbol' at line: 22232
[2026-07-14 22:31:04,362][WARN]:  KiCad Schematic Reader: Unsupported keyword: 'body_style' of parentNode 'symbol' at line: 22305
[2026-07-14 22:31:04,362][WARN]:  KiCad Schematic Reader: Unsupported keyword: 'in_pos_files' of parentNode 'symbol' at line: 22309
[2026-07-14 22:31:04,362][WARN]:  KiCad Schematic Reader: Unsupported keyword: 'body_style' of parentNode 'symbol' at line: 22383
[2026-07-14 22:31:04,362][WARN]:  KiCad Schematic Reader: Unsupported keyword: 'in_pos_files' of parentNode 'symbol' at line: 22387
[2026-07-14 22:31:04,362][WARN]:  KiCad Schematic Reader: Unsupported keyword: 'body_style' of parentNode 'symbol' at line: 22489
[2026-07-14 22:31:04,362][WARN]:  KiCad Schematic Reader: Unsupported keyword: 'in_pos_files' of parentNode 'symbol' at line: 22493
[2026-07-14 22:31:04,362][WARN]:  KiCad Schematic Reader: Unsupported keyword: 'body_style' of parentNode 'symbol' at line: 22594
[2026-07-14 22:31:04,362][WARN]:  KiCad Schematic Reader: Unsupported keyword: 'in_pos_files' of parentNode 'symbol' at line: 22598
[2026-07-14 22:31:04,362][WARN]:  KiCad Schematic Reader: Unsupported keyword: 'body_style' of parentNode 'symbol' at line: 22697
[2026-07-14 22:31:04,362][WARN]:  KiCad Schematic Reader: Unsupported keyword: 'in_pos_files' of parentNode 'symbol' at line: 22701
[2026-07-14 22:31:04,362][WARN]:  KiCad Schematic Reader: Unsupported keyword: 'body_style' of parentNode 'symbol' at line: 22801
[2026-07-14 22:31:04,362][WARN]:  KiCad Schematic Reader: Unsupported keyword: 'in_pos_files' of parentNode 'symbol' at line: 22805
[2026-07-14 22:31:04,362][WARN]:  KiCad Schematic Reader: Unsupported keyword: 'body_style' of parentNode 'symbol' at line: 22903
[2026-07-14 22:31:04,362][WARN]:  KiCad Schematic Reader: Unsupported keyword: 'in_pos_files' of parentNode 'symbol' at line: 22907
[2026-07-14 22:31:04,362][WARN]:  KiCad Schematic Reader: Unsupported keyword: 'body_style' of parentNode 'symbol' at line: 22980
[2026-07-14 22:31:04,362][WARN]:  KiCad Schematic Reader: Unsupported keyword: 'in_pos_files' of parentNode 'symbol' at line: 22984
[2026-07-14 22:31:04,362][WARN]:  KiCad Schematic Reader: Unsupported keyword: 'body_style' of parentNode 'symbol' at line: 23058
[2026-07-14 22:31:04,362][WARN]:  KiCad Schematic Reader: Unsupported keyword: 'in_pos_files' of parentNode 'symbol' at line: 23062
[2026-07-14 22:31:04,362][WARN]:  KiCad Schematic Reader: Unsupported keyword: 'body_style' of parentNode 'symbol' at line: 23171
[2026-07-14 22:31:04,362][WARN]:  KiCad Schematic Reader: Unsupported keyword: 'in_pos_files' of parentNode 'symbol' at line: 23175
[2026-07-14 22:31:04,362][WARN]:  KiCad Schematic Reader: Unsupported keyword: 'body_style' of parentNode 'symbol' at line: 23248
[2026-07-14 22:31:04,362][WARN]:  KiCad Schematic Reader: Unsupported keyword: 'in_pos_files' of parentNode 'symbol' at line: 23252
[2026-07-14 22:31:04,362][WARN]:  KiCad Schematic Reader: Unsupported keyword: 'body_style' of parentNode 'symbol' at line: 23325
[2026-07-14 22:31:04,362][WARN]:  KiCad Schematic Reader: Unsupported keyword: 'in_pos_files' of parentNode 'symbol' at line: 23329
[2026-07-14 22:31:04,362][WARN]:  KiCad Schematic Reader: Unsupported keyword: 'body_style' of parentNode 'symbol' at line: 23411
[2026-07-14 22:31:04,362][WARN]:  KiCad Schematic Reader: Unsupported keyword: 'in_pos_files' of parentNode 'symbol' at line: 23415
[2026-07-14 22:31:04,362][WARN]:  KiCad Schematic Reader: Unsupported keyword: 'body_style' of parentNode 'symbol' at line: 23497
[2026-07-14 22:31:04,362][WARN]:  KiCad Schematic Reader: Unsupported keyword: 'in_pos_files' of parentNode 'symbol' at line: 23501
[2026-07-14 22:31:04,362][WARN]:  KiCad Schematic Reader: Unsupported keyword: 'body_style' of parentNode 'symbol' at line: 23574
[2026-07-14 22:31:04,362][WARN]:  KiCad Schematic Reader: Unsupported keyword: 'in_pos_files' of parentNode 'symbol' at line: 23578
[2026-07-14 22:31:04,362][WARN]:  KiCad Schematic Reader: Unsupported keyword: 'body_style' of parentNode 'symbol' at line: 23656
[2026-07-14 22:31:04,362][WARN]:  KiCad Schematic Reader: Unsupported keyword: 'in_pos_files' of parentNode 'symbol' at line: 23660
[2026-07-14 22:31:04,362][WARN]:  KiCad Schematic Reader: Unsupported keyword: 'body_style' of parentNode 'symbol' at line: 23733
[2026-07-14 22:31:04,362][WARN]:  KiCad Schematic Reader: Unsupported keyword: 'in_pos_files' of parentNode 'symbol' at line: 23737
[2026-07-14 22:31:04,362][WARN]:  KiCad Schematic Reader: Unsupported keyword: 'body_style' of parentNode 'symbol' at line: 23849
[2026-07-14 22:31:04,362][WARN]:  KiCad Schematic Reader: Unsupported keyword: 'in_pos_files' of parentNode 'symbol' at line: 23853
[2026-07-14 22:31:04,362][WARN]:  KiCad Schematic Reader: Unsupported keyword: 'body_style' of parentNode 'symbol' at line: 23956
[2026-07-14 22:31:04,362][WARN]:  KiCad Schematic Reader: Unsupported keyword: 'in_pos_files' of parentNode 'symbol' at line: 23960
[2026-07-14 22:31:04,362][WARN]:  KiCad Schematic Reader: Unsupported keyword: 'body_style' of parentNode 'symbol' at line: 24042
[2026-07-14 22:31:04,362][WARN]:  KiCad Schematic Reader: Unsupported keyword: 'in_pos_files' of parentNode 'symbol' at line: 24046
[2026-07-14 22:31:04,362][WARN]:  KiCad Schematic Reader: Unsupported keyword: 'body_style' of parentNode 'symbol' at line: 24120
[2026-07-14 22:31:04,362][WARN]:  KiCad Schematic Reader: Unsupported keyword: 'in_pos_files' of parentNode 'symbol' at line: 24124
[2026-07-14 22:31:04,362][WARN]:  KiCad Schematic Reader: Unsupported keyword: 'body_style' of parentNode 'symbol' at line: 24197
[2026-07-14 22:31:04,363][WARN]:  KiCad Schematic Reader: Unsupported keyword: 'in_pos_files' of parentNode 'symbol' at line: 24201
[2026-07-14 22:31:04,363][WARN]:  KiCad Schematic Reader: Unsupported keyword: 'body_style' of parentNode 'symbol' at line: 24275
[2026-07-14 22:31:04,363][WARN]:  KiCad Schematic Reader: Unsupported keyword: 'in_pos_files' of parentNode 'symbol' at line: 24279
[2026-07-14 22:31:04,363][WARN]:  KiCad Schematic Reader: Unsupported keyword: 'body_style' of parentNode 'symbol' at line: 24379
[2026-07-14 22:31:04,363][WARN]:  KiCad Schematic Reader: Unsupported keyword: 'in_pos_files' of parentNode 'symbol' at line: 24383
[2026-07-14 22:31:04,363][WARN]:  KiCad Schematic Reader: Unsupported keyword: 'body_style' of parentNode 'symbol' at line: 24461
[2026-07-14 22:31:04,363][WARN]:  KiCad Schematic Reader: Unsupported keyword: 'in_pos_files' of parentNode 'symbol' at line: 24465
[2026-07-14 22:31:04,363][WARN]:  KiCad Schematic Reader: Unsupported keyword: 'body_style' of parentNode 'symbol' at line: 24544
[2026-07-14 22:31:04,363][WARN]:  KiCad Schematic Reader: Unsupported keyword: 'in_pos_files' of parentNode 'symbol' at line: 24548
[2026-07-14 22:31:04,363][WARN]:  KiCad Schematic Reader: Unsupported keyword: 'body_style' of parentNode 'symbol' at line: 24626
[2026-07-14 22:31:04,363][WARN]:  KiCad Schematic Reader: Unsupported keyword: 'in_pos_files' of parentNode 'symbol' at line: 24630
[2026-07-14 22:31:04,363][WARN]:  KiCad Schematic Reader: Unsupported keyword: 'body_style' of parentNode 'symbol' at line: 24703
[2026-07-14 22:31:04,363][WARN]:  KiCad Schematic Reader: Unsupported keyword: 'in_pos_files' of parentNode 'symbol' at line: 24707
[2026-07-14 22:31:04,363][WARN]:  KiCad Schematic Reader: Unsupported keyword: 'body_style' of parentNode 'symbol' at line: 24780
[2026-07-14 22:31:04,363][WARN]:  KiCad Schematic Reader: Unsupported keyword: 'in_pos_files' of parentNode 'symbol' at line: 24784
[2026-07-14 22:31:04,363][WARN]:  KiCad Schematic Reader: Unsupported keyword: 'body_style' of parentNode 'symbol' at line: 24862
[2026-07-14 22:31:04,363][WARN]:  KiCad Schematic Reader: Unsupported keyword: 'in_pos_files' of parentNode 'symbol' at line: 24866
[2026-07-14 22:31:04,363][WARN]:  KiCad Schematic Reader: Unsupported keyword: 'body_style' of parentNode 'symbol' at line: 24966
[2026-07-14 22:31:04,363][WARN]:  KiCad Schematic Reader: Unsupported keyword: 'in_pos_files' of parentNode 'symbol' at line: 24970
[2026-07-14 22:31:04,363][WARN]:  KiCad Schematic Reader: Unsupported keyword: 'body_style' of parentNode 'symbol' at line: 25043
[2026-07-14 22:31:04,363][WARN]:  KiCad Schematic Reader: Unsupported keyword: 'in_pos_files' of parentNode 'symbol' at line: 25047
[2026-07-14 22:31:04,363][WARN]:  KiCad Schematic Reader: Unsupported keyword: 'body_style' of parentNode 'symbol' at line: 25121
[2026-07-14 22:31:04,363][WARN]:  KiCad Schematic Reader: Unsupported keyword: 'in_pos_files' of parentNode 'symbol' at line: 25125
[2026-07-14 22:31:04,363][WARN]:  KiCad Schematic Reader: Unsupported keyword: 'body_style' of parentNode 'symbol' at line: 25198
[2026-07-14 22:31:04,363][WARN]:  KiCad Schematic Reader: Unsupported keyword: 'in_pos_files' of parentNode 'symbol' at line: 25202
[2026-07-14 22:31:04,363][WARN]:  KiCad Schematic Reader: Unsupported keyword: 'body_style' of parentNode 'symbol' at line: 25302
[2026-07-14 22:31:04,363][WARN]:  KiCad Schematic Reader: Unsupported keyword: 'in_pos_files' of parentNode 'symbol' at line: 25306
[2026-07-14 22:31:04,363][WARN]:  KiCad Schematic Reader: Unsupported keyword: 'body_style' of parentNode 'symbol' at line: 25388
[2026-07-14 22:31:04,363][WARN]:  KiCad Schematic Reader: Unsupported keyword: 'in_pos_files' of parentNode 'symbol' at line: 25392
[2026-07-14 22:31:04,363][WARN]:  KiCad Schematic Reader: Unsupported keyword: 'body_style' of parentNode 'symbol' at line: 25465
[2026-07-14 22:31:04,363][WARN]:  KiCad Schematic Reader: Unsupported keyword: 'in_pos_files' of parentNode 'symbol' at line: 25469
[2026-07-14 22:31:04,363][WARN]:  KiCad Schematic Reader: Unsupported keyword: 'body_style' of parentNode 'symbol' at line: 25542
[2026-07-14 22:31:04,363][WARN]:  KiCad Schematic Reader: Unsupported keyword: 'in_pos_files' of parentNode 'symbol' at line: 25546
[2026-07-14 22:31:04,363][WARN]:  KiCad Schematic Reader: Unsupported keyword: 'body_style' of parentNode 'symbol' at line: 25646
[2026-07-14 22:31:04,363][WARN]:  KiCad Schematic Reader: Unsupported keyword: 'in_pos_files' of parentNode 'symbol' at line: 25650
[2026-07-14 22:31:04,363][WARN]:  KiCad Schematic Reader: Unsupported keyword: 'body_style' of parentNode 'symbol' at line: 25732
[2026-07-14 22:31:04,363][WARN]:  KiCad Schematic Reader: Unsupported keyword: 'in_pos_files' of parentNode 'symbol' at line: 25736
[2026-07-14 22:31:04,363][WARN]:  KiCad Schematic Reader: Unsupported keyword: 'body_style' of parentNode 'symbol' at line: 25809
[2026-07-14 22:31:04,363][WARN]:  KiCad Schematic Reader: Unsupported keyword: 'in_pos_files' of parentNode 'symbol' at line: 25813
[2026-07-14 22:31:04,363][WARN]:  KiCad Schematic Reader: Unsupported keyword: 'body_style' of parentNode 'symbol' at line: 25886
[2026-07-14 22:31:04,363][WARN]:  KiCad Schematic Reader: Unsupported keyword: 'in_pos_files' of parentNode 'symbol' at line: 25890
[2026-07-14 22:31:04,363][WARN]:  KiCad Schematic Reader: Unsupported keyword: 'body_style' of parentNode 'symbol' at line: 25963
[2026-07-14 22:31:04,363][WARN]:  KiCad Schematic Reader: Unsupported keyword: 'in_pos_files' of parentNode 'symbol' at line: 25967
[2026-07-14 22:31:04,363][WARN]:  KiCad Schematic Reader: Unsupported keyword: 'body_style' of parentNode 'symbol' at line: 26070
[2026-07-14 22:31:04,363][WARN]:  KiCad Schematic Reader: Unsupported keyword: 'in_pos_files' of parentNode 'symbol' at line: 26074
[2026-07-14 22:31:04,363][WARN]:  KiCad Schematic Reader: Unsupported keyword: 'body_style' of parentNode 'symbol' at line: 26148
[2026-07-14 22:31:04,363][WARN]:  KiCad Schematic Reader: Unsupported keyword: 'in_pos_files' of parentNode 'symbol' at line: 26152
[2026-07-14 22:31:04,363][WARN]:  KiCad Schematic Reader: Unsupported keyword: 'body_style' of parentNode 'symbol' at line: 26252
[2026-07-14 22:31:04,363][WARN]:  KiCad Schematic Reader: Unsupported keyword: 'in_pos_files' of parentNode 'symbol' at line: 26256
[2026-07-14 22:31:04,363][WARN]:  KiCad Schematic Reader: Unsupported keyword: 'body_style' of parentNode 'symbol' at line: 26329
[2026-07-14 22:31:04,363][WARN]:  KiCad Schematic Reader: Unsupported keyword: 'in_pos_files' of parentNode 'symbol' at line: 26333
[2026-07-14 22:31:04,363][WARN]:  KiCad Schematic Reader: Unsupported keyword: 'body_style' of parentNode 'symbol' at line: 26436
[2026-07-14 22:31:04,363][WARN]:  KiCad Schematic Reader: Unsupported keyword: 'in_pos_files' of parentNode 'symbol' at line: 26440
[2026-07-14 22:31:04,363][WARN]:  KiCad Schematic Reader: Unsupported keyword: 'body_style' of parentNode 'symbol' at line: 26513
[2026-07-14 22:31:04,364][WARN]:  KiCad Schematic Reader: Unsupported keyword: 'in_pos_files' of parentNode 'symbol' at line: 26517
[2026-07-14 22:31:04,364][WARN]:  KiCad Schematic Reader: Unsupported keyword: 'body_style' of parentNode 'symbol' at line: 26590
[2026-07-14 22:31:04,364][WARN]:  KiCad Schematic Reader: Unsupported keyword: 'in_pos_files' of parentNode 'symbol' at line: 26594
[2026-07-14 22:31:04,364][WARN]:  KiCad Schematic Reader: Unsupported keyword: 'body_style' of parentNode 'symbol' at line: 26694
[2026-07-14 22:31:04,364][WARN]:  KiCad Schematic Reader: Unsupported keyword: 'in_pos_files' of parentNode 'symbol' at line: 26698
[2026-07-14 22:31:04,364][WARN]:  KiCad Schematic Reader: Unsupported keyword: 'body_style' of parentNode 'symbol' at line: 26773
[2026-07-14 22:31:04,364][WARN]:  KiCad Schematic Reader: Unsupported keyword: 'in_pos_files' of parentNode 'symbol' at line: 26777
[2026-07-14 22:31:04,364][WARN]:  KiCad Schematic Reader: Unsupported keyword: 'body_style' of parentNode 'symbol' at line: 26855
[2026-07-14 22:31:04,364][WARN]:  KiCad Schematic Reader: Unsupported keyword: 'in_pos_files' of parentNode 'symbol' at line: 26859
[2026-07-14 22:31:04,364][WARN]:  KiCad Schematic Reader: Unsupported keyword: 'body_style' of parentNode 'symbol' at line: 26941
[2026-07-14 22:31:04,364][WARN]:  KiCad Schematic Reader: Unsupported keyword: 'in_pos_files' of parentNode 'symbol' at line: 26945
[2026-07-14 22:31:04,364][WARN]:  KiCad Schematic Reader: Unsupported keyword: 'body_style' of parentNode 'symbol' at line: 27016
[2026-07-14 22:31:04,364][WARN]:  KiCad Schematic Reader: Unsupported keyword: 'in_pos_files' of parentNode 'symbol' at line: 27020
[2026-07-14 22:31:04,364][WARN]:  KiCad Schematic Reader: Unsupported keyword: 'body_style' of parentNode 'symbol' at line: 27102
[2026-07-14 22:31:04,364][WARN]:  KiCad Schematic Reader: Unsupported keyword: 'in_pos_files' of parentNode 'symbol' at line: 27106
[2026-07-14 22:31:04,364][WARN]:  KiCad Schematic Reader: Unsupported keyword: 'body_style' of parentNode 'symbol' at line: 27179
[2026-07-14 22:31:04,364][WARN]:  KiCad Schematic Reader: Unsupported keyword: 'in_pos_files' of parentNode 'symbol' at line: 27183
[2026-07-14 22:31:04,364][WARN]:  KiCad Schematic Reader: Unsupported keyword: 'body_style' of parentNode 'symbol' at line: 27256
[2026-07-14 22:31:04,364][WARN]:  KiCad Schematic Reader: Unsupported keyword: 'in_pos_files' of parentNode 'symbol' at line: 27260
[2026-07-14 22:31:04,364][WARN]:  KiCad Schematic Reader: Unsupported keyword: 'body_style' of parentNode 'symbol' at line: 27333
[2026-07-14 22:31:04,364][WARN]:  KiCad Schematic Reader: Unsupported keyword: 'in_pos_files' of parentNode 'symbol' at line: 27337
[2026-07-14 22:31:04,364][WARN]:  KiCad Schematic Reader: Unsupported keyword: 'body_style' of parentNode 'symbol' at line: 27439
[2026-07-14 22:31:04,364][WARN]:  KiCad Schematic Reader: Unsupported keyword: 'in_pos_files' of parentNode 'symbol' at line: 27443
[2026-07-14 22:31:04,364][WARN]:  KiCad Schematic Reader: Unsupported keyword: 'body_style' of parentNode 'symbol' at line: 27516
[2026-07-14 22:31:04,364][WARN]:  KiCad Schematic Reader: Unsupported keyword: 'in_pos_files' of parentNode 'symbol' at line: 27520
[2026-07-14 22:31:04,364][WARN]:  KiCad Schematic Reader: Unsupported keyword: 'body_style' of parentNode 'symbol' at line: 27599
[2026-07-14 22:31:04,364][WARN]:  KiCad Schematic Reader: Unsupported keyword: 'in_pos_files' of parentNode 'symbol' at line: 27603
[2026-07-14 22:31:04,364][WARN]:  KiCad Schematic Reader: Unsupported keyword: 'body_style' of parentNode 'symbol' at line: 27685
[2026-07-14 22:31:04,364][WARN]:  KiCad Schematic Reader: Unsupported keyword: 'in_pos_files' of parentNode 'symbol' at line: 27689
[2026-07-14 22:31:04,364][WARN]:  KiCad Schematic Reader: Unsupported keyword: 'body_style' of parentNode 'symbol' at line: 27771
[2026-07-14 22:31:04,364][WARN]:  KiCad Schematic Reader: Unsupported keyword: 'in_pos_files' of parentNode 'symbol' at line: 27775
[2026-07-14 22:31:04,364][WARN]:  KiCad Schematic Reader: Unsupported keyword: 'body_style' of parentNode 'symbol' at line: 27868
[2026-07-14 22:31:04,364][WARN]:  KiCad Schematic Reader: Unsupported keyword: 'in_pos_files' of parentNode 'symbol' at line: 27872
[2026-07-14 22:31:04,364][WARN]:  KiCad Schematic Reader: Unsupported keyword: 'body_style' of parentNode 'symbol' at line: 27946
[2026-07-14 22:31:04,364][WARN]:  KiCad Schematic Reader: Unsupported keyword: 'in_pos_files' of parentNode 'symbol' at line: 27950
[2026-07-14 22:31:04,364][WARN]:  KiCad Schematic Reader: Unsupported keyword: 'body_style' of parentNode 'symbol' at line: 28032
[2026-07-14 22:31:04,364][WARN]:  KiCad Schematic Reader: Unsupported keyword: 'in_pos_files' of parentNode 'symbol' at line: 28036
[2026-07-14 22:31:04,364][WARN]:  KiCad Schematic Reader: Unsupported keyword: 'body_style' of parentNode 'symbol' at line: 28109
[2026-07-14 22:31:04,364][WARN]:  KiCad Schematic Reader: Unsupported keyword: 'in_pos_files' of parentNode 'symbol' at line: 28113
[2026-07-14 22:31:04,364][WARN]:  KiCad Schematic Reader: Unsupported keyword: 'body_style' of parentNode 'symbol' at line: 28213
[2026-07-14 22:31:04,364][WARN]:  KiCad Schematic Reader: Unsupported keyword: 'in_pos_files' of parentNode 'symbol' at line: 28217
[2026-07-14 22:31:04,364][WARN]:  KiCad Schematic Reader: Unsupported keyword: 'body_style' of parentNode 'symbol' at line: 28290
[2026-07-14 22:31:04,364][WARN]:  KiCad Schematic Reader: Unsupported keyword: 'in_pos_files' of parentNode 'symbol' at line: 28294
[2026-07-14 22:31:04,364][WARN]:  KiCad Schematic Reader: Unsupported keyword: 'body_style' of parentNode 'symbol' at line: 28368
[2026-07-14 22:31:04,364][WARN]:  KiCad Schematic Reader: Unsupported keyword: 'in_pos_files' of parentNode 'symbol' at line: 28372
[2026-07-14 22:31:04,364][WARN]:  KiCad Schematic Reader: Unsupported keyword: 'body_style' of parentNode 'symbol' at line: 28473
[2026-07-14 22:31:04,364][WARN]:  KiCad Schematic Reader: Unsupported keyword: 'in_pos_files' of parentNode 'symbol' at line: 28477
[2026-07-14 22:31:04,364][WARN]:  KiCad Schematic Reader: Unsupported keyword: 'body_style' of parentNode 'symbol' at line: 28550
[2026-07-14 22:31:04,364][WARN]:  KiCad Schematic Reader: Unsupported keyword: 'in_pos_files' of parentNode 'symbol' at line: 28554
[2026-07-14 22:31:04,365][WARN]:  KiCad Schematic Reader: Unsupported keyword: 'body_style' of parentNode 'symbol' at line: 28627
[2026-07-14 22:31:04,365][WARN]:  KiCad Schematic Reader: Unsupported keyword: 'in_pos_files' of parentNode 'symbol' at line: 28631
[2026-07-14 22:31:04,365][WARN]:  KiCad Schematic Reader: Unsupported keyword: 'body_style' of parentNode 'symbol' at line: 28918
[2026-07-14 22:31:04,365][WARN]:  KiCad Schematic Reader: Unsupported keyword: 'in_pos_files' of parentNode 'symbol' at line: 28922
[2026-07-14 22:31:04,365][WARN]:  KiCad Schematic Reader: Unsupported keyword: 'body_style' of parentNode 'symbol' at line: 28995
[2026-07-14 22:31:04,365][WARN]:  KiCad Schematic Reader: Unsupported keyword: 'in_pos_files' of parentNode 'symbol' at line: 28999
[2026-07-14 22:31:04,365][WARN]:  KiCad Schematic Reader: Unsupported keyword: 'body_style' of parentNode 'symbol' at line: 29072
[2026-07-14 22:31:04,365][WARN]:  KiCad Schematic Reader: Unsupported keyword: 'in_pos_files' of parentNode 'symbol' at line: 29076
[2026-07-14 22:31:04,365][WARN]:  KiCad Schematic Reader: Unsupported keyword: 'body_style' of parentNode 'symbol' at line: 29179
[2026-07-14 22:31:04,365][WARN]:  KiCad Schematic Reader: Unsupported keyword: 'in_pos_files' of parentNode 'symbol' at line: 29183
[2026-07-14 22:31:04,365][WARN]:  KiCad Schematic Reader: Unsupported keyword: 'body_style' of parentNode 'symbol' at line: 29265
[2026-07-14 22:31:04,365][WARN]:  KiCad Schematic Reader: Unsupported keyword: 'in_pos_files' of parentNode 'symbol' at line: 29269
[2026-07-14 22:31:04,365][WARN]:  KiCad Schematic Reader: Unsupported keyword: 'body_style' of parentNode 'symbol' at line: 29347
[2026-07-14 22:31:04,365][WARN]:  KiCad Schematic Reader: Unsupported keyword: 'in_pos_files' of parentNode 'symbol' at line: 29351
[2026-07-14 22:31:04,365][WARN]:  KiCad Schematic Reader: Unsupported keyword: 'body_style' of parentNode 'symbol' at line: 29425
[2026-07-14 22:31:04,365][WARN]:  KiCad Schematic Reader: Unsupported keyword: 'in_pos_files' of parentNode 'symbol' at line: 29429
[2026-07-14 22:31:04,365][WARN]:  KiCad Schematic Reader: Unsupported keyword: 'body_style' of parentNode 'symbol' at line: 29536
[2026-07-14 22:31:04,365][WARN]:  KiCad Schematic Reader: Unsupported keyword: 'in_pos_files' of parentNode 'symbol' at line: 29540
[2026-07-14 22:31:04,365][WARN]:  KiCad Schematic Reader: Unsupported keyword: 'body_style' of parentNode 'symbol' at line: 29613
[2026-07-14 22:31:04,365][WARN]:  KiCad Schematic Reader: Unsupported keyword: 'in_pos_files' of parentNode 'symbol' at line: 29617
[2026-07-14 22:31:04,365][WARN]:  KiCad Schematic Reader: Unsupported keyword: 'body_style' of parentNode 'symbol' at line: 29691
[2026-07-14 22:31:04,365][WARN]:  KiCad Schematic Reader: Unsupported keyword: 'in_pos_files' of parentNode 'symbol' at line: 29695
[2026-07-14 22:31:04,365][WARN]:  KiCad Schematic Reader: Unsupported keyword: 'body_style' of parentNode 'symbol' at line: 29768
[2026-07-14 22:31:04,365][WARN]:  KiCad Schematic Reader: Unsupported keyword: 'in_pos_files' of parentNode 'symbol' at line: 29772
[2026-07-14 22:31:04,365][WARN]:  KiCad Schematic Reader: Unsupported keyword: 'body_style' of parentNode 'symbol' at line: 29846
[2026-07-14 22:31:04,365][WARN]:  KiCad Schematic Reader: Unsupported keyword: 'in_pos_files' of parentNode 'symbol' at line: 29850
[2026-07-14 22:31:04,365][WARN]:  KiCad Schematic Reader: Unsupported keyword: 'body_style' of parentNode 'symbol' at line: 29929
[2026-07-14 22:31:04,365][WARN]:  KiCad Schematic Reader: Unsupported keyword: 'in_pos_files' of parentNode 'symbol' at line: 29933
[2026-07-14 22:31:04,365][WARN]:  KiCad Schematic Reader: Unsupported keyword: 'body_style' of parentNode 'symbol' at line: 30006
[2026-07-14 22:31:04,365][WARN]:  KiCad Schematic Reader: Unsupported keyword: 'in_pos_files' of parentNode 'symbol' at line: 30010
[2026-07-14 22:31:04,365][WARN]:  KiCad Schematic Reader: Unsupported keyword: 'body_style' of parentNode 'symbol' at line: 30110
[2026-07-14 22:31:04,365][WARN]:  KiCad Schematic Reader: Unsupported keyword: 'in_pos_files' of parentNode 'symbol' at line: 30114
[2026-07-14 22:31:04,365][WARN]:  KiCad Schematic Reader: Unsupported keyword: 'body_style' of parentNode 'symbol' at line: 30214
[2026-07-14 22:31:04,365][WARN]:  KiCad Schematic Reader: Unsupported keyword: 'in_pos_files' of parentNode 'symbol' at line: 30218
[2026-07-14 22:31:04,365][WARN]:  KiCad Schematic Reader: Unsupported keyword: 'body_style' of parentNode 'symbol' at line: 30290
[2026-07-14 22:31:04,365][WARN]:  KiCad Schematic Reader: Unsupported keyword: 'in_pos_files' of parentNode 'symbol' at line: 30294
[2026-07-14 22:31:04,365][WARN]:  KiCad Schematic Reader: Unsupported keyword: 'body_style' of parentNode 'symbol' at line: 30394
[2026-07-14 22:31:04,365][WARN]:  KiCad Schematic Reader: Unsupported keyword: 'in_pos_files' of parentNode 'symbol' at line: 30398
[2026-07-14 22:31:04,365][WARN]:  KiCad Schematic Reader: Unsupported keyword: 'body_style' of parentNode 'symbol' at line: 30472
[2026-07-14 22:31:04,365][WARN]:  KiCad Schematic Reader: Unsupported keyword: 'in_pos_files' of parentNode 'symbol' at line: 30476
[2026-07-14 22:31:04,365][WARN]:  KiCad Schematic Reader: Unsupported keyword: 'body_style' of parentNode 'symbol' at line: 30576
[2026-07-14 22:31:04,365][WARN]:  KiCad Schematic Reader: Unsupported keyword: 'in_pos_files' of parentNode 'symbol' at line: 30580
[2026-07-14 22:31:04,365][WARN]:  KiCad Schematic Reader: Unsupported keyword: 'body_style' of parentNode 'symbol' at line: 30651
[2026-07-14 22:31:04,365][WARN]:  KiCad Schematic Reader: Unsupported keyword: 'in_pos_files' of parentNode 'symbol' at line: 30655
[2026-07-14 22:31:04,365][WARN]:  KiCad Schematic Reader: Unsupported keyword: 'body_style' of parentNode 'symbol' at line: 30728
[2026-07-14 22:31:04,365][WARN]:  KiCad Schematic Reader: Unsupported keyword: 'in_pos_files' of parentNode 'symbol' at line: 30732
[2026-07-14 22:31:04,365][WARN]:  KiCad Schematic Reader: Unsupported keyword: 'body_style' of parentNode 'symbol' at line: 30830
[2026-07-14 22:31:04,365][WARN]:  KiCad Schematic Reader: Unsupported keyword: 'in_pos_files' of parentNode 'symbol' at line: 30834
[2026-07-14 22:31:04,365][WARN]:  KiCad Schematic Reader: Unsupported keyword: 'body_style' of parentNode 'symbol' at line: 30908
[2026-07-14 22:31:04,365][WARN]:  KiCad Schematic Reader: Unsupported keyword: 'in_pos_files' of parentNode 'symbol' at line: 30912
[2026-07-14 22:31:04,365][WARN]:  KiCad Schematic Reader: Unsupported keyword: 'body_style' of parentNode 'symbol' at line: 31012
[2026-07-14 22:31:04,365][WARN]:  KiCad Schematic Reader: Unsupported keyword: 'in_pos_files' of parentNode 'symbol' at line: 31016
[2026-07-14 22:31:04,365][WARN]:  KiCad Schematic Reader: Unsupported keyword: 'body_style' of parentNode 'symbol' at line: 31089
[2026-07-14 22:31:04,365][WARN]:  KiCad Schematic Reader: Unsupported keyword: 'in_pos_files' of parentNode 'symbol' at line: 31093
[2026-07-14 22:31:04,366][WARN]:  KiCad Schematic Reader: Unsupported keyword: 'body_style' of parentNode 'symbol' at line: 31166
[2026-07-14 22:31:04,366][WARN]:  KiCad Schematic Reader: Unsupported keyword: 'in_pos_files' of parentNode 'symbol' at line: 31170
[2026-07-14 22:31:04,366][WARN]:  KiCad Schematic Reader: Unsupported keyword: 'body_style' of parentNode 'symbol' at line: 31244
[2026-07-14 22:31:04,366][WARN]:  KiCad Schematic Reader: Unsupported keyword: 'in_pos_files' of parentNode 'symbol' at line: 31248
[2026-07-14 22:31:04,366][WARN]:  KiCad Schematic Reader: Unsupported keyword: 'body_style' of parentNode 'symbol' at line: 31322
[2026-07-14 22:31:04,366][WARN]:  KiCad Schematic Reader: Unsupported keyword: 'in_pos_files' of parentNode 'symbol' at line: 31326
[2026-07-14 22:31:04,366][WARN]:  KiCad Schematic Reader: Unsupported keyword: 'body_style' of parentNode 'symbol' at line: 31426
[2026-07-14 22:31:04,366][WARN]:  KiCad Schematic Reader: Unsupported keyword: 'in_pos_files' of parentNode 'symbol' at line: 31430
[2026-07-14 22:31:04,366][WARN]:  KiCad Schematic Reader: Unsupported keyword: 'body_style' of parentNode 'symbol' at line: 31512
[2026-07-14 22:31:04,366][WARN]:  KiCad Schematic Reader: Unsupported keyword: 'in_pos_files' of parentNode 'symbol' at line: 31516
[2026-07-14 22:31:04,366][WARN]:  KiCad Schematic Reader: Unsupported keyword: 'body_style' of parentNode 'symbol' at line: 31593
[2026-07-14 22:31:04,366][WARN]:  KiCad Schematic Reader: Unsupported keyword: 'in_pos_files' of parentNode 'symbol' at line: 31597
[2026-07-14 22:31:04,366][WARN]:  KiCad Schematic Reader: Unsupported keyword: 'body_style' of parentNode 'symbol' at line: 31671
[2026-07-14 22:31:04,366][WARN]:  KiCad Schematic Reader: Unsupported keyword: 'in_pos_files' of parentNode 'symbol' at line: 31675
[2026-07-14 22:31:04,366][WARN]:  KiCad Schematic Reader: Unsupported keyword: 'body_style' of parentNode 'symbol' at line: 31757
[2026-07-14 22:31:04,366][WARN]:  KiCad Schematic Reader: Unsupported keyword: 'in_pos_files' of parentNode 'symbol' at line: 31761
[2026-07-14 22:31:04,366][WARN]:  KiCad Schematic Reader: Unsupported keyword: 'body_style' of parentNode 'symbol' at line: 31859
[2026-07-14 22:31:04,366][WARN]:  KiCad Schematic Reader: Unsupported keyword: 'in_pos_files' of parentNode 'symbol' at line: 31863
[2026-07-14 22:31:04,366][WARN]:  KiCad Schematic Reader: Unsupported keyword: 'body_style' of parentNode 'symbol' at line: 31967
[2026-07-14 22:31:04,366][WARN]:  KiCad Schematic Reader: Unsupported keyword: 'in_pos_files' of parentNode 'symbol' at line: 31971
[2026-07-14 22:31:04,366][WARN]:  KiCad Schematic Reader: Unsupported keyword: 'body_style' of parentNode 'symbol' at line: 32071
[2026-07-14 22:31:04,366][WARN]:  KiCad Schematic Reader: Unsupported keyword: 'in_pos_files' of parentNode 'symbol' at line: 32075
[2026-07-14 22:31:04,366][WARN]:  KiCad Schematic Reader: Unsupported keyword: 'body_style' of parentNode 'symbol' at line: 32148
[2026-07-14 22:31:04,366][WARN]:  KiCad Schematic Reader: Unsupported keyword: 'in_pos_files' of parentNode 'symbol' at line: 32152
[2026-07-14 22:31:04,366][WARN]:  KiCad Schematic Reader: Unsupported keyword: 'body_style' of parentNode 'symbol' at line: 32234
[2026-07-14 22:31:04,366][WARN]:  KiCad Schematic Reader: Unsupported keyword: 'in_pos_files' of parentNode 'symbol' at line: 32238
[2026-07-14 22:31:04,366][WARN]:  KiCad Schematic Reader: Unsupported keyword: 'body_style' of parentNode 'symbol' at line: 32311
[2026-07-14 22:31:04,366][WARN]:  KiCad Schematic Reader: Unsupported keyword: 'in_pos_files' of parentNode 'symbol' at line: 32315
[2026-07-14 22:31:04,366][WARN]:  KiCad Schematic Reader: Unsupported keyword: 'body_style' of parentNode 'symbol' at line: 32389
[2026-07-14 22:31:04,366][WARN]:  KiCad Schematic Reader: Unsupported keyword: 'in_pos_files' of parentNode 'symbol' at line: 32393
[2026-07-14 22:31:04,366][WARN]:  KiCad Schematic Reader: Unsupported keyword: 'body_style' of parentNode 'symbol' at line: 32471
[2026-07-14 22:31:04,366][WARN]:  KiCad Schematic Reader: Unsupported keyword: 'in_pos_files' of parentNode 'symbol' at line: 32475
[2026-07-14 22:31:04,366][WARN]:  KiCad Schematic Reader: Unsupported keyword: 'body_style' of parentNode 'symbol' at line: 32548
[2026-07-14 22:31:04,366][WARN]:  KiCad Schematic Reader: Unsupported keyword: 'in_pos_files' of parentNode 'symbol' at line: 32552
[2026-07-14 22:31:04,366][WARN]:  KiCad Schematic Reader: Unsupported keyword: 'body_style' of parentNode 'symbol' at line: 32625
[2026-07-14 22:31:04,366][WARN]:  KiCad Schematic Reader: Unsupported keyword: 'in_pos_files' of parentNode 'symbol' at line: 32629
[2026-07-14 22:31:04,366][WARN]:  KiCad Schematic Reader: Unsupported keyword: 'body_style' of parentNode 'symbol' at line: 32703
[2026-07-14 22:31:04,366][WARN]:  KiCad Schematic Reader: Unsupported keyword: 'in_pos_files' of parentNode 'symbol' at line: 32707
[2026-07-14 22:31:04,366][WARN]:  KiCad Schematic Reader: Unsupported keyword: 'body_style' of parentNode 'symbol' at line: 32781
[2026-07-14 22:31:04,366][WARN]:  KiCad Schematic Reader: Unsupported keyword: 'in_pos_files' of parentNode 'symbol' at line: 32785
[2026-07-14 22:31:04,366][WARN]:  KiCad Schematic Reader: Unsupported keyword: 'body_style' of parentNode 'symbol' at line: 32885
[2026-07-14 22:31:04,366][WARN]:  KiCad Schematic Reader: Unsupported keyword: 'in_pos_files' of parentNode 'symbol' at line: 32889
[2026-07-14 22:31:04,366][WARN]:  KiCad Schematic Reader: Unsupported keyword: 'body_style' of parentNode 'symbol' at line: 32964
[2026-07-14 22:31:04,366][WARN]:  KiCad Schematic Reader: Unsupported keyword: 'in_pos_files' of parentNode 'symbol' at line: 32968
[2026-07-14 22:31:04,366][WARN]:  KiCad Schematic Reader: Unsupported keyword: 'body_style' of parentNode 'symbol' at line: 33044
[2026-07-14 22:31:04,366][WARN]:  KiCad Schematic Reader: Unsupported keyword: 'in_pos_files' of parentNode 'symbol' at line: 33048
[2026-07-14 22:31:04,366][WARN]:  KiCad Schematic Reader: Unsupported keyword: 'body_style' of parentNode 'symbol' at line: 33148
[2026-07-14 22:31:04,366][WARN]:  KiCad Schematic Reader: Unsupported keyword: 'in_pos_files' of parentNode 'symbol' at line: 33152
[2026-07-14 22:31:04,366][WARN]:  KiCad Schematic Reader: Unsupported keyword: 'body_style' of parentNode 'symbol' at line: 33255
[2026-07-14 22:31:04,366][WARN]:  KiCad Schematic Reader: Unsupported keyword: 'in_pos_files' of parentNode 'symbol' at line: 33259
[2026-07-14 22:31:04,366][WARN]:  KiCad Schematic Reader: Unsupported keyword: 'body_style' of parentNode 'symbol' at line: 33362
[2026-07-14 22:31:04,366][WARN]:  KiCad Schematic Reader: Unsupported keyword: 'in_pos_files' of parentNode 'symbol' at line: 33366
[2026-07-14 22:31:04,366][WARN]:  KiCad Schematic Reader: Unsupported keyword: 'body_style' of parentNode 'symbol' at line: 33444
[2026-07-14 22:31:04,366][WARN]:  KiCad Schematic Reader: Unsupported keyword: 'in_pos_files' of parentNode 'symbol' at line: 33448
[2026-07-14 22:31:04,366][WARN]:  KiCad Schematic Reader: Unsupported keyword: 'body_style' of parentNode 'symbol' at line: 33521
[2026-07-14 22:31:04,366][WARN]:  KiCad Schematic Reader: Unsupported keyword: 'in_pos_files' of parentNode 'symbol' at line: 33525
[2026-07-14 22:31:04,366][WARN]:  KiCad Schematic Reader: Unsupported keyword: 'body_style' of parentNode 'symbol' at line: 33607
[2026-07-14 22:31:04,366][WARN]:  KiCad Schematic Reader: Unsupported keyword: 'in_pos_files' of parentNode 'symbol' at line: 33611
[2026-07-14 22:31:04,366][WARN]:  KiCad Schematic Reader: Unsupported keyword: 'body_style' of parentNode 'symbol' at line: 33685
[2026-07-14 22:31:04,366][WARN]:  KiCad Schematic Reader: Unsupported keyword: 'in_pos_files' of parentNode 'symbol' at line: 33689
[2026-07-14 22:31:04,366][WARN]:  KiCad Schematic Reader: Unsupported keyword: 'body_style' of parentNode 'symbol' at line: 33760
[2026-07-14 22:31:04,366][WARN]:  KiCad Schematic Reader: Unsupported keyword: 'in_pos_files' of parentNode 'symbol' at line: 33764
[2026-07-14 22:31:04,366][WARN]:  KiCad Schematic Reader: Unsupported keyword: 'body_style' of parentNode 'symbol' at line: 33864
[2026-07-14 22:31:04,366][WARN]:  KiCad Schematic Reader: Unsupported keyword: 'in_pos_files' of parentNode 'symbol' at line: 33868
[2026-07-14 22:31:04,366][WARN]:  KiCad Schematic Reader: Unsupported keyword: 'body_style' of parentNode 'symbol' at line: 33941
[2026-07-14 22:31:04,366][WARN]:  KiCad Schematic Reader: Unsupported keyword: 'in_pos_files' of parentNode 'symbol' at line: 33945
[2026-07-14 22:31:04,366][WARN]:  KiCad Schematic Reader: Unsupported keyword: 'body_style' of parentNode 'symbol' at line: 34045
[2026-07-14 22:31:04,366][WARN]:  KiCad Schematic Reader: Unsupported keyword: 'in_pos_files' of parentNode 'symbol' at line: 34049
[2026-07-14 22:31:04,366][WARN]:  KiCad Schematic Reader: Unsupported keyword: 'body_style' of parentNode 'symbol' at line: 34122
[2026-07-14 22:31:04,366][WARN]:  KiCad Schematic Reader: Unsupported keyword: 'in_pos_files' of parentNode 'symbol' at line: 34126
[2026-07-14 22:31:04,366][WARN]:  KiCad Schematic Reader: Unsupported keyword: 'body_style' of parentNode 'symbol' at line: 34199
[2026-07-14 22:31:04,366][WARN]:  KiCad Schematic Reader: Unsupported keyword: 'in_pos_files' of parentNode 'symbol' at line: 34203
[2026-07-14 22:31:04,366][WARN]:  KiCad Schematic Reader: Unsupported keyword: 'body_style' of parentNode 'symbol' at line: 34277
[2026-07-14 22:31:04,366][WARN]:  KiCad Schematic Reader: Unsupported keyword: 'in_pos_files' of parentNode 'symbol' at line: 34281
[2026-07-14 22:31:04,366][WARN]:  KiCad Schematic Reader: Unsupported keyword: 'body_style' of parentNode 'symbol' at line: 34363
[2026-07-14 22:31:04,367][WARN]:  KiCad Schematic Reader: Unsupported keyword: 'in_pos_files' of parentNode 'symbol' at line: 34367
[2026-07-14 22:31:04,367][WARN]:  KiCad Schematic Reader: Unsupported keyword: 'body_style' of parentNode 'symbol' at line: 34467
[2026-07-14 22:31:04,367][WARN]:  KiCad Schematic Reader: Unsupported keyword: 'in_pos_files' of parentNode 'symbol' at line: 34471
[2026-07-14 22:31:04,367][WARN]:  KiCad Schematic Reader: Unsupported keyword: 'body_style' of parentNode 'symbol' at line: 34544
[2026-07-14 22:31:04,367][WARN]:  KiCad Schematic Reader: Unsupported keyword: 'in_pos_files' of parentNode 'symbol' at line: 34548
[2026-07-14 22:31:04,367][WARN]:  KiCad Schematic Reader: Unsupported keyword: 'body_style' of parentNode 'symbol' at line: 34623
[2026-07-14 22:31:04,367][WARN]:  KiCad Schematic Reader: Unsupported keyword: 'in_pos_files' of parentNode 'symbol' at line: 34627
[2026-07-14 22:31:04,367][WARN]:  KiCad Schematic Reader: Unsupported keyword: 'body_style' of parentNode 'symbol' at line: 34702
[2026-07-14 22:31:04,367][WARN]:  KiCad Schematic Reader: Unsupported keyword: 'in_pos_files' of parentNode 'symbol' at line: 34706
[2026-07-14 22:31:04,367][WARN]:  KiCad Schematic Reader: Unsupported keyword: 'body_style' of parentNode 'symbol' at line: 34780
[2026-07-14 22:31:04,367][WARN]:  KiCad Schematic Reader: Unsupported keyword: 'in_pos_files' of parentNode 'symbol' at line: 34784
[2026-07-14 22:31:04,367][WARN]:  KiCad Schematic Reader: Unsupported keyword: 'body_style' of parentNode 'symbol' at line: 34863
[2026-07-14 22:31:04,367][WARN]:  KiCad Schematic Reader: Unsupported keyword: 'in_pos_files' of parentNode 'symbol' at line: 34867
[2026-07-14 22:31:04,367][WARN]:  KiCad Schematic Reader: Unsupported keyword: 'body_style' of parentNode 'symbol' at line: 34949
[2026-07-14 22:31:04,367][WARN]:  KiCad Schematic Reader: Unsupported keyword: 'in_pos_files' of parentNode 'symbol' at line: 34953
[2026-07-14 22:31:04,367][WARN]:  KiCad Schematic Reader: Unsupported keyword: 'body_style' of parentNode 'symbol' at line: 35026
[2026-07-14 22:31:04,367][WARN]:  KiCad Schematic Reader: Unsupported keyword: 'in_pos_files' of parentNode 'symbol' at line: 35030
[2026-07-14 22:31:04,367][WARN]:  KiCad Schematic Reader: Unsupported keyword: 'body_style' of parentNode 'symbol' at line: 35128
[2026-07-14 22:31:04,367][WARN]:  KiCad Schematic Reader: Unsupported keyword: 'in_pos_files' of parentNode 'symbol' at line: 35132
[2026-07-14 22:31:04,367][WARN]:  KiCad Schematic Reader: Unsupported keyword: 'body_style' of parentNode 'symbol' at line: 35231
[2026-07-14 22:31:04,367][WARN]:  KiCad Schematic Reader: Unsupported keyword: 'in_pos_files' of parentNode 'symbol' at line: 35235
[2026-07-14 22:31:04,367][WARN]:  KiCad Schematic Reader: Unsupported keyword: 'body_style' of parentNode 'symbol' at line: 35335
[2026-07-14 22:31:04,367][WARN]:  KiCad Schematic Reader: Unsupported keyword: 'in_pos_files' of parentNode 'symbol' at line: 35339
[2026-07-14 22:31:04,367][WARN]:  KiCad Schematic Reader: Unsupported keyword: 'body_style' of parentNode 'symbol' at line: 35412
[2026-07-14 22:31:04,367][WARN]:  KiCad Schematic Reader: Unsupported keyword: 'in_pos_files' of parentNode 'symbol' at line: 35416
[2026-07-14 22:31:04,367][WARN]:  KiCad Schematic Reader: Unsupported keyword: 'body_style' of parentNode 'symbol' at line: 35489
[2026-07-14 22:31:04,367][WARN]:  KiCad Schematic Reader: Unsupported keyword: 'in_pos_files' of parentNode 'symbol' at line: 35493
[2026-07-14 22:31:04,367][WARN]:  KiCad Schematic Reader: Unsupported keyword: 'body_style' of parentNode 'symbol' at line: 35566
[2026-07-14 22:31:04,367][WARN]:  KiCad Schematic Reader: Unsupported keyword: 'in_pos_files' of parentNode 'symbol' at line: 35570
[2026-07-14 22:31:04,367][WARN]:  KiCad Schematic Reader: Unsupported keyword: 'body_style' of parentNode 'symbol' at line: 35679
[2026-07-14 22:31:04,367][WARN]:  KiCad Schematic Reader: Unsupported keyword: 'in_pos_files' of parentNode 'symbol' at line: 35683
[2026-07-14 22:31:04,367][WARN]:  KiCad Schematic Reader: Unsupported keyword: 'body_style' of parentNode 'symbol' at line: 35780
[2026-07-14 22:31:04,367][WARN]:  KiCad Schematic Reader: Unsupported keyword: 'in_pos_files' of parentNode 'symbol' at line: 35784
[2026-07-14 22:31:04,367][WARN]:  KiCad Schematic Reader: Unsupported keyword: 'body_style' of parentNode 'symbol' at line: 35857
[2026-07-14 22:31:04,367][WARN]:  KiCad Schematic Reader: Unsupported keyword: 'in_pos_files' of parentNode 'symbol' at line: 35861
[2026-07-14 22:31:04,367][WARN]:  KiCad Schematic Reader: Unsupported keyword: 'body_style' of parentNode 'symbol' at line: 35935
[2026-07-14 22:31:04,367][WARN]:  KiCad Schematic Reader: Unsupported keyword: 'in_pos_files' of parentNode 'symbol' at line: 35939
[2026-07-14 22:31:04,367][WARN]:  KiCad Schematic Reader: Unsupported keyword: 'body_style' of parentNode 'symbol' at line: 36021
[2026-07-14 22:31:04,367][WARN]:  KiCad Schematic Reader: Unsupported keyword: 'in_pos_files' of parentNode 'symbol' at line: 36025
[2026-07-14 22:31:04,367][WARN]:  KiCad Schematic Reader: Unsupported keyword: 'body_style' of parentNode 'symbol' at line: 36098
[2026-07-14 22:31:04,367][WARN]:  KiCad Schematic Reader: Unsupported keyword: 'in_pos_files' of parentNode 'symbol' at line: 36102
[2026-07-14 22:31:04,367][WARN]:  KiCad Schematic Reader: Unsupported keyword: 'body_style' of parentNode 'symbol' at line: 36175
[2026-07-14 22:31:04,367][WARN]:  KiCad Schematic Reader: Unsupported keyword: 'in_pos_files' of parentNode 'symbol' at line: 36179
[2026-07-14 22:31:04,367][WARN]:  KiCad Schematic Reader: Unsupported keyword: 'body_style' of parentNode 'symbol' at line: 36257
[2026-07-14 22:31:04,367][WARN]:  KiCad Schematic Reader: Unsupported keyword: 'in_pos_files' of parentNode 'symbol' at line: 36261
[2026-07-14 22:31:04,367][WARN]:  KiCad Schematic Reader: Unsupported keyword: 'body_style' of parentNode 'symbol' at line: 36334
[2026-07-14 22:31:04,367][WARN]:  KiCad Schematic Reader: Unsupported keyword: 'in_pos_files' of parentNode 'symbol' at line: 36338
[2026-07-14 22:31:04,367][WARN]:  KiCad Schematic Reader: Unsupported keyword: 'body_style' of parentNode 'symbol' at line: 36411
[2026-07-14 22:31:04,367][WARN]:  KiCad Schematic Reader: Unsupported keyword: 'in_pos_files' of parentNode 'symbol' at line: 36415
[2026-07-14 22:31:04,367][WARN]:  KiCad Schematic Reader: Unsupported keyword: 'body_style' of parentNode 'symbol' at line: 36488
[2026-07-14 22:31:04,367][WARN]:  KiCad Schematic Reader: Unsupported keyword: 'in_pos_files' of parentNode 'symbol' at line: 36492
[2026-07-14 22:31:04,367][WARN]:  KiCad Schematic Reader: Unsupported keyword: 'body_style' of parentNode 'symbol' at line: 36595
[2026-07-14 22:31:04,367][WARN]:  KiCad Schematic Reader: Unsupported keyword: 'in_pos_files' of parentNode 'symbol' at line: 36599
[2026-07-14 22:31:04,367][WARN]:  KiCad Schematic Reader: Unsupported keyword: 'body_style' of parentNode 'symbol' at line: 36716
[2026-07-14 22:31:04,368][WARN]:  KiCad Schematic Reader: Unsupported keyword: 'in_pos_files' of parentNode 'symbol' at line: 36720
[2026-07-14 22:31:04,368][WARN]:  KiCad Schematic Reader: Unsupported keyword: 'body_style' of parentNode 'symbol' at line: 36819
[2026-07-14 22:31:04,368][WARN]:  KiCad Schematic Reader: Unsupported keyword: 'in_pos_files' of parentNode 'symbol' at line: 36823
[2026-07-14 22:31:04,368][WARN]:  KiCad Schematic Reader: Unsupported keyword: 'body_style' of parentNode 'symbol' at line: 36921
[2026-07-14 22:31:04,368][WARN]:  KiCad Schematic Reader: Unsupported keyword: 'in_pos_files' of parentNode 'symbol' at line: 36925
[2026-07-14 22:31:04,368][WARN]:  KiCad Schematic Reader: Unsupported keyword: 'body_style' of parentNode 'symbol' at line: 37028
[2026-07-14 22:31:04,368][WARN]:  KiCad Schematic Reader: Unsupported keyword: 'in_pos_files' of parentNode 'symbol' at line: 37032
[2026-07-14 22:31:04,368][WARN]:  KiCad Schematic Reader: Unsupported keyword: 'body_style' of parentNode 'symbol' at line: 37105
[2026-07-14 22:31:04,368][WARN]:  KiCad Schematic Reader: Unsupported keyword: 'in_pos_files' of parentNode 'symbol' at line: 37109
[2026-07-14 22:31:04,368][WARN]:  KiCad Schematic Reader: Unsupported keyword: 'body_style' of parentNode 'symbol' at line: 37212
[2026-07-14 22:31:04,368][WARN]:  KiCad Schematic Reader: Unsupported keyword: 'in_pos_files' of parentNode 'symbol' at line: 37216
[2026-07-14 22:31:04,368][WARN]:  KiCad Schematic Reader: Unsupported keyword: 'body_style' of parentNode 'symbol' at line: 37289
[2026-07-14 22:31:04,368][WARN]:  KiCad Schematic Reader: Unsupported keyword: 'in_pos_files' of parentNode 'symbol' at line: 37293
[2026-07-14 22:31:04,368][WARN]:  KiCad Schematic Reader: Unsupported keyword: 'body_style' of parentNode 'symbol' at line: 37396
[2026-07-14 22:31:04,368][WARN]:  KiCad Schematic Reader: Unsupported keyword: 'in_pos_files' of parentNode 'symbol' at line: 37400
[2026-07-14 22:31:04,368][WARN]:  KiCad Schematic Reader: Unsupported keyword: 'body_style' of parentNode 'symbol' at line: 37502
[2026-07-14 22:31:04,368][WARN]:  KiCad Schematic Reader: Unsupported keyword: 'in_pos_files' of parentNode 'symbol' at line: 37506
[2026-07-14 22:31:04,368][WARN]:  KiCad Schematic Reader: Unsupported keyword: 'body_style' of parentNode 'symbol' at line: 37581
[2026-07-14 22:31:04,368][WARN]:  KiCad Schematic Reader: Unsupported keyword: 'in_pos_files' of parentNode 'symbol' at line: 37585
[2026-07-14 22:31:04,368][WARN]:  KiCad Schematic Reader: Unsupported keyword: 'body_style' of parentNode 'symbol' at line: 37658
[2026-07-14 22:31:04,368][WARN]:  KiCad Schematic Reader: Unsupported keyword: 'in_pos_files' of parentNode 'symbol' at line: 37662
[2026-07-14 22:31:04,368][WARN]:  KiCad Schematic Reader: Unsupported keyword: 'body_style' of parentNode 'symbol' at line: 37735
[2026-07-14 22:31:04,368][WARN]:  KiCad Schematic Reader: Unsupported keyword: 'in_pos_files' of parentNode 'symbol' at line: 37739
[2026-07-14 22:31:04,368][WARN]:  KiCad Schematic Reader: Unsupported keyword: 'body_style' of parentNode 'symbol' at line: 37840
[2026-07-14 22:31:04,368][WARN]:  KiCad Schematic Reader: Unsupported keyword: 'in_pos_files' of parentNode 'symbol' at line: 37844
[2026-07-14 22:31:04,368][WARN]:  KiCad Schematic Reader: Unsupported keyword: 'body_style' of parentNode 'symbol' at line: 37945
[2026-07-14 22:31:04,368][WARN]:  KiCad Schematic Reader: Unsupported keyword: 'in_pos_files' of parentNode 'symbol' at line: 37949
[2026-07-14 22:31:04,368][WARN]:  KiCad Schematic Reader: Unsupported keyword: 'body_style' of parentNode 'symbol' at line: 38022
[2026-07-14 22:31:04,368][WARN]:  KiCad Schematic Reader: Unsupported keyword: 'in_pos_files' of parentNode 'symbol' at line: 38026
[2026-07-14 22:31:04,368][WARN]:  KiCad Schematic Reader: Unsupported keyword: 'body_style' of parentNode 'symbol' at line: 38099
[2026-07-14 22:31:04,368][WARN]:  KiCad Schematic Reader: Unsupported keyword: 'in_pos_files' of parentNode 'symbol' at line: 38103
[2026-07-14 22:31:04,368][WARN]:  KiCad Schematic Reader: Unsupported keyword: 'body_style' of parentNode 'symbol' at line: 38176
[2026-07-14 22:31:04,368][WARN]:  KiCad Schematic Reader: Unsupported keyword: 'in_pos_files' of parentNode 'symbol' at line: 38180
[2026-07-14 22:31:04,368][WARN]:  KiCad Schematic Reader: Unsupported keyword: 'body_style' of parentNode 'symbol' at line: 38253
[2026-07-14 22:31:04,368][WARN]:  KiCad Schematic Reader: Unsupported keyword: 'in_pos_files' of parentNode 'symbol' at line: 38257
[2026-07-14 22:31:04,368][WARN]:  KiCad Schematic Reader: Unsupported keyword: 'body_style' of parentNode 'symbol' at line: 38335
[2026-07-14 22:31:04,368][WARN]:  KiCad Schematic Reader: Unsupported keyword: 'in_pos_files' of parentNode 'symbol' at line: 38339
[2026-07-14 22:31:04,368][WARN]:  KiCad Schematic Reader: Unsupported keyword: 'body_style' of parentNode 'symbol' at line: 38413
[2026-07-14 22:31:04,368][WARN]:  KiCad Schematic Reader: Unsupported keyword: 'in_pos_files' of parentNode 'symbol' at line: 38417
[2026-07-14 22:31:04,368][WARN]:  KiCad Schematic Reader: Unsupported keyword: 'body_style' of parentNode 'symbol' at line: 38495
[2026-07-14 22:31:04,368][WARN]:  KiCad Schematic Reader: Unsupported keyword: 'in_pos_files' of parentNode 'symbol' at line: 38499
[2026-07-14 22:31:04,368][WARN]:  KiCad Schematic Reader: Unsupported keyword: 'body_style' of parentNode 'symbol' at line: 38572
[2026-07-14 22:31:04,368][WARN]:  KiCad Schematic Reader: Unsupported keyword: 'in_pos_files' of parentNode 'symbol' at line: 38576
[2026-07-14 22:31:04,368][WARN]:  KiCad Schematic Reader: Unsupported keyword: 'body_style' of parentNode 'symbol' at line: 38649
[2026-07-14 22:31:04,368][WARN]:  KiCad Schematic Reader: Unsupported keyword: 'in_pos_files' of parentNode 'symbol' at line: 38653
[2026-07-14 22:31:04,368][WARN]:  KiCad Schematic Reader: Unsupported keyword: 'body_style' of parentNode 'symbol' at line: 38729
[2026-07-14 22:31:04,368][WARN]:  KiCad Schematic Reader: Unsupported keyword: 'in_pos_files' of parentNode 'symbol' at line: 38733
[2026-07-14 22:31:04,368][WARN]:  KiCad Schematic Reader: Unsupported keyword: 'body_style' of parentNode 'symbol' at line: 38834
[2026-07-14 22:31:04,369][WARN]:  KiCad Schematic Reader: Unsupported keyword: 'in_pos_files' of parentNode 'symbol' at line: 38838
[2026-07-14 22:31:04,369][WARN]:  KiCad Schematic Reader: Unsupported keyword: 'body_style' of parentNode 'symbol' at line: 38911
[2026-07-14 22:31:04,369][WARN]:  KiCad Schematic Reader: Unsupported keyword: 'in_pos_files' of parentNode 'symbol' at line: 38915
[2026-07-14 22:31:04,369][WARN]:  KiCad Schematic Reader: Unsupported keyword: 'body_style' of parentNode 'symbol' at line: 38988
[2026-07-14 22:31:04,369][WARN]:  KiCad Schematic Reader: Unsupported keyword: 'in_pos_files' of parentNode 'symbol' at line: 38992
[2026-07-14 22:31:04,369][WARN]:  KiCad Schematic Reader: Unsupported keyword: 'body_style' of parentNode 'symbol' at line: 39067
[2026-07-14 22:31:04,369][WARN]:  KiCad Schematic Reader: Unsupported keyword: 'in_pos_files' of parentNode 'symbol' at line: 39071
[2026-07-14 22:31:04,369][WARN]:  KiCad Schematic Reader: Unsupported keyword: 'body_style' of parentNode 'symbol' at line: 39144
[2026-07-14 22:31:04,369][WARN]:  KiCad Schematic Reader: Unsupported keyword: 'in_pos_files' of parentNode 'symbol' at line: 39148
[2026-07-14 22:31:04,369][WARN]:  KiCad Schematic Reader: Unsupported keyword: 'body_style' of parentNode 'symbol' at line: 39251
[2026-07-14 22:31:04,369][WARN]:  KiCad Schematic Reader: Unsupported keyword: 'in_pos_files' of parentNode 'symbol' at line: 39255
[2026-07-14 22:31:04,369][WARN]:  KiCad Schematic Reader: Unsupported keyword: 'body_style' of parentNode 'symbol' at line: 39329
[2026-07-14 22:31:04,369][WARN]:  KiCad Schematic Reader: Unsupported keyword: 'in_pos_files' of parentNode 'symbol' at line: 39333
[2026-07-14 22:31:04,369][WARN]:  KiCad Schematic Reader: Unsupported keyword: 'body_style' of parentNode 'symbol' at line: 39433
[2026-07-14 22:31:04,369][WARN]:  KiCad Schematic Reader: Unsupported keyword: 'in_pos_files' of parentNode 'symbol' at line: 39437
[2026-07-14 22:31:04,369][WARN]:  KiCad Schematic Reader: Unsupported keyword: 'body_style' of parentNode 'symbol' at line: 39537
[2026-07-14 22:31:04,369][WARN]:  KiCad Schematic Reader: Unsupported keyword: 'in_pos_files' of parentNode 'symbol' at line: 39541
[2026-07-14 22:31:04,369][WARN]:  KiCad Schematic Reader: Unsupported keyword: 'body_style' of parentNode 'symbol' at line: 39639
[2026-07-14 22:31:04,369][WARN]:  KiCad Schematic Reader: Unsupported keyword: 'in_pos_files' of parentNode 'symbol' at line: 39643
[2026-07-14 22:31:04,369][WARN]:  KiCad Schematic Reader: Unsupported keyword: 'body_style' of parentNode 'symbol' at line: 39742
[2026-07-14 22:31:04,369][WARN]:  KiCad Schematic Reader: Unsupported keyword: 'in_pos_files' of parentNode 'symbol' at line: 39746
[2026-07-14 22:31:04,369][WARN]:  KiCad Schematic Reader: Unsupported keyword: 'body_style' of parentNode 'symbol' at line: 39828
[2026-07-14 22:31:04,369][WARN]:  KiCad Schematic Reader: Unsupported keyword: 'in_pos_files' of parentNode 'symbol' at line: 39832
[2026-07-14 22:31:04,369][WARN]:  KiCad Schematic Reader: Unsupported keyword: 'body_style' of parentNode 'symbol' at line: 39914
[2026-07-14 22:31:04,369][WARN]:  KiCad Schematic Reader: Unsupported keyword: 'in_pos_files' of parentNode 'symbol' at line: 39918
[2026-07-14 22:31:04,369][WARN]:  KiCad Schematic Reader: Unsupported keyword: 'body_style' of parentNode 'symbol' at line: 39991
[2026-07-14 22:31:04,369][WARN]:  KiCad Schematic Reader: Unsupported keyword: 'in_pos_files' of parentNode 'symbol' at line: 39995
[2026-07-14 22:31:04,369][WARN]:  KiCad Schematic Reader: Unsupported keyword: 'body_style' of parentNode 'symbol' at line: 40074
[2026-07-14 22:31:04,369][WARN]:  KiCad Schematic Reader: Unsupported keyword: 'in_pos_files' of parentNode 'symbol' at line: 40078
[2026-07-14 22:31:04,369][WARN]:  KiCad Schematic Reader: Unsupported keyword: 'body_style' of parentNode 'symbol' at line: 40179
[2026-07-14 22:31:04,369][WARN]:  KiCad Schematic Reader: Unsupported keyword: 'in_pos_files' of parentNode 'symbol' at line: 40183
[2026-07-14 22:31:04,369][WARN]:  KiCad Schematic Reader: Unsupported keyword: 'body_style' of parentNode 'symbol' at line: 40257
[2026-07-14 22:31:04,369][WARN]:  KiCad Schematic Reader: Unsupported keyword: 'in_pos_files' of parentNode 'symbol' at line: 40261
[2026-07-14 22:31:04,369][WARN]:  KiCad Schematic Reader: Unsupported keyword: 'body_style' of parentNode 'symbol' at line: 40334
[2026-07-14 22:31:04,369][WARN]:  KiCad Schematic Reader: Unsupported keyword: 'in_pos_files' of parentNode 'symbol' at line: 40338
[2026-07-14 22:31:04,369][WARN]:  KiCad Schematic Reader: Unsupported keyword: 'body_style' of parentNode 'symbol' at line: 40411
[2026-07-14 22:31:04,369][WARN]:  KiCad Schematic Reader: Unsupported keyword: 'in_pos_files' of parentNode 'symbol' at line: 40415
[2026-07-14 22:31:04,369][WARN]:  KiCad Schematic Reader: Unsupported keyword: 'body_style' of parentNode 'symbol' at line: 40493
[2026-07-14 22:31:04,369][WARN]:  KiCad Schematic Reader: Unsupported keyword: 'in_pos_files' of parentNode 'symbol' at line: 40497
[2026-07-14 22:31:04,369][WARN]:  KiCad Schematic Reader: Unsupported keyword: 'body_style' of parentNode 'symbol' at line: 40570
[2026-07-14 22:31:04,369][WARN]:  KiCad Schematic Reader: Unsupported keyword: 'in_pos_files' of parentNode 'symbol' at line: 40574
[2026-07-14 22:31:04,369][WARN]:  KiCad Schematic Reader: Unsupported keyword: 'body_style' of parentNode 'symbol' at line: 40647
[2026-07-14 22:31:04,369][WARN]:  KiCad Schematic Reader: Unsupported keyword: 'in_pos_files' of parentNode 'symbol' at line: 40651
[2026-07-14 22:31:04,369][WARN]:  KiCad Schematic Reader: Unsupported keyword: 'body_style' of parentNode 'symbol' at line: 40724
[2026-07-14 22:31:04,369][WARN]:  KiCad Schematic Reader: Unsupported keyword: 'in_pos_files' of parentNode 'symbol' at line: 40728
[2026-07-14 22:31:04,369][WARN]:  KiCad Schematic Reader: Unsupported keyword: 'body_style' of parentNode 'symbol' at line: 40806
[2026-07-14 22:31:04,369][WARN]:  KiCad Schematic Reader: Unsupported keyword: 'in_pos_files' of parentNode 'symbol' at line: 40810
[2026-07-14 22:31:04,369][WARN]:  KiCad Schematic Reader: Unsupported keyword: 'body_style' of parentNode 'symbol' at line: 40910
[2026-07-14 22:31:04,369][WARN]:  KiCad Schematic Reader: Unsupported keyword: 'in_pos_files' of parentNode 'symbol' at line: 40914
[2026-07-14 22:31:04,369][WARN]:  KiCad Schematic Reader: Unsupported keyword: 'body_style' of parentNode 'symbol' at line: 41014
[2026-07-14 22:31:04,369][WARN]:  KiCad Schematic Reader: Unsupported keyword: 'in_pos_files' of parentNode 'symbol' at line: 41018
[2026-07-14 22:31:04,369][WARN]:  KiCad Schematic Reader: Unsupported keyword: 'body_style' of parentNode 'symbol' at line: 41116
[2026-07-14 22:31:04,369][WARN]:  KiCad Schematic Reader: Unsupported keyword: 'in_pos_files' of parentNode 'symbol' at line: 41120
[2026-07-14 22:31:04,369][WARN]:  KiCad Schematic Reader: Unsupported keyword: 'body_style' of parentNode 'symbol' at line: 41203
[2026-07-14 22:31:04,369][WARN]:  KiCad Schematic Reader: Unsupported keyword: 'in_pos_files' of parentNode 'symbol' at line: 41207
[2026-07-14 22:31:04,369][WARN]:  KiCad Schematic Reader: Unsupported keyword: 'body_style' of parentNode 'symbol' at line: 41307
[2026-07-14 22:31:04,370][WARN]:  KiCad Schematic Reader: Unsupported keyword: 'in_pos_files' of parentNode 'symbol' at line: 41311
[2026-07-14 22:31:04,370][WARN]:  KiCad Schematic Reader: Unsupported keyword: 'body_style' of parentNode 'symbol' at line: 41393
[2026-07-14 22:31:04,370][WARN]:  KiCad Schematic Reader: Unsupported keyword: 'in_pos_files' of parentNode 'symbol' at line: 41397
[2026-07-14 22:31:04,370][WARN]:  KiCad Schematic Reader: Unsupported keyword: 'body_style' of parentNode 'symbol' at line: 41471
[2026-07-14 22:31:04,370][WARN]:  KiCad Schematic Reader: Unsupported keyword: 'in_pos_files' of parentNode 'symbol' at line: 41475
[2026-07-14 22:31:04,370][WARN]:  KiCad Schematic Reader: Unsupported keyword: 'body_style' of parentNode 'symbol' at line: 41573
[2026-07-14 22:31:04,370][WARN]:  KiCad Schematic Reader: Unsupported keyword: 'in_pos_files' of parentNode 'symbol' at line: 41577
[2026-07-14 22:31:04,370][WARN]:  KiCad Schematic Reader: Unsupported keyword: 'body_style' of parentNode 'symbol' at line: 41680
[2026-07-14 22:31:04,370][WARN]:  KiCad Schematic Reader: Unsupported keyword: 'in_pos_files' of parentNode 'symbol' at line: 41684
[2026-07-14 22:31:04,370][WARN]:  KiCad Schematic Reader: Unsupported keyword: 'body_style' of parentNode 'symbol' at line: 41757
[2026-07-14 22:31:04,370][WARN]:  KiCad Schematic Reader: Unsupported keyword: 'in_pos_files' of parentNode 'symbol' at line: 41761
[2026-07-14 22:31:04,370][WARN]:  KiCad Schematic Reader: Unsupported keyword: 'body_style' of parentNode 'symbol' at line: 41859
[2026-07-14 22:31:04,370][WARN]:  KiCad Schematic Reader: Unsupported keyword: 'in_pos_files' of parentNode 'symbol' at line: 41863
[2026-07-14 22:31:04,370][WARN]:  KiCad Schematic Reader: Unsupported keyword: 'body_style' of parentNode 'symbol' at line: 41961
[2026-07-14 22:31:04,370][WARN]:  KiCad Schematic Reader: Unsupported keyword: 'in_pos_files' of parentNode 'symbol' at line: 41965
[2026-07-14 22:31:04,370][WARN]:  KiCad Schematic Reader: Unsupported keyword: 'body_style' of parentNode 'symbol' at line: 42038
[2026-07-14 22:31:04,370][WARN]:  KiCad Schematic Reader: Unsupported keyword: 'in_pos_files' of parentNode 'symbol' at line: 42042
[2026-07-14 22:31:04,370][WARN]:  KiCad Schematic Reader: Unsupported keyword: 'body_style' of parentNode 'symbol' at line: 42115
[2026-07-14 22:31:04,370][WARN]:  KiCad Schematic Reader: Unsupported keyword: 'in_pos_files' of parentNode 'symbol' at line: 42119
[2026-07-14 22:31:04,370][WARN]:  KiCad Schematic Reader: Unsupported keyword: 'body_style' of parentNode 'symbol' at line: 42222
[2026-07-14 22:31:04,370][WARN]:  KiCad Schematic Reader: Unsupported keyword: 'in_pos_files' of parentNode 'symbol' at line: 42226
[2026-07-14 22:31:04,370][WARN]:  KiCad Schematic Reader: Unsupported keyword: 'body_style' of parentNode 'symbol' at line: 42299
[2026-07-14 22:31:04,370][WARN]:  KiCad Schematic Reader: Unsupported keyword: 'in_pos_files' of parentNode 'symbol' at line: 42303
[2026-07-14 22:31:04,370][WARN]:  KiCad Schematic Reader: Unsupported keyword: 'body_style' of parentNode 'symbol' at line: 42377
[2026-07-14 22:31:04,370][WARN]:  KiCad Schematic Reader: Unsupported keyword: 'in_pos_files' of parentNode 'symbol' at line: 42381
[2026-07-14 22:31:04,370][WARN]:  KiCad Schematic Reader: Unsupported keyword: 'body_style' of parentNode 'symbol' at line: 42454
[2026-07-14 22:31:04,370][WARN]:  KiCad Schematic Reader: Unsupported keyword: 'in_pos_files' of parentNode 'symbol' at line: 42458
[2026-07-14 22:31:04,370][WARN]:  KiCad Schematic Reader: Unsupported keyword: 'body_style' of parentNode 'symbol' at line: 42611
[2026-07-14 22:31:04,370][WARN]:  KiCad Schematic Reader: Unsupported keyword: 'in_pos_files' of parentNode 'symbol' at line: 42615
[2026-07-14 22:31:04,370][WARN]:  KiCad Schematic Reader: Unsupported keyword: 'body_style' of parentNode 'symbol' at line: 42688
[2026-07-14 22:31:04,370][WARN]:  KiCad Schematic Reader: Unsupported keyword: 'in_pos_files' of parentNode 'symbol' at line: 42692
[2026-07-14 22:31:04,370][WARN]:  KiCad Schematic Reader: Unsupported keyword: 'body_style' of parentNode 'symbol' at line: 42765
[2026-07-14 22:31:04,370][WARN]:  KiCad Schematic Reader: Unsupported keyword: 'in_pos_files' of parentNode 'symbol' at line: 42769
[2026-07-14 22:31:04,370][WARN]:  KiCad Schematic Reader: Unsupported keyword: 'body_style' of parentNode 'symbol' at line: 42842
[2026-07-14 22:31:04,370][WARN]:  KiCad Schematic Reader: Unsupported keyword: 'in_pos_files' of parentNode 'symbol' at line: 42846
[2026-07-14 22:31:04,370][WARN]:  KiCad Schematic Reader: Unsupported keyword: 'body_style' of parentNode 'symbol' at line: 42972
[2026-07-14 22:31:04,370][WARN]:  KiCad Schematic Reader: Unsupported keyword: 'in_pos_files' of parentNode 'symbol' at line: 42976
[2026-07-14 22:31:04,370][WARN]:  KiCad Schematic Reader: Unsupported keyword: 'body_style' of parentNode 'symbol' at line: 43074
[2026-07-14 22:31:04,370][WARN]:  KiCad Schematic Reader: Unsupported keyword: 'in_pos_files' of parentNode 'symbol' at line: 43078
[2026-07-14 22:31:04,370][WARN]:  KiCad Schematic Reader: Unsupported keyword: 'body_style' of parentNode 'symbol' at line: 43152
[2026-07-14 22:31:04,370][WARN]:  KiCad Schematic Reader: Unsupported keyword: 'in_pos_files' of parentNode 'symbol' at line: 43156
[2026-07-14 22:31:04,370][WARN]:  KiCad Schematic Reader: Unsupported keyword: 'body_style' of parentNode 'symbol' at line: 43238
[2026-07-14 22:31:04,370][WARN]:  KiCad Schematic Reader: Unsupported keyword: 'in_pos_files' of parentNode 'symbol' at line: 43242
[2026-07-14 22:31:04,370][WARN]:  KiCad Schematic Reader: Unsupported keyword: 'body_style' of parentNode 'symbol' at line: 43315
[2026-07-14 22:31:04,370][WARN]:  KiCad Schematic Reader: Unsupported keyword: 'in_pos_files' of parentNode 'symbol' at line: 43319
[2026-07-14 22:31:04,370][WARN]:  KiCad Schematic Reader: Unsupported keyword: 'body_style' of parentNode 'symbol' at line: 43393
[2026-07-14 22:31:04,370][WARN]:  KiCad Schematic Reader: Unsupported keyword: 'in_pos_files' of parentNode 'symbol' at line: 43397
[2026-07-14 22:31:04,370][WARN]:  KiCad Schematic Reader: Unsupported keyword: 'body_style' of parentNode 'symbol' at line: 43497
[2026-07-14 22:31:04,370][WARN]:  KiCad Schematic Reader: Unsupported keyword: 'in_pos_files' of parentNode 'symbol' at line: 43501
[2026-07-14 22:31:04,370][WARN]:  KiCad Schematic Reader: Unsupported keyword: 'body_style' of parentNode 'symbol' at line: 43575
[2026-07-14 22:31:04,370][WARN]:  KiCad Schematic Reader: Unsupported keyword: 'in_pos_files' of parentNode 'symbol' at line: 43579
[2026-07-14 22:31:04,371][WARN]:  KiCad Schematic Reader: Unsupported keyword: 'body_style' of parentNode 'symbol' at line: 43683
[2026-07-14 22:31:04,371][WARN]:  KiCad Schematic Reader: Unsupported keyword: 'in_pos_files' of parentNode 'symbol' at line: 43687
[2026-07-14 22:31:04,371][WARN]:  KiCad Schematic Reader: Unsupported keyword: 'body_style' of parentNode 'symbol' at line: 43788
[2026-07-14 22:31:04,371][WARN]:  KiCad Schematic Reader: Unsupported keyword: 'in_pos_files' of parentNode 'symbol' at line: 43792
[2026-07-14 22:31:04,371][WARN]:  KiCad Schematic Reader: Unsupported keyword: 'body_style' of parentNode 'symbol' at line: 43900
[2026-07-14 22:31:04,371][WARN]:  KiCad Schematic Reader: Unsupported keyword: 'in_pos_files' of parentNode 'symbol' at line: 43904
[2026-07-14 22:31:04,371][WARN]:  KiCad Schematic Reader: Unsupported keyword: 'body_style' of parentNode 'symbol' at line: 44033
[2026-07-14 22:31:04,371][WARN]:  KiCad Schematic Reader: Unsupported keyword: 'in_pos_files' of parentNode 'symbol' at line: 44037
[2026-07-14 22:31:04,371][WARN]:  KiCad Schematic Reader: Unsupported keyword: 'body_style' of parentNode 'symbol' at line: 44115
[2026-07-14 22:31:04,371][WARN]:  KiCad Schematic Reader: Unsupported keyword: 'in_pos_files' of parentNode 'symbol' at line: 44119
[2026-07-14 22:31:04,371][WARN]:  KiCad Schematic Reader: Unsupported keyword: 'body_style' of parentNode 'symbol' at line: 44201
[2026-07-14 22:31:04,371][WARN]:  KiCad Schematic Reader: Unsupported keyword: 'in_pos_files' of parentNode 'symbol' at line: 44205
[2026-07-14 22:31:04,371][WARN]:  KiCad Schematic Reader: Unsupported keyword: 'body_style' of parentNode 'symbol' at line: 44278
[2026-07-14 22:31:04,371][WARN]:  KiCad Schematic Reader: Unsupported keyword: 'in_pos_files' of parentNode 'symbol' at line: 44282
[2026-07-14 22:31:04,371][WARN]:  KiCad Schematic Reader: Unsupported keyword: 'body_style' of parentNode 'symbol' at line: 44355
[2026-07-14 22:31:04,371][WARN]:  KiCad Schematic Reader: Unsupported keyword: 'in_pos_files' of parentNode 'symbol' at line: 44359
[2026-07-14 22:31:04,371][WARN]:  KiCad Schematic Reader: Unsupported keyword: 'body_style' of parentNode 'symbol' at line: 44462
[2026-07-14 22:31:04,371][WARN]:  KiCad Schematic Reader: Unsupported keyword: 'in_pos_files' of parentNode 'symbol' at line: 44466
[2026-07-14 22:31:04,373][INFO]:  Converting document: 'C:/Repos/Macro-Pro/Macro-Pro - Hardware/hardware/Macro Pad Pro.kicad_sch'
[2026-07-14 22:31:04,375][INFO]:  KiCad Symbol Converter: Converting KiCad symbol: '01uF_0805_CL21B104KBCNNNC_1'
[2026-07-14 22:31:04,377][INFO]:  KiCad Symbol Converter: Generating DeviceSet: '01uF_0805_CL21B104KBCNNNC_1'
[2026-07-14 22:31:04,377][INFO]:  KiCad Symbol Converter: Symbol pin '' at line '123' was renamed to '@1' because of name duplication
[2026-07-14 22:31:04,377][INFO]:  KiCad Symbol Converter: Symbol pin '' at line '141' was renamed to '@2' because of name duplication
[2026-07-14 22:31:04,379][INFO]:  KiCad Symbol Converter: Generating DeviceSet: '01UF_0805_CL21B104KBCNNNC_1' finished successfully
[2026-07-14 22:31:04,379][INFO]:  KiCad Symbol Converter: Converting KiCad symbol: '01uF_0805_CL21B104KBCNNNC_1' finished successfully
[2026-07-14 22:31:04,379][INFO]:  KiCad Symbol Converter: Converting KiCad symbol: '01uF_0805_CL21B104KBCNNNC_10'
[2026-07-14 22:31:04,379][INFO]:  KiCad Symbol Converter: Generating DeviceSet: '01uF_0805_CL21B104KBCNNNC_10'
[2026-07-14 22:31:04,379][INFO]:  KiCad Symbol Converter: Symbol pin '' at line '272' was renamed to '@1' because of name duplication
[2026-07-14 22:31:04,379][INFO]:  KiCad Symbol Converter: Symbol pin '' at line '290' was renamed to '@2' because of name duplication
[2026-07-14 22:31:04,379][INFO]:  KiCad Symbol Converter: Generating DeviceSet: '01UF_0805_CL21B104KBCNNNC_10' finished successfully
[2026-07-14 22:31:04,379][INFO]:  KiCad Symbol Converter: Converting KiCad symbol: '01uF_0805_CL21B104KBCNNNC_10' finished successfully
[2026-07-14 22:31:04,379][INFO]:  KiCad Symbol Converter: Converting KiCad symbol: '01uF_0805_CL21B104KBCNNNC_11'
[2026-07-14 22:31:04,379][INFO]:  KiCad Symbol Converter: Generating DeviceSet: '01uF_0805_CL21B104KBCNNNC_11'
[2026-07-14 22:31:04,379][INFO]:  KiCad Symbol Converter: Symbol pin '' at line '421' was renamed to '@1' because of name duplication
[2026-07-14 22:31:04,379][INFO]:  KiCad Symbol Converter: Symbol pin '' at line '439' was renamed to '@2' because of name duplication
[2026-07-14 22:31:04,379][INFO]:  KiCad Symbol Converter: Generating DeviceSet: '01UF_0805_CL21B104KBCNNNC_11' finished successfully
[2026-07-14 22:31:04,379][INFO]:  KiCad Symbol Converter: Converting KiCad symbol: '01uF_0805_CL21B104KBCNNNC_11' finished successfully
[2026-07-14 22:31:04,379][INFO]:  KiCad Symbol Converter: Converting KiCad symbol: '01uF_0805_CL21B104KBCNNNC_12'
[2026-07-14 22:31:04,379][INFO]:  KiCad Symbol Converter: Generating DeviceSet: '01uF_0805_CL21B104KBCNNNC_12'
[2026-07-14 22:31:04,379][INFO]:  KiCad Symbol Converter: Symbol pin '' at line '570' was renamed to '@1' because of name duplication
[2026-07-14 22:31:04,379][INFO]:  KiCad Symbol Converter: Symbol pin '' at line '588' was renamed to '@2' because of name duplication
[2026-07-14 22:31:04,380][INFO]:  KiCad Symbol Converter: Generating DeviceSet: '01UF_0805_CL21B104KBCNNNC_12' finished successfully
[2026-07-14 22:31:04,380][INFO]:  KiCad Symbol Converter: Converting KiCad symbol: '01uF_0805_CL21B104KBCNNNC_12' finished successfully
[2026-07-14 22:31:04,380][INFO]:  KiCad Symbol Converter: Converting KiCad symbol: '01uF_0805_CL21B104KBCNNNC_13'
[2026-07-14 22:31:04,380][INFO]:  KiCad Symbol Converter: Generating DeviceSet: '01uF_0805_CL21B104KBCNNNC_13'
[2026-07-14 22:31:04,380][INFO]:  KiCad Symbol Converter: Symbol pin '' at line '719' was renamed to '@1' because of name duplication
[2026-07-14 22:31:04,380][INFO]:  KiCad Symbol Converter: Symbol pin '' at line '737' was renamed to '@2' because of name duplication
[2026-07-14 22:31:04,380][INFO]:  KiCad Symbol Converter: Generating DeviceSet: '01UF_0805_CL21B104KBCNNNC_13' finished successfully
[2026-07-14 22:31:04,380][INFO]:  KiCad Symbol Converter: Converting KiCad symbol: '01uF_0805_CL21B104KBCNNNC_13' finished successfully
[2026-07-14 22:31:04,380][INFO]:  KiCad Symbol Converter: Converting KiCad symbol: '01uF_0805_CL21B104KBCNNNC_15'
[2026-07-14 22:31:04,380][INFO]:  KiCad Symbol Converter: Generating DeviceSet: '01uF_0805_CL21B104KBCNNNC_15'
[2026-07-14 22:31:04,380][INFO]:  KiCad Symbol Converter: Symbol pin '' at line '868' was renamed to '@1' because of name duplication
[2026-07-14 22:31:04,380][INFO]:  KiCad Symbol Converter: Symbol pin '' at line '886' was renamed to '@2' because of name duplication
[2026-07-14 22:31:04,380][INFO]:  KiCad Symbol Converter: Generating DeviceSet: '01UF_0805_CL21B104KBCNNNC_15' finished successfully
[2026-07-14 22:31:04,380][INFO]:  KiCad Symbol Converter: Converting KiCad symbol: '01uF_0805_CL21B104KBCNNNC_15' finished successfully
[2026-07-14 22:31:04,380][INFO]:  KiCad Symbol Converter: Converting KiCad symbol: '01uF_0805_CL21B104KBCNNNC_18'
[2026-07-14 22:31:04,380][INFO]:  KiCad Symbol Converter: Generating DeviceSet: '01uF_0805_CL21B104KBCNNNC_18'
[2026-07-14 22:31:04,380][INFO]:  KiCad Symbol Converter: Symbol pin '' at line '1017' was renamed to '@1' because of name duplication
[2026-07-14 22:31:04,380][INFO]:  KiCad Symbol Converter: Symbol pin '' at line '1035' was renamed to '@2' because of name duplication
[2026-07-14 22:31:04,380][INFO]:  KiCad Symbol Converter: Generating DeviceSet: '01UF_0805_CL21B104KBCNNNC_18' finished successfully
[2026-07-14 22:31:04,380][INFO]:  KiCad Symbol Converter: Converting KiCad symbol: '01uF_0805_CL21B104KBCNNNC_18' finished successfully
[2026-07-14 22:31:04,380][INFO]:  KiCad Symbol Converter: Converting KiCad symbol: '01uF_0805_CL21B104KBCNNNC_19'
[2026-07-14 22:31:04,380][INFO]:  KiCad Symbol Converter: Generating DeviceSet: '01uF_0805_CL21B104KBCNNNC_19'
[2026-07-14 22:31:04,380][INFO]:  KiCad Symbol Converter: Symbol pin '' at line '1166' was renamed to '@1' because of name duplication
[2026-07-14 22:31:04,380][INFO]:  KiCad Symbol Converter: Symbol pin '' at line '1184' was renamed to '@2' because of name duplication
[2026-07-14 22:31:04,381][INFO]:  KiCad Symbol Converter: Generating DeviceSet: '01UF_0805_CL21B104KBCNNNC_19' finished successfully
[2026-07-14 22:31:04,381][INFO]:  KiCad Symbol Converter: Converting KiCad symbol: '01uF_0805_CL21B104KBCNNNC_19' finished successfully
[2026-07-14 22:31:04,381][INFO]:  KiCad Symbol Converter: Converting KiCad symbol: '01uF_0805_CL21B104KBCNNNC_2'
[2026-07-14 22:31:04,381][INFO]:  KiCad Symbol Converter: Generating DeviceSet: '01uF_0805_CL21B104KBCNNNC_2'
[2026-07-14 22:31:04,381][INFO]:  KiCad Symbol Converter: Symbol pin '' at line '1315' was renamed to '@1' because of name duplication
[2026-07-14 22:31:04,381][INFO]:  KiCad Symbol Converter: Symbol pin '' at line '1333' was renamed to '@2' because of name duplication
[2026-07-14 22:31:04,381][INFO]:  KiCad Symbol Converter: Generating DeviceSet: '01UF_0805_CL21B104KBCNNNC_2' finished successfully
[2026-07-14 22:31:04,381][INFO]:  KiCad Symbol Converter: Converting KiCad symbol: '01uF_0805_CL21B104KBCNNNC_2' finished successfully
[2026-07-14 22:31:04,381][INFO]:  KiCad Symbol Converter: Converting KiCad symbol: '01uF_0805_CL21B104KBCNNNC_20'
[2026-07-14 22:31:04,381][INFO]:  KiCad Symbol Converter: Generating DeviceSet: '01uF_0805_CL21B104KBCNNNC_20'
[2026-07-14 22:31:04,381][INFO]:  KiCad Symbol Converter: Symbol pin '' at line '1464' was renamed to '@1' because of name duplication
[2026-07-14 22:31:04,381][INFO]:  KiCad Symbol Converter: Symbol pin '' at line '1482' was renamed to '@2' because of name duplication
[2026-07-14 22:31:04,381][INFO]:  KiCad Symbol Converter: Generating DeviceSet: '01UF_0805_CL21B104KBCNNNC_20' finished successfully
[2026-07-14 22:31:04,381][INFO]:  KiCad Symbol Converter: Converting KiCad symbol: '01uF_0805_CL21B104KBCNNNC_20' finished successfully
[2026-07-14 22:31:04,381][INFO]:  KiCad Symbol Converter: Converting KiCad symbol: '01uF_0805_CL21B104KBCNNNC_21'
[2026-07-14 22:31:04,381][INFO]:  KiCad Symbol Converter: Generating DeviceSet: '01uF_0805_CL21B104KBCNNNC_21'
[2026-07-14 22:31:04,381][INFO]:  KiCad Symbol Converter: Symbol pin '' at line '1613' was renamed to '@1' because of name duplication
[2026-07-14 22:31:04,381][INFO]:  KiCad Symbol Converter: Symbol pin '' at line '1631' was renamed to '@2' because of name duplication
[2026-07-14 22:31:04,381][INFO]:  KiCad Symbol Converter: Generating DeviceSet: '01UF_0805_CL21B104KBCNNNC_21' finished successfully
[2026-07-14 22:31:04,381][INFO]:  KiCad Symbol Converter: Converting KiCad symbol: '01uF_0805_CL21B104KBCNNNC_21' finished successfully
[2026-07-14 22:31:04,381][INFO]:  KiCad Symbol Converter: Converting KiCad symbol: '01uF_0805_CL21B104KBCNNNC_22'
[2026-07-14 22:31:04,382][INFO]:  KiCad Symbol Converter: Generating DeviceSet: '01uF_0805_CL21B104KBCNNNC_22'
[2026-07-14 22:31:04,382][INFO]:  KiCad Symbol Converter: Symbol pin '' at line '1762' was renamed to '@1' because of name duplication
[2026-07-14 22:31:04,382][INFO]:  KiCad Symbol Converter: Symbol pin '' at line '1780' was renamed to '@2' because of name duplication
[2026-07-14 22:31:04,382][INFO]:  KiCad Symbol Converter: Generating DeviceSet: '01UF_0805_CL21B104KBCNNNC_22' finished successfully
[2026-07-14 22:31:04,382][INFO]:  KiCad Symbol Converter: Converting KiCad symbol: '01uF_0805_CL21B104KBCNNNC_22' finished successfully
[2026-07-14 22:31:04,382][INFO]:  KiCad Symbol Converter: Converting KiCad symbol: '01uF_0805_CL21B104KBCNNNC_23'
[2026-07-14 22:31:04,382][INFO]:  KiCad Symbol Converter: Generating DeviceSet: '01uF_0805_CL21B104KBCNNNC_23'
[2026-07-14 22:31:04,382][INFO]:  KiCad Symbol Converter: Symbol pin '' at line '1911' was renamed to '@1' because of name duplication
[2026-07-14 22:31:04,382][INFO]:  KiCad Symbol Converter: Symbol pin '' at line '1929' was renamed to '@2' because of name duplication
[2026-07-14 22:31:04,382][INFO]:  KiCad Symbol Converter: Generating DeviceSet: '01UF_0805_CL21B104KBCNNNC_23' finished successfully
[2026-07-14 22:31:04,382][INFO]:  KiCad Symbol Converter: Converting KiCad symbol: '01uF_0805_CL21B104KBCNNNC_23' finished successfully
[2026-07-14 22:31:04,382][INFO]:  KiCad Symbol Converter: Converting KiCad symbol: '01uF_0805_CL21B104KBCNNNC_24'
[2026-07-14 22:31:04,382][INFO]:  KiCad Symbol Converter: Generating DeviceSet: '01uF_0805_CL21B104KBCNNNC_24'
[2026-07-14 22:31:04,382][INFO]:  KiCad Symbol Converter: Symbol pin '' at line '2060' was renamed to '@1' because of name duplication
[2026-07-14 22:31:04,382][INFO]:  KiCad Symbol Converter: Symbol pin '' at line '2078' was renamed to '@2' because of name duplication
[2026-07-14 22:31:04,382][INFO]:  KiCad Symbol Converter: Generating DeviceSet: '01UF_0805_CL21B104KBCNNNC_24' finished successfully
[2026-07-14 22:31:04,382][INFO]:  KiCad Symbol Converter: Converting KiCad symbol: '01uF_0805_CL21B104KBCNNNC_24' finished successfully
[2026-07-14 22:31:04,382][INFO]:  KiCad Symbol Converter: Converting KiCad symbol: '01uF_0805_CL21B104KBCNNNC_3'
[2026-07-14 22:31:04,382][INFO]:  KiCad Symbol Converter: Generating DeviceSet: '01uF_0805_CL21B104KBCNNNC_3'
[2026-07-14 22:31:04,382][INFO]:  KiCad Symbol Converter: Symbol pin '' at line '2209' was renamed to '@1' because of name duplication
[2026-07-14 22:31:04,382][INFO]:  KiCad Symbol Converter: Symbol pin '' at line '2227' was renamed to '@2' because of name duplication
[2026-07-14 22:31:04,382][INFO]:  KiCad Symbol Converter: Generating DeviceSet: '01UF_0805_CL21B104KBCNNNC_3' finished successfully
[2026-07-14 22:31:04,382][INFO]:  KiCad Symbol Converter: Converting KiCad symbol: '01uF_0805_CL21B104KBCNNNC_3' finished successfully
[2026-07-14 22:31:04,382][INFO]:  KiCad Symbol Converter: Converting KiCad symbol: '01uF_0805_CL21B104KBCNNNC_4'
[2026-07-14 22:31:04,382][INFO]:  KiCad Symbol Converter: Generating DeviceSet: '01uF_0805_CL21B104KBCNNNC_4'
[2026-07-14 22:31:04,383][INFO]:  KiCad Symbol Converter: Symbol pin '' at line '2358' was renamed to '@1' because of name duplication
[2026-07-14 22:31:04,383][INFO]:  KiCad Symbol Converter: Symbol pin '' at line '2376' was renamed to '@2' because of name duplication
[2026-07-14 22:31:04,383][INFO]:  KiCad Symbol Converter: Generating DeviceSet: '01UF_0805_CL21B104KBCNNNC_4' finished successfully
[2026-07-14 22:31:04,383][INFO]:  KiCad Symbol Converter: Converting KiCad symbol: '01uF_0805_CL21B104KBCNNNC_4' finished successfully
[2026-07-14 22:31:04,383][INFO]:  KiCad Symbol Converter: Converting KiCad symbol: '01uF_0805_CL21B104KBCNNNC_5'
[2026-07-14 22:31:04,383][INFO]:  KiCad Symbol Converter: Generating DeviceSet: '01uF_0805_CL21B104KBCNNNC_5'
[2026-07-14 22:31:04,383][INFO]:  KiCad Symbol Converter: Symbol pin '' at line '2507' was renamed to '@1' because of name duplication
[2026-07-14 22:31:04,383][INFO]:  KiCad Symbol Converter: Symbol pin '' at line '2525' was renamed to '@2' because of name duplication
[2026-07-14 22:31:04,383][INFO]:  KiCad Symbol Converter: Generating DeviceSet: '01UF_0805_CL21B104KBCNNNC_5' finished successfully
[2026-07-14 22:31:04,383][INFO]:  KiCad Symbol Converter: Converting KiCad symbol: '01uF_0805_CL21B104KBCNNNC_5' finished successfully
[2026-07-14 22:31:04,383][INFO]:  KiCad Symbol Converter: Converting KiCad symbol: '01uF_0805_CL21B104KBCNNNC_6'
[2026-07-14 22:31:04,383][INFO]:  KiCad Symbol Converter: Generating DeviceSet: '01uF_0805_CL21B104KBCNNNC_6'
[2026-07-14 22:31:04,383][INFO]:  KiCad Symbol Converter: Symbol pin '' at line '2656' was renamed to '@1' because of name duplication
[2026-07-14 22:31:04,383][INFO]:  KiCad Symbol Converter: Symbol pin '' at line '2674' was renamed to '@2' because of name duplication
[2026-07-14 22:31:04,383][INFO]:  KiCad Symbol Converter: Generating DeviceSet: '01UF_0805_CL21B104KBCNNNC_6' finished successfully
[2026-07-14 22:31:04,383][INFO]:  KiCad Symbol Converter: Converting KiCad symbol: '01uF_0805_CL21B104KBCNNNC_6' finished successfully
[2026-07-14 22:31:04,383][INFO]:  KiCad Symbol Converter: Converting KiCad symbol: '01uF_0805_CL21B104KBCNNNC_7'
[2026-07-14 22:31:04,383][INFO]:  KiCad Symbol Converter: Generating DeviceSet: '01uF_0805_CL21B104KBCNNNC_7'
[2026-07-14 22:31:04,383][INFO]:  KiCad Symbol Converter: Symbol pin '' at line '2805' was renamed to '@1' because of name duplication
[2026-07-14 22:31:04,383][INFO]:  KiCad Symbol Converter: Symbol pin '' at line '2823' was renamed to '@2' because of name duplication
[2026-07-14 22:31:04,383][INFO]:  KiCad Symbol Converter: Generating DeviceSet: '01UF_0805_CL21B104KBCNNNC_7' finished successfully
[2026-07-14 22:31:04,383][INFO]:  KiCad Symbol Converter: Converting KiCad symbol: '01uF_0805_CL21B104KBCNNNC_7' finished successfully
[2026-07-14 22:31:04,383][INFO]:  KiCad Symbol Converter: Converting KiCad symbol: '01uF_0805_CL21B104KBCNNNC_8'
[2026-07-14 22:31:04,384][INFO]:  KiCad Symbol Converter: Generating DeviceSet: '01uF_0805_CL21B104KBCNNNC_8'
[2026-07-14 22:31:04,384][INFO]:  KiCad Symbol Converter: Symbol pin '' at line '2954' was renamed to '@1' because of name duplication
[2026-07-14 22:31:04,384][INFO]:  KiCad Symbol Converter: Symbol pin '' at line '2972' was renamed to '@2' because of name duplication
[2026-07-14 22:31:04,384][INFO]:  KiCad Symbol Converter: Generating DeviceSet: '01UF_0805_CL21B104KBCNNNC_8' finished successfully
[2026-07-14 22:31:04,384][INFO]:  KiCad Symbol Converter: Converting KiCad symbol: '01uF_0805_CL21B104KBCNNNC_8' finished successfully
[2026-07-14 22:31:04,384][INFO]:  KiCad Symbol Converter: Converting KiCad symbol: '01uF_0805_CL21B104KBCNNNC_9'
[2026-07-14 22:31:04,384][INFO]:  KiCad Symbol Converter: Generating DeviceSet: '01uF_0805_CL21B104KBCNNNC_9'
[2026-07-14 22:31:04,384][INFO]:  KiCad Symbol Converter: Symbol pin '' at line '3103' was renamed to '@1' because of name duplication
[2026-07-14 22:31:04,384][INFO]:  KiCad Symbol Converter: Symbol pin '' at line '3121' was renamed to '@2' because of name duplication
[2026-07-14 22:31:04,384][INFO]:  KiCad Symbol Converter: Generating DeviceSet: '01UF_0805_CL21B104KBCNNNC_9' finished successfully
[2026-07-14 22:31:04,384][INFO]:  KiCad Symbol Converter: Converting KiCad symbol: '01uF_0805_CL21B104KBCNNNC_9' finished successfully
[2026-07-14 22:31:04,384][INFO]:  KiCad Symbol Converter: Converting KiCad symbol: 'Connector:TestPoint'
[2026-07-14 22:31:04,384][INFO]:  KiCad Symbol Converter: Generating DeviceSet: 'TestPoint'
[2026-07-14 22:31:04,384][INFO]:  KiCad Symbol Converter: Generating DeviceSet: 'TESTPOINT' finished successfully
[2026-07-14 22:31:04,384][INFO]:  KiCad Symbol Converter: Converting KiCad symbol: 'Connector:TestPoint' finished successfully
[2026-07-14 22:31:04,384][INFO]:  KiCad Symbol Converter: Converting KiCad symbol: 'Connector_Generic:Conn_02x01'
[2026-07-14 22:31:04,384][INFO]:  KiCad Symbol Converter: Generating DeviceSet: 'Conn_02x01'
[2026-07-14 22:31:04,385][INFO]:  KiCad Symbol Converter: Generating DeviceSet: 'CONN_02X01' finished successfully
[2026-07-14 22:31:04,385][INFO]:  KiCad Symbol Converter: Converting KiCad symbol: 'Connector_Generic:Conn_02x01' finished successfully
[2026-07-14 22:31:04,385][INFO]:  KiCad Symbol Converter: Converting KiCad symbol: 'Connector_Generic:Conn_02x08_Odd_Even'
[2026-07-14 22:31:04,385][INFO]:  KiCad Symbol Converter: Generating DeviceSet: 'Conn_02x08_Odd_Even'
[2026-07-14 22:31:04,386][INFO]:  KiCad Symbol Converter: Generating DeviceSet: 'CONN_02X08_ODD_EVEN' finished successfully
[2026-07-14 22:31:04,386][INFO]:  KiCad Symbol Converter: Converting KiCad symbol: 'Connector_Generic:Conn_02x08_Odd_Even' finished successfully
[2026-07-14 22:31:04,386][INFO]:  KiCad Symbol Converter: Converting KiCad symbol: 'Device:D_Small'
[2026-07-14 22:31:04,386][INFO]:  KiCad Symbol Converter: Generating DeviceSet: 'D_Small'
[2026-07-14 22:31:04,386][INFO]:  KiCad Symbol Converter: Generating DeviceSet: 'D_SMALL' finished successfully
[2026-07-14 22:31:04,386][INFO]:  KiCad Symbol Converter: Converting KiCad symbol: 'Device:D_Small' finished successfully
[2026-07-14 22:31:04,386][INFO]:  KiCad Symbol Converter: Converting KiCad symbol: 'Device:R'
[2026-07-14 22:31:04,386][INFO]:  KiCad Symbol Converter: Generating DeviceSet: 'R'
[2026-07-14 22:31:04,386][INFO]:  KiCad Symbol Converter: Symbol pin '' at line '4278' was renamed to '@1' because of name duplication
[2026-07-14 22:31:04,386][INFO]:  KiCad Symbol Converter: Symbol pin '' at line '4296' was renamed to '@2' because of name duplication
[2026-07-14 22:31:04,387][INFO]:  KiCad Symbol Converter: Generating DeviceSet: 'R' finished successfully
[2026-07-14 22:31:04,387][INFO]:  KiCad Symbol Converter: Converting KiCad symbol: 'Device:R' finished successfully
[2026-07-14 22:31:04,387][INFO]:  KiCad Symbol Converter: Converting KiCad symbol: 'MCU_RaspberryPi:RP2040'
[2026-07-14 22:31:04,387][INFO]:  KiCad Symbol Converter: Generating DeviceSet: 'RP2040'
[2026-07-14 22:31:04,387][INFO]:  KiCad Symbol Converter: Symbol pin 'IOVDD' at line '4436' was renamed to 'IOVDD@1' because of name duplication
[2026-07-14 22:31:04,387][INFO]:  KiCad Symbol Converter: Symbol pin 'IOVDD' at line '4598' was renamed to 'IOVDD@2' because of name duplication
[2026-07-14 22:31:04,387][INFO]:  KiCad Symbol Converter: Symbol pin 'IOVDD' at line '4815' was renamed to 'IOVDD@3' because of name duplication
[2026-07-14 22:31:04,387][INFO]:  KiCad Symbol Converter: Symbol pin 'DVDD' at line '4834' was renamed to 'DVDD@1' because of name duplication
[2026-07-14 22:31:04,387][INFO]:  KiCad Symbol Converter: Symbol pin 'IOVDD' at line '5014' was renamed to 'IOVDD@4' because of name duplication
[2026-07-14 22:31:04,388][INFO]:  KiCad Symbol Converter: Symbol pin 'IOVDD' at line '5177' was renamed to 'IOVDD@5' because of name duplication
[2026-07-14 22:31:04,388][INFO]:  KiCad Symbol Converter: Symbol pin 'IOVDD' at line '5304' was renamed to 'IOVDD@6' because of name duplication
[2026-07-14 22:31:04,388][INFO]:  KiCad Symbol Converter: Symbol pin 'DVDD' at line '5323' was renamed to 'DVDD@2' because of name duplication
[2026-07-14 22:31:04,390][INFO]:  KiCad Symbol Converter: Generating DeviceSet: 'RP2040' finished successfully
[2026-07-14 22:31:04,390][INFO]:  KiCad Symbol Converter: Converting KiCad symbol: 'MCU_RaspberryPi:RP2040' finished successfully
[2026-07-14 22:31:04,390][INFO]:  KiCad Symbol Converter: Converting KiCad symbol: 'Mechanical:Fiducial'
[2026-07-14 22:31:04,390][INFO]:  KiCad Symbol Converter: Generating DeviceSet: 'Fiducial'
[2026-07-14 22:31:04,390][INFO]:  KiCad Symbol Converter: Generating DeviceSet: 'FIDUCIAL' finished successfully
[2026-07-14 22:31:04,390][INFO]:  KiCad Symbol Converter: Converting KiCad symbol: 'Mechanical:Fiducial' finished successfully
[2026-07-14 22:31:04,390][INFO]:  KiCad Symbol Converter: Converting KiCad symbol: 'Mechanical:MountingHole'
[2026-07-14 22:31:04,390][INFO]:  KiCad Symbol Converter: Generating DeviceSet: 'MountingHole'
[2026-07-14 22:31:04,390][INFO]:  KiCad Symbol Converter: Generating DeviceSet: 'MOUNTINGHOLE' finished successfully
[2026-07-14 22:31:04,390][INFO]:  KiCad Symbol Converter: Converting KiCad symbol: 'Mechanical:MountingHole' finished successfully
[2026-07-14 22:31:04,390][INFO]:  KiCad Symbol Converter: Converting KiCad symbol: 'Memory_Flash:W25Q128JVS'
[2026-07-14 22:31:04,390][INFO]:  KiCad Symbol Converter: Generating DeviceSet: 'W25Q128JVS'
[2026-07-14 22:31:04,391][INFO]:  KiCad Symbol Converter: Generating DeviceSet: 'W25Q128JVS' finished successfully
[2026-07-14 22:31:04,391][INFO]:  KiCad Symbol Converter: Converting KiCad symbol: 'Memory_Flash:W25Q128JVS' finished successfully
[2026-07-14 22:31:04,391][INFO]:  KiCad Symbol Converter: Converting KiCad symbol: 'R_Small_9'
[2026-07-14 22:31:04,391][INFO]:  KiCad Symbol Converter: Generating DeviceSet: 'R_Small_9'
[2026-07-14 22:31:04,391][INFO]:  KiCad Symbol Converter: Symbol pin '' at line '6010' was renamed to '@1' because of name duplication
[2026-07-14 22:31:04,391][INFO]:  KiCad Symbol Converter: Symbol pin '' at line '6028' was renamed to '@2' because of name duplication
[2026-07-14 22:31:04,391][WARN]:  KiCad Symbol Converter: No footprints assigned to symbol: 'R_SMALL_9', creating default device.
[2026-07-14 22:31:04,391][INFO]:  KiCad Symbol Converter: Generating DeviceSet: 'R_SMALL_9' finished successfully
[2026-07-14 22:31:04,391][INFO]:  KiCad Symbol Converter: Converting KiCad symbol: 'R_Small_9' finished successfully
[2026-07-14 22:31:04,391][INFO]:  KiCad Symbol Converter: Converting KiCad symbol: 'Regulator_Linear:AP2112K-3.3'
[2026-07-14 22:31:04,391][INFO]:  KiCad Symbol Converter: Generating DeviceSet: 'AP2112K-3.3'
[2026-07-14 22:31:04,392][INFO]:  KiCad Symbol Converter: Generating DeviceSet: 'AP2112K-3.3' finished successfully
[2026-07-14 22:31:04,392][INFO]:  KiCad Symbol Converter: Converting KiCad symbol: 'Regulator_Linear:AP2112K-3.3' finished successfully
[2026-07-14 22:31:04,392][INFO]:  KiCad Symbol Converter: Converting KiCad symbol: 'personal:01uF_0402_CL05B104KB5NNNC'
[2026-07-14 22:31:04,392][INFO]:  KiCad Symbol Converter: Generating DeviceSet: '01uF_0402_CL05B104KB5NNNC'
[2026-07-14 22:31:04,392][INFO]:  KiCad Symbol Converter: Symbol pin '' at line '6353' was renamed to '@1' because of name duplication
[2026-07-14 22:31:04,392][INFO]:  KiCad Symbol Converter: Symbol pin '' at line '6371' was renamed to '@2' because of name duplication
[2026-07-14 22:31:04,392][INFO]:  KiCad Symbol Converter: Generating DeviceSet: '01UF_0402_CL05B104KB5NNNC' finished successfully
[2026-07-14 22:31:04,392][INFO]:  KiCad Symbol Converter: Converting KiCad symbol: 'personal:01uF_0402_CL05B104KB5NNNC' finished successfully
[2026-07-14 22:31:04,392][INFO]:  KiCad Symbol Converter: Converting KiCad symbol: 'personal:01uF_0805_CL21B104KBCNNNC'
[2026-07-14 22:31:04,392][INFO]:  KiCad Symbol Converter: Generating DeviceSet: '01uF_0805_CL21B104KBCNNNC'
[2026-07-14 22:31:04,392][INFO]:  KiCad Symbol Converter: Symbol pin '' at line '6502' was renamed to '@1' because of name duplication
[2026-07-14 22:31:04,392][INFO]:  KiCad Symbol Converter: Symbol pin '' at line '6520' was renamed to '@2' because of name duplication
[2026-07-14 22:31:04,393][INFO]:  KiCad Symbol Converter: Generating DeviceSet: '01UF_0805_CL21B104KBCNNNC' finished successfully
[2026-07-14 22:31:04,393][INFO]:  KiCad Symbol Converter: Converting KiCad symbol: 'personal:01uF_0805_CL21B104KBCNNNC' finished successfully
[2026-07-14 22:31:04,393][INFO]:  KiCad Symbol Converter: Converting KiCad symbol: 'personal:10k_CRGCQ0805F10K'
[2026-07-14 22:31:04,393][INFO]:  KiCad Symbol Converter: Generating DeviceSet: '10k_CRGCQ0805F10K'
[2026-07-14 22:31:04,393][INFO]:  KiCad Symbol Converter: Symbol pin '' at line '6737' was renamed to '@1' because of name duplication
[2026-07-14 22:31:04,393][INFO]:  KiCad Symbol Converter: Symbol pin '' at line '6755' was renamed to '@2' because of name duplication
[2026-07-14 22:31:04,395][INFO]:  KiCad Symbol Converter: Generating DeviceSet: '10K_CRGCQ0805F10K' finished successfully
[2026-07-14 22:31:04,395][INFO]:  KiCad Symbol Converter: Converting KiCad symbol: 'personal:10k_CRGCQ0805F10K' finished successfully
[2026-07-14 22:31:04,395][INFO]:  KiCad Symbol Converter: Converting KiCad symbol: 'personal:10uF_0805_CL31B106KAHNNNE'
[2026-07-14 22:31:04,395][INFO]:  KiCad Symbol Converter: Generating DeviceSet: '10uF_0805_CL31B106KAHNNNE'
[2026-07-14 22:31:04,395][INFO]:  KiCad Symbol Converter: Symbol pin '' at line '6886' was renamed to '@1' because of name duplication
[2026-07-14 22:31:04,395][INFO]:  KiCad Symbol Converter: Symbol pin '' at line '6904' was renamed to '@2' because of name duplication
[2026-07-14 22:31:04,395][INFO]:  KiCad Symbol Converter: Generating DeviceSet: '10UF_0805_CL31B106KAHNNNE' finished successfully
[2026-07-14 22:31:04,395][INFO]:  KiCad Symbol Converter: Converting KiCad symbol: 'personal:10uF_0805_CL31B106KAHNNNE' finished successfully
[2026-07-14 22:31:04,395][INFO]:  KiCad Symbol Converter: Converting KiCad symbol: 'personal:15pF_WCAP-CSGP_0805_H0.6'
[2026-07-14 22:31:04,395][INFO]:  KiCad Symbol Converter: Generating DeviceSet: '15pF_WCAP-CSGP_0805_H0.6'
[2026-07-14 22:31:04,395][INFO]:  KiCad Symbol Converter: Symbol pin '' at line '7060' was renamed to '@1' because of name duplication
[2026-07-14 22:31:04,395][INFO]:  KiCad Symbol Converter: Symbol pin '' at line '7078' was renamed to '@2' because of name duplication
[2026-07-14 22:31:04,396][INFO]:  KiCad Symbol Converter: Generating DeviceSet: '15PF_WCAP-CSGP_0805_H0.6' finished successfully
[2026-07-14 22:31:04,396][INFO]:  KiCad Symbol Converter: Converting KiCad symbol: 'personal:15pF_WCAP-CSGP_0805_H0.6' finished successfully
[2026-07-14 22:31:04,396][INFO]:  KiCad Symbol Converter: Converting KiCad symbol: 'personal:1k_CRG0805J1K0'
[2026-07-14 22:31:04,396][INFO]:  KiCad Symbol Converter: Generating DeviceSet: '1k_CRG0805J1K0'
[2026-07-14 22:31:04,396][INFO]:  KiCad Symbol Converter: Symbol pin '' at line '7295' was renamed to '@1' because of name duplication
[2026-07-14 22:31:04,396][INFO]:  KiCad Symbol Converter: Symbol pin '' at line '7313' was renamed to '@2' because of name duplication
[2026-07-14 22:31:04,397][INFO]:  KiCad Symbol Converter: Generating DeviceSet: '1K_CRG0805J1K0' finished successfully
[2026-07-14 22:31:04,397][INFO]:  KiCad Symbol Converter: Converting KiCad symbol: 'personal:1k_CRG0805J1K0' finished successfully
[2026-07-14 22:31:04,397][INFO]:  KiCad Symbol Converter: Converting KiCad symbol: 'personal:1uF_0402_CL05A105KL5NRNC'
[2026-07-14 22:31:04,397][INFO]:  KiCad Symbol Converter: Generating DeviceSet: '1uF_0402_CL05A105KL5NRNC'
[2026-07-14 22:31:04,397][INFO]:  KiCad Symbol Converter: Symbol pin '' at line '7444' was renamed to '@1' because of name duplication
[2026-07-14 22:31:04,397][INFO]:  KiCad Symbol Converter: Symbol pin '' at line '7462' was renamed to '@2' because of name duplication
[2026-07-14 22:31:04,397][INFO]:  KiCad Symbol Converter: Generating DeviceSet: '1UF_0402_CL05A105KL5NRNC' finished successfully
[2026-07-14 22:31:04,397][INFO]:  KiCad Symbol Converter: Converting KiCad symbol: 'personal:1uF_0402_CL05A105KL5NRNC' finished successfully
[2026-07-14 22:31:04,397][INFO]:  KiCad Symbol Converter: Converting KiCad symbol: 'personal:27R_CRGCQ0805F27R'
[2026-07-14 22:31:04,397][INFO]:  KiCad Symbol Converter: Generating DeviceSet: '27R_CRGCQ0805F27R'
[2026-07-14 22:31:04,398][INFO]:  KiCad Symbol Converter: Symbol pin '' at line '7679' was renamed to '@1' because of name duplication
[2026-07-14 22:31:04,398][INFO]:  KiCad Symbol Converter: Symbol pin '' at line '7697' was renamed to '@2' because of name duplication
[2026-07-14 22:31:04,398][INFO]:  KiCad Symbol Converter: Generating DeviceSet: '27R_CRGCQ0805F27R' finished successfully
[2026-07-14 22:31:04,398][INFO]:  KiCad Symbol Converter: Converting KiCad symbol: 'personal:27R_CRGCQ0805F27R' finished successfully
[2026-07-14 22:31:04,398][INFO]:  KiCad Symbol Converter: Converting KiCad symbol: 'personal:5K1_CRG0805F5K1'
[2026-07-14 22:31:04,398][INFO]:  KiCad Symbol Converter: Generating DeviceSet: '5K1_CRG0805F5K1'
[2026-07-14 22:31:04,398][INFO]:  KiCad Symbol Converter: Symbol pin '' at line '7914' was renamed to '@1' because of name duplication
[2026-07-14 22:31:04,398][INFO]:  KiCad Symbol Converter: Symbol pin '' at line '7932' was renamed to '@2' because of name duplication
[2026-07-14 22:31:04,398][INFO]:  KiCad Symbol Converter: Generating DeviceSet: '5K1_CRG0805F5K1' finished successfully
[2026-07-14 22:31:04,398][INFO]:  KiCad Symbol Converter: Converting KiCad symbol: 'personal:5K1_CRG0805F5K1' finished successfully
[2026-07-14 22:31:04,398][INFO]:  KiCad Symbol Converter: Converting KiCad symbol: 'personal:ABM8-272-T3'
[2026-07-14 22:31:04,398][INFO]:  KiCad Symbol Converter: Generating DeviceSet: 'ABM8-272-T3'
[2026-07-14 22:31:04,399][INFO]:  KiCad Symbol Converter: Symbol pin '' at line '8306' was renamed to '@1' because of name duplication
[2026-07-14 22:31:04,399][INFO]:  KiCad Symbol Converter: Symbol pin 'GND' at line '8324' was renamed to 'GND@1' because of name duplication
[2026-07-14 22:31:04,399][INFO]:  KiCad Symbol Converter: Symbol pin '' at line '8342' was renamed to '@2' because of name duplication
[2026-07-14 22:31:04,399][INFO]:  KiCad Symbol Converter: Symbol pin 'GND' at line '8360' was renamed to 'GND@2' because of name duplication
[2026-07-14 22:31:04,399][INFO]:  KiCad Symbol Converter: Generating DeviceSet: 'ABM8-272-T3' finished successfully
[2026-07-14 22:31:04,399][INFO]:  KiCad Symbol Converter: Converting KiCad symbol: 'personal:ABM8-272-T3' finished successfully
[2026-07-14 22:31:04,399][INFO]:  KiCad Symbol Converter: Converting KiCad symbol: 'personal:KMR221GLFS'
[2026-07-14 22:31:04,399][INFO]:  KiCad Symbol Converter: Generating DeviceSet: 'KMR221GLFS'
[2026-07-14 22:31:04,399][INFO]:  KiCad Symbol Converter: Symbol pin '' at line '8637' was renamed to '@1' because of name duplication
[2026-07-14 22:31:04,399][INFO]:  KiCad Symbol Converter: Symbol pin '' at line '8655' was renamed to '@2' because of name duplication
[2026-07-14 22:31:04,399][INFO]:  KiCad Symbol Converter: Symbol pin '' at line '8673' was renamed to '@3' because of name duplication
[2026-07-14 22:31:04,399][INFO]:  KiCad Symbol Converter: Symbol pin '' at line '8692' was renamed to '@4' because of name duplication
[2026-07-14 22:31:04,399][INFO]:  KiCad Symbol Converter: Symbol pin '' at line '8711' was renamed to '@5' because of name duplication
[2026-07-14 22:31:04,400][INFO]:  KiCad Symbol Converter: Generating DeviceSet: 'KMR221GLFS' finished successfully
[2026-07-14 22:31:04,400][INFO]:  KiCad Symbol Converter: Converting KiCad symbol: 'personal:KMR221GLFS' finished successfully
[2026-07-14 22:31:04,400][INFO]:  KiCad Symbol Converter: Converting KiCad symbol: 'personal:MX_SK6812MINI-E'
[2026-07-14 22:31:04,400][INFO]:  KiCad Symbol Converter: Generating DeviceSet: 'MX_SK6812MINI-E'
[2026-07-14 22:31:04,401][INFO]:  KiCad Symbol Converter: Generating DeviceSet: 'MX_SK6812MINI-E' finished successfully
[2026-07-14 22:31:04,401][INFO]:  KiCad Symbol Converter: Converting KiCad symbol: 'personal:MX_SK6812MINI-E' finished successfully
[2026-07-14 22:31:04,401][INFO]:  KiCad Symbol Converter: Converting KiCad symbol: 'personal:OLED_SPI_128x128'
[2026-07-14 22:31:04,401][INFO]:  KiCad Symbol Converter: Generating DeviceSet: 'OLED_SPI_128x128'
[2026-07-14 22:31:04,402][INFO]:  KiCad Symbol Converter: Generating DeviceSet: 'OLED_SPI_128X128' finished successfully
[2026-07-14 22:31:04,402][INFO]:  KiCad Symbol Converter: Converting KiCad symbol: 'personal:OLED_SPI_128x128' finished successfully
[2026-07-14 22:31:04,402][INFO]:  KiCad Symbol Converter: Converting KiCad symbol: 'personal:PEC11R-4230F-S0024'
[2026-07-14 22:31:04,402][INFO]:  KiCad Symbol Converter: Generating DeviceSet: 'PEC11R-4230F-S0024'
[2026-07-14 22:31:04,402][INFO]:  KiCad Symbol Converter: Symbol pin '' at line '9476' was renamed to '@1' because of name duplication
[2026-07-14 22:31:04,402][INFO]:  KiCad Symbol Converter: Symbol pin '' at line '9494' was renamed to '@2' because of name duplication
[2026-07-14 22:31:04,402][INFO]:  KiCad Symbol Converter: Symbol pin 'SHIELD' at line '9566' was renamed to 'SHIELD@1' because of name duplication
[2026-07-14 22:31:04,402][INFO]:  KiCad Symbol Converter: Symbol pin 'SHIELD' at line '9584' was renamed to 'SHIELD@2' because of name duplication
[2026-07-14 22:31:04,402][INFO]:  KiCad Symbol Converter: Generating DeviceSet: 'PEC11R-4230F-S0024' finished successfully
[2026-07-14 22:31:04,402][INFO]:  KiCad Symbol Converter: Converting KiCad symbol: 'personal:PEC11R-4230F-S0024' finished successfully
[2026-07-14 22:31:04,402][INFO]:  KiCad Symbol Converter: Converting KiCad symbol: 'personal:Placeholder_Keyswitch'
[2026-07-14 22:31:04,402][INFO]:  KiCad Symbol Converter: Generating DeviceSet: 'Placeholder_Keyswitch'
[2026-07-14 22:31:04,403][INFO]:  KiCad Symbol Converter: Generating DeviceSet: 'PLACEHOLDER_KEYSWITCH' finished successfully
[2026-07-14 22:31:04,403][INFO]:  KiCad Symbol Converter: Converting KiCad symbol: 'personal:Placeholder_Keyswitch' finished successfully
[2026-07-14 22:31:04,403][INFO]:  KiCad Symbol Converter: Converting KiCad symbol: 'personal:SN74AHCT1G125DBVR'
[2026-07-14 22:31:04,403][INFO]:  KiCad Symbol Converter: Generating DeviceSet: 'SN74AHCT1G125DBVR'
[2026-07-14 22:31:04,404][INFO]:  KiCad Symbol Converter: Generating DeviceSet: 'SN74AHCT1G125DBVR' finished successfully
[2026-07-14 22:31:04,404][INFO]:  KiCad Symbol Converter: Converting KiCad symbol: 'personal:SN74AHCT1G125DBVR' finished successfully
[2026-07-14 22:31:04,404][INFO]:  KiCad Symbol Converter: Converting KiCad symbol: 'personal:USBLC6-2SC6'
[2026-07-14 22:31:04,404][INFO]:  KiCad Symbol Converter: Generating DeviceSet: 'USBLC6-2SC6'
[2026-07-14 22:31:04,405][INFO]:  KiCad Symbol Converter: Symbol pin '' at line '10911' was renamed to '@1' because of name duplication
[2026-07-14 22:31:04,405][INFO]:  KiCad Symbol Converter: Symbol pin '' at line '10929' was renamed to '@2' because of name duplication
[2026-07-14 22:31:04,405][INFO]:  KiCad Symbol Converter: Symbol pin '' at line '10947' was renamed to '@3' because of name duplication
[2026-07-14 22:31:04,405][INFO]:  KiCad Symbol Converter: Symbol pin '' at line '10965' was renamed to '@4' because of name duplication
[2026-07-14 22:31:04,405][INFO]:  KiCad Symbol Converter: Symbol pin '' at line '10983' was renamed to '@5' because of name duplication
[2026-07-14 22:31:04,405][INFO]:  KiCad Symbol Converter: Symbol pin '' at line '11001' was renamed to '@6' because of name duplication
[2026-07-14 22:31:04,405][INFO]:  KiCad Symbol Converter: Generating DeviceSet: 'USBLC6-2SC6' finished successfully
[2026-07-14 22:31:04,405][INFO]:  KiCad Symbol Converter: Converting KiCad symbol: 'personal:USBLC6-2SC6' finished successfully
[2026-07-14 22:31:04,405][INFO]:  KiCad Symbol Converter: Converting KiCad symbol: 'personal:USB_C-2169900003'
[2026-07-14 22:31:04,405][INFO]:  KiCad Symbol Converter: Generating DeviceSet: 'USB_C-2169900003'
[2026-07-14 22:31:04,405][INFO]:  KiCad Symbol Converter: Symbol pin 'GND' at line '11255' was renamed to 'GND@1' because of name duplication
[2026-07-14 22:31:04,405][INFO]:  KiCad Symbol Converter: Symbol pin 'VBUS' at line '11273' was renamed to 'VBUS@1' because of name duplication
[2026-07-14 22:31:04,405][INFO]:  KiCad Symbol Converter: Symbol pin 'GND' at line '11363' was renamed to 'GND@2' because of name duplication
[2026-07-14 22:31:04,405][INFO]:  KiCad Symbol Converter: Symbol pin 'VBUS' at line '11382' was renamed to 'VBUS@2' because of name duplication
[2026-07-14 22:31:04,406][INFO]:  KiCad Symbol Converter: Symbol pin 'SHIELD' at line '11473' was renamed to 'SHIELD@1' because of name duplication
[2026-07-14 22:31:04,406][INFO]:  KiCad Symbol Converter: Symbol pin 'SHIELD' at line '11491' was renamed to 'SHIELD@2' because of name duplication
[2026-07-14 22:31:04,406][INFO]:  KiCad Symbol Converter: Symbol pin 'SHIELD' at line '11510' was renamed to 'SHIELD@3' because of name duplication
[2026-07-14 22:31:04,406][INFO]:  KiCad Symbol Converter: Symbol pin 'SHIELD' at line '11529' was renamed to 'SHIELD@4' because of name duplication
[2026-07-14 22:31:04,406][INFO]:  KiCad Symbol Converter: Generating DeviceSet: 'USB_C-2169900003' finished successfully
[2026-07-14 22:31:04,406][INFO]:  KiCad Symbol Converter: Converting KiCad symbol: 'personal:USB_C-2169900003' finished successfully
[2026-07-14 22:31:04,406][INFO]:  KiCad Symbol Converter: Converting KiCad symbol: 'power:+3.3V'
[2026-07-14 22:31:04,406][INFO]:  KiCad Symbol Converter: Generating DeviceSet: '+3.3V'
[2026-07-14 22:31:04,407][INFO]:  KiCad Symbol Converter: Generating DeviceSet: '+3.3V' finished successfully
[2026-07-14 22:31:04,407][INFO]:  KiCad Symbol Converter: Converting KiCad symbol: 'power:+3.3V' finished successfully
[2026-07-14 22:31:04,407][INFO]:  KiCad Symbol Converter: Converting KiCad symbol: 'power:+5V'
[2026-07-14 22:31:04,407][INFO]:  KiCad Symbol Converter: Generating DeviceSet: '+5V'
[2026-07-14 22:31:04,407][INFO]:  KiCad Symbol Converter: Generating DeviceSet: '+5V' finished successfully
[2026-07-14 22:31:04,407][INFO]:  KiCad Symbol Converter: Converting KiCad symbol: 'power:+5V' finished successfully
[2026-07-14 22:31:04,407][INFO]:  KiCad Symbol Converter: Converting KiCad symbol: 'power:GND'
[2026-07-14 22:31:04,407][INFO]:  KiCad Symbol Converter: Generating DeviceSet: 'GND'
[2026-07-14 22:31:04,407][INFO]:  KiCad Symbol Converter: Generating DeviceSet: 'GND' finished successfully
[2026-07-14 22:31:04,407][INFO]:  KiCad Symbol Converter: Converting KiCad symbol: 'power:GND' finished successfully
[2026-07-14 22:31:04,407][INFO]:  KiCad Symbol Converter: Converting KiCad symbol: 'power:PWR_FLAG'
[2026-07-14 22:31:04,407][INFO]:  KiCad Symbol Converter: Generating DeviceSet: 'PWR_FLAG'
[2026-07-14 22:31:04,407][INFO]:  KiCad Symbol Converter: Generating DeviceSet: 'PWR_FLAG' finished successfully
[2026-07-14 22:31:04,408][INFO]:  KiCad Symbol Converter: Converting KiCad symbol: 'power:PWR_FLAG' finished successfully
[2026-07-14 22:31:04,408][INFO]:  KiCad Symbol Converter: Converting KiCad symbol: 'power:VBUS'
[2026-07-14 22:31:04,408][INFO]:  KiCad Symbol Converter: Generating DeviceSet: 'VBUS'
[2026-07-14 22:31:04,408][INFO]:  KiCad Symbol Converter: Generating DeviceSet: 'VBUS' finished successfully
[2026-07-14 22:31:04,408][INFO]:  KiCad Symbol Converter: Converting KiCad symbol: 'power:VBUS' finished successfully
[2026-07-14 22:31:04,408][INFO]:  Converted 55 schematic symbols
[2026-07-14 22:31:04,521][INFO]:  KiCad Schematic Converter: Attribute name 'Description' from line 20046 need to be changed to 'DESCRIPTION'
[2026-07-14 22:31:04,522][INFO]:  KiCad Schematic Converter: Attribute name 'Description' from line 20123 need to be changed to 'DESCRIPTION'
[2026-07-14 22:31:04,523][INFO]:  KiCad Schematic Converter: Attribute name 'Footprint' from line 20178 need to be changed to 'FOOTPRINT'
[2026-07-14 22:31:04,523][INFO]:  KiCad Schematic Converter: Attribute name 'Description' from line 20200 need to be changed to 'DESCRIPTION'
[2026-07-14 22:31:04,523][WARN]:  KiCad Schematic Converter: Generating net stub for unconnected implicit pin 'VSS' of part 'LED17' connected to net 'VSS'
[2026-07-14 22:31:04,525][INFO]:  KiCad Schematic Converter: Attribute name 'Description' from line 20286 need to be changed to 'DESCRIPTION'
[2026-07-14 22:31:04,525][INFO]:  KiCad Schematic Converter: Attribute name 'Description' from line 20363 need to be changed to 'DESCRIPTION'
[2026-07-14 22:31:04,526][INFO]:  KiCad Schematic Converter: Attribute name 'Description' from line 20440 need to be changed to 'DESCRIPTION'
[2026-07-14 22:31:04,526][INFO]:  KiCad Schematic Converter: Attribute name 'Footprint' from line 20498 need to be changed to 'FOOTPRINT'
[2026-07-14 22:31:04,526][INFO]:  KiCad Schematic Converter: Attribute name 'Description' from line 20520 need to be changed to 'DESCRIPTION'
[2026-07-14 22:31:04,527][INFO]:  KiCad Schematic Converter: Attribute name 'Description' from line 20594 need to be changed to 'DESCRIPTION'
[2026-07-14 22:31:04,528][INFO]:  KiCad Schematic Converter: Attribute name 'Footprint' from line 20654 need to be changed to 'FOOTPRINT'
[2026-07-14 22:31:04,528][INFO]:  KiCad Schematic Converter: Attribute name 'Description' from line 20676 need to be changed to 'DESCRIPTION'
[2026-07-14 22:31:04,529][INFO]:  KiCad Schematic Converter: Attribute name 'Description' from line 20778 need to be changed to 'DESCRIPTION'
[2026-07-14 22:31:04,530][INFO]:  KiCad Schematic Converter: Attribute name 'Footprint' from line 20834 need to be changed to 'FOOTPRINT'
[2026-07-14 22:31:04,531][INFO]:  KiCad Schematic Converter: Attribute name 'Footprint' from line 20936 need to be changed to 'FOOTPRINT'
[2026-07-14 22:31:04,531][INFO]:  KiCad Schematic Converter: Attribute name 'Description' from line 20958 need to be changed to 'DESCRIPTION'
[2026-07-14 22:31:04,534][INFO]:  KiCad Schematic Converter: Attribute name 'Footprint' from line 21059 need to be changed to 'FOOTPRINT'
[2026-07-14 22:31:04,535][INFO]:  KiCad Schematic Converter: Attribute name 'Footprint' from line 21163 need to be changed to 'FOOTPRINT'
[2026-07-14 22:31:04,536][INFO]:  KiCad Schematic Converter: Attribute name 'Footprint' from line 21268 need to be changed to 'FOOTPRINT'
[2026-07-14 22:31:04,536][INFO]:  KiCad Schematic Converter: Attribute name 'Description' from line 21393 need to be changed to 'DESCRIPTION'
[2026-07-14 22:31:04,537][INFO]:  KiCad Schematic Converter: Attribute name 'Footprint' from line 21450 need to be changed to 'FOOTPRINT'
[2026-07-14 22:31:04,539][INFO]:  KiCad Schematic Converter: Attribute name 'Footprint' from line 21558 need to be changed to 'FOOTPRINT'
[2026-07-14 22:31:04,539][INFO]:  KiCad Schematic Converter: Attribute name 'Description' from line 21580 need to be changed to 'DESCRIPTION'
[2026-07-14 22:31:04,540][INFO]:  KiCad Schematic Converter: Attribute name 'Footprint' from line 21665 need to be changed to 'FOOTPRINT'
[2026-07-14 22:31:04,540][INFO]:  KiCad Schematic Converter: Attribute name 'Description' from line 21687 need to be changed to 'DESCRIPTION'
[2026-07-14 22:31:04,541][INFO]:  KiCad Schematic Converter: Attribute name 'Footprint' from line 21768 need to be changed to 'FOOTPRINT'
[2026-07-14 22:31:04,542][INFO]:  KiCad Schematic Converter: Attribute name 'Description' from line 21893 need to be changed to 'DESCRIPTION'
[2026-07-14 22:31:04,542][INFO]:  KiCad Schematic Converter: Attribute name 'Description' from line 21970 need to be changed to 'DESCRIPTION'
[2026-07-14 22:31:04,543][INFO]:  KiCad Schematic Converter: Attribute name 'Description' from line 22047 need to be changed to 'DESCRIPTION'
[2026-07-14 22:31:04,543][INFO]:  KiCad Schematic Converter: Attribute name 'Description' from line 22124 need to be changed to 'DESCRIPTION'
[2026-07-14 22:31:04,545][INFO]:  KiCad Schematic Converter: Attribute name 'Description' from line 22201 need to be changed to 'DESCRIPTION'
[2026-07-14 22:31:04,546][INFO]:  KiCad Schematic Converter: Attribute name 'Description' from line 22278 need to be changed to 'DESCRIPTION'
[2026-07-14 22:31:04,546][INFO]:  KiCad Schematic Converter: Attribute name 'Description' from line 22355 need to be changed to 'DESCRIPTION'
[2026-07-14 22:31:04,547][INFO]:  KiCad Schematic Converter: Attribute name 'Footprint' from line 22413 need to be changed to 'FOOTPRINT'
[2026-07-14 22:31:04,549][INFO]:  KiCad Schematic Converter: Attribute name 'Footprint' from line 22519 need to be changed to 'FOOTPRINT'
[2026-07-14 22:31:04,550][INFO]:  KiCad Schematic Converter: Attribute name 'Footprint' from line 22621 need to be changed to 'FOOTPRINT'
[2026-07-14 22:31:04,551][INFO]:  KiCad Schematic Converter: Attribute name 'Footprint' from line 22726 need to be changed to 'FOOTPRINT'
[2026-07-14 22:31:04,552][INFO]:  KiCad Schematic Converter: Attribute name 'Footprint' from line 22828 need to be changed to 'FOOTPRINT'
[2026-07-14 22:31:04,553][INFO]:  KiCad Schematic Converter: Attribute name 'Description' from line 22953 need to be changed to 'DESCRIPTION'
[2026-07-14 22:31:04,554][INFO]:  KiCad Schematic Converter: Attribute name 'Description' from line 23031 need to be changed to 'DESCRIPTION'
[2026-07-14 22:31:04,556][INFO]:  KiCad Schematic Converter: Attribute name 'Footprint' from line 23087 need to be changed to 'FOOTPRINT'
[2026-07-14 22:31:04,557][INFO]:  KiCad Schematic Converter: Attribute name 'Description' from line 23221 need to be changed to 'DESCRIPTION'
[2026-07-14 22:31:04,558][INFO]:  KiCad Schematic Converter: Attribute name 'Description' from line 23298 need to be changed to 'DESCRIPTION'
[2026-07-14 22:31:04,559][INFO]:  KiCad Schematic Converter: Attribute name 'Footprint' from line 23353 need to be changed to 'FOOTPRINT'
[2026-07-14 22:31:04,559][INFO]:  KiCad Schematic Converter: Attribute name 'Description' from line 23375 need to be changed to 'DESCRIPTION'
[2026-07-14 22:31:04,560][INFO]:  KiCad Schematic Converter: Attribute name 'Footprint' from line 23439 need to be changed to 'FOOTPRINT'
[2026-07-14 22:31:04,560][INFO]:  KiCad Schematic Converter: Attribute name 'Description' from line 23461 need to be changed to 'DESCRIPTION'
[2026-07-14 22:31:04,561][INFO]:  KiCad Schematic Converter: Attribute name 'Description' from line 23547 need to be changed to 'DESCRIPTION'
[2026-07-14 22:31:04,561][INFO]:  KiCad Schematic Converter: Attribute name 'Footprint' from line 23604 need to be changed to 'FOOTPRINT'
[2026-07-14 22:31:04,562][INFO]:  KiCad Schematic Converter: Attribute name 'Description' from line 23706 need to be changed to 'DESCRIPTION'
[2026-07-14 22:31:04,564][INFO]:  KiCad Schematic Converter: Attribute name 'Footprint' from line 23761 need to be changed to 'FOOTPRINT'
[2026-07-14 22:31:04,564][INFO]:  KiCad Schematic Converter: Attribute name 'Description' from line 23784 need to be changed to 'DESCRIPTION'
[2026-07-14 22:31:04,566][INFO]:  KiCad Schematic Converter: Attribute name 'Footprint' from line 23882 need to be changed to 'FOOTPRINT'
[2026-07-14 22:31:04,566][INFO]:  KiCad Schematic Converter: Attribute name 'Description' from line 23904 need to be changed to 'DESCRIPTION'
[2026-07-14 22:31:04,566][INFO]:  KiCad Schematic Converter: Attribute name 'Footprint' from line 23984 need to be changed to 'FOOTPRINT'
[2026-07-14 22:31:04,567][INFO]:  KiCad Schematic Converter: Attribute name 'Description' from line 24006 need to be changed to 'DESCRIPTION'
[2026-07-14 22:31:04,567][INFO]:  KiCad Schematic Converter: Attribute name 'Description' from line 24093 need to be changed to 'DESCRIPTION'
[2026-07-14 22:31:04,568][INFO]:  KiCad Schematic Converter: Attribute name 'Description' from line 24170 need to be changed to 'DESCRIPTION'
[2026-07-14 22:31:04,569][INFO]:  KiCad Schematic Converter: Attribute name 'Description' from line 24247 need to be changed to 'DESCRIPTION'
[2026-07-14 22:31:04,570][INFO]:  KiCad Schematic Converter: Attribute name 'Footprint' from line 24304 need to be changed to 'FOOTPRINT'
[2026-07-14 22:31:04,571][INFO]:  KiCad Schematic Converter: Attribute name 'Footprint' from line 24409 need to be changed to 'FOOTPRINT'
[2026-07-14 22:31:04,573][INFO]:  KiCad Schematic Converter: Attribute name 'Footprint' from line 24492 need to be changed to 'FOOTPRINT'
[2026-07-14 22:31:04,573][INFO]:  KiCad Schematic Converter: Attribute name 'Footprint' from line 24574 need to be changed to 'FOOTPRINT'
[2026-07-14 22:31:04,575][INFO]:  KiCad Schematic Converter: Attribute name 'Description' from line 24676 need to be changed to 'DESCRIPTION'
[2026-07-14 22:31:04,576][INFO]:  KiCad Schematic Converter: Attribute name 'Description' from line 24753 need to be changed to 'DESCRIPTION'
[2026-07-14 22:31:04,577][INFO]:  KiCad Schematic Converter: Attribute name 'Footprint' from line 24810 need to be changed to 'FOOTPRINT'
[2026-07-14 22:31:04,578][INFO]:  KiCad Schematic Converter: Attribute name 'Footprint' from line 24891 need to be changed to 'FOOTPRINT'
[2026-07-14 22:31:04,578][INFO]:  KiCad Schematic Converter: Attribute name 'Description' from line 25016 need to be changed to 'DESCRIPTION'
[2026-07-14 22:31:04,579][INFO]:  KiCad Schematic Converter: Attribute name 'Description' from line 25094 need to be changed to 'DESCRIPTION'
[2026-07-14 22:31:04,579][INFO]:  KiCad Schematic Converter: Attribute name 'Description' from line 25171 need to be changed to 'DESCRIPTION'
[2026-07-14 22:31:04,580][INFO]:  KiCad Schematic Converter: Attribute name 'Footprint' from line 25227 need to be changed to 'FOOTPRINT'
[2026-07-14 22:31:04,581][INFO]:  KiCad Schematic Converter: Attribute name 'Footprint' from line 25330 need to be changed to 'FOOTPRINT'
[2026-07-14 22:31:04,581][INFO]:  KiCad Schematic Converter: Attribute name 'Description' from line 25352 need to be changed to 'DESCRIPTION'
[2026-07-14 22:31:04,582][INFO]:  KiCad Schematic Converter: Attribute name 'Description' from line 25438 need to be changed to 'DESCRIPTION'
[2026-07-14 22:31:04,583][INFO]:  KiCad Schematic Converter: Attribute name 'Description' from line 25515 need to be changed to 'DESCRIPTION'
[2026-07-14 22:31:04,584][INFO]:  KiCad Schematic Converter: Attribute name 'Footprint' from line 25571 need to be changed to 'FOOTPRINT'
[2026-07-14 22:31:04,585][INFO]:  KiCad Schematic Converter: Attribute name 'Footprint' from line 25674 need to be changed to 'FOOTPRINT'
[2026-07-14 22:31:04,586][INFO]:  KiCad Schematic Converter: Attribute name 'Description' from line 25696 need to be changed to 'DESCRIPTION'
[2026-07-14 22:31:04,587][WARN]:  KiCad Schematic Converter: Generating net stub for unconnected implicit pin 'VSS' of part 'B_LED1' connected to net 'VSS'
[2026-07-14 22:31:04,587][INFO]:  KiCad Schematic Converter: Attribute name 'Description' from line 25782 need to be changed to 'DESCRIPTION'
[2026-07-14 22:31:04,589][INFO]:  KiCad Schematic Converter: Attribute name 'Description' from line 25859 need to be changed to 'DESCRIPTION'
[2026-07-14 22:31:04,589][INFO]:  KiCad Schematic Converter: Attribute name 'Description' from line 25936 need to be changed to 'DESCRIPTION'
[2026-07-14 22:31:04,590][INFO]:  KiCad Schematic Converter: Attribute name 'Footprint' from line 25996 need to be changed to 'FOOTPRINT'
[2026-07-14 22:31:04,591][INFO]:  KiCad Schematic Converter: Attribute name 'Description' from line 26018 need to be changed to 'DESCRIPTION'
[2026-07-14 22:31:04,592][INFO]:  KiCad Schematic Converter: Attribute name 'Description' from line 26120 need to be changed to 'DESCRIPTION'
[2026-07-14 22:31:04,593][INFO]:  KiCad Schematic Converter: Attribute name 'Footprint' from line 26177 need to be changed to 'FOOTPRINT'
[2026-07-14 22:31:04,595][INFO]:  KiCad Schematic Converter: Attribute name 'Description' from line 26302 need to be changed to 'DESCRIPTION'
[2026-07-14 22:31:04,596][INFO]:  KiCad Schematic Converter: Attribute name 'Footprint' from line 26362 need to be changed to 'FOOTPRINT'
[2026-07-14 22:31:04,596][INFO]:  KiCad Schematic Converter: Attribute name 'Description' from line 26384 need to be changed to 'DESCRIPTION'
[2026-07-14 22:31:04,596][INFO]:  KiCad Schematic Converter: Attribute name 'Description' from line 26486 need to be changed to 'DESCRIPTION'
[2026-07-14 22:31:04,597][INFO]:  KiCad Schematic Converter: Attribute name 'Description' from line 26563 need to be changed to 'DESCRIPTION'
[2026-07-14 22:31:04,598][INFO]:  KiCad Schematic Converter: Attribute name 'Footprint' from line 26619 need to be changed to 'FOOTPRINT'
[2026-07-14 22:31:04,599][INFO]:  KiCad Schematic Converter: Attribute name 'Footprint' from line 26724 need to be changed to 'FOOTPRINT'
[2026-07-14 22:31:04,599][INFO]:  KiCad Schematic Converter: Attribute name 'Description' from line 26746 need to be changed to 'DESCRIPTION'
[2026-07-14 22:31:04,599][INFO]:  KiCad Schematic Converter: Attribute name 'Footprint' from line 26803 need to be changed to 'FOOTPRINT'
[2026-07-14 22:31:04,601][INFO]:  KiCad Schematic Converter: Attribute name 'Footprint' from line 26883 need to be changed to 'FOOTPRINT'
[2026-07-14 22:31:04,601][INFO]:  KiCad Schematic Converter: Attribute name 'Description' from line 26905 need to be changed to 'DESCRIPTION'
[2026-07-14 22:31:04,602][INFO]:  KiCad Schematic Converter: Attribute name 'Footprint' from line 26970 need to be changed to 'FOOTPRINT'
[2026-07-14 22:31:04,602][INFO]:  KiCad Schematic Converter: Attribute name 'Description' from line 26992 need to be changed to 'DESCRIPTION'
[2026-07-14 22:31:04,602][INFO]:  KiCad Schematic Converter: Attribute name 'Footprint' from line 27044 need to be changed to 'FOOTPRINT'
[2026-07-14 22:31:04,602][INFO]:  KiCad Schematic Converter: Attribute name 'Description' from line 27066 need to be changed to 'DESCRIPTION'
[2026-07-14 22:31:04,603][INFO]:  KiCad Schematic Converter: Attribute name 'Description' from line 27152 need to be changed to 'DESCRIPTION'
[2026-07-14 22:31:04,603][INFO]:  KiCad Schematic Converter: Attribute name 'Description' from line 27229 need to be changed to 'DESCRIPTION'
[2026-07-14 22:31:04,605][INFO]:  KiCad Schematic Converter: Attribute name 'Description' from line 27306 need to be changed to 'DESCRIPTION'
[2026-07-14 22:31:04,607][INFO]:  KiCad Schematic Converter: Attribute name 'Footprint' from line 27365 need to be changed to 'FOOTPRINT'
[2026-07-14 22:31:04,607][INFO]:  KiCad Schematic Converter: Attribute name 'Description' from line 27387 need to be changed to 'DESCRIPTION'
[2026-07-14 22:31:04,608][INFO]:  KiCad Schematic Converter: Attribute name 'Description' from line 27489 need to be changed to 'DESCRIPTION'
[2026-07-14 22:31:04,609][INFO]:  KiCad Schematic Converter: Attribute name 'Footprint' from line 27546 need to be changed to 'FOOTPRINT'
[2026-07-14 22:31:04,610][INFO]:  KiCad Schematic Converter: Attribute name 'Footprint' from line 27627 need to be changed to 'FOOTPRINT'
[2026-07-14 22:31:04,610][INFO]:  KiCad Schematic Converter: Attribute name 'Description' from line 27649 need to be changed to 'DESCRIPTION'
[2026-07-14 22:31:04,612][INFO]:  KiCad Schematic Converter: Attribute name 'Footprint' from line 27713 need to be changed to 'FOOTPRINT'
[2026-07-14 22:31:04,612][INFO]:  KiCad Schematic Converter: Attribute name 'Description' from line 27735 need to be changed to 'DESCRIPTION'
[2026-07-14 22:31:04,613][WARN]:  KiCad Schematic Converter: Generating net stub for unconnected implicit pin 'VSS' of part 'LED20' connected to net 'VSS'
[2026-07-14 22:31:04,614][INFO]:  KiCad Schematic Converter: Attribute name 'Footprint' from line 27801 need to be changed to 'FOOTPRINT'
[2026-07-14 22:31:04,615][WARN]:  KiCad Schematic Converter: Generating net stub for unconnected implicit pin 'GND' of part 'U2' connected to net 'GND'
[2026-07-14 22:31:04,616][INFO]:  KiCad Schematic Converter: Attribute name 'Description' from line 27918 need to be changed to 'DESCRIPTION'
[2026-07-14 22:31:04,617][INFO]:  KiCad Schematic Converter: Attribute name 'Footprint' from line 27974 need to be changed to 'FOOTPRINT'
[2026-07-14 22:31:04,617][INFO]:  KiCad Schematic Converter: Attribute name 'Description' from line 27996 need to be changed to 'DESCRIPTION'
[2026-07-14 22:31:04,618][INFO]:  KiCad Schematic Converter: Attribute name 'Description' from line 28082 need to be changed to 'DESCRIPTION'
[2026-07-14 22:31:04,619][INFO]:  KiCad Schematic Converter: Attribute name 'Footprint' from line 28138 need to be changed to 'FOOTPRINT'
[2026-07-14 22:31:04,620][INFO]:  KiCad Schematic Converter: Attribute name 'Description' from line 28263 need to be changed to 'DESCRIPTION'
[2026-07-14 22:31:04,620][INFO]:  KiCad Schematic Converter: Attribute name 'Description' from line 28340 need to be changed to 'DESCRIPTION'
[2026-07-14 22:31:04,622][INFO]:  KiCad Schematic Converter: Attribute name 'Footprint' from line 28398 need to be changed to 'FOOTPRINT'
[2026-07-14 22:31:04,623][INFO]:  KiCad Schematic Converter: Attribute name 'Description' from line 28523 need to be changed to 'DESCRIPTION'
[2026-07-14 22:31:04,624][INFO]:  KiCad Schematic Converter: Attribute name 'Description' from line 28600 need to be changed to 'DESCRIPTION'
[2026-07-14 22:31:04,627][INFO]:  KiCad Schematic Converter: Attribute name 'Footprint' from line 28657 need to be changed to 'FOOTPRINT'
[2026-07-14 22:31:04,627][INFO]:  KiCad Schematic Converter: Attribute name 'Datasheet' from line 28668 need to be changed to 'DATASHEET'
[2026-07-14 22:31:04,627][INFO]:  KiCad Schematic Converter: Attribute name 'Description' from line 28679 need to be changed to 'DESCRIPTION'
[2026-07-14 22:31:04,627][INFO]:  KiCad Schematic Converter: Attribute name 'private' from line 28690 need to be changed to 'PRIVATE'
[2026-07-14 22:31:04,627][INFO]:  KiCad Schematic Converter: Attribute name 'private' from line 28701 need to be changed to 'PRIVATE'
[2026-07-14 22:31:04,637][INFO]:  KiCad Schematic Converter: Attribute name 'Description' from line 28968 need to be changed to 'DESCRIPTION'
[2026-07-14 22:31:04,639][INFO]:  KiCad Schematic Converter: Attribute name 'Description' from line 29045 need to be changed to 'DESCRIPTION'
[2026-07-14 22:31:04,641][INFO]:  KiCad Schematic Converter: Attribute name 'Footprint' from line 29105 need to be changed to 'FOOTPRINT'
[2026-07-14 22:31:04,641][INFO]:  KiCad Schematic Converter: Attribute name 'Description' from line 29127 need to be changed to 'DESCRIPTION'
[2026-07-14 22:31:04,643][INFO]:  KiCad Schematic Converter: Attribute name 'Footprint' from line 29207 need to be changed to 'FOOTPRINT'
[2026-07-14 22:31:04,643][INFO]:  KiCad Schematic Converter: Attribute name 'Description' from line 29229 need to be changed to 'DESCRIPTION'
[2026-07-14 22:31:04,644][INFO]:  KiCad Schematic Converter: Attribute name 'Footprint' from line 29295 need to be changed to 'FOOTPRINT'
[2026-07-14 22:31:04,646][INFO]:  KiCad Schematic Converter: Attribute name 'Description' from line 29398 need to be changed to 'DESCRIPTION'
[2026-07-14 22:31:04,647][INFO]:  KiCad Schematic Converter: Attribute name 'Footprint' from line 29453 need to be changed to 'FOOTPRINT'
[2026-07-14 22:31:04,648][INFO]:  KiCad Schematic Converter: Attribute name 'Datasheet' from line 29464 need to be changed to 'DATASHEET'
[2026-07-14 22:31:04,648][INFO]:  KiCad Schematic Converter: Attribute name 'Description' from line 29475 need to be changed to 'DESCRIPTION'
[2026-07-14 22:31:04,650][INFO]:  KiCad Schematic Converter: Attribute name 'Description' from line 29586 need to be changed to 'DESCRIPTION'
[2026-07-14 22:31:04,650][INFO]:  KiCad Schematic Converter: Attribute name 'Description' from line 29664 need to be changed to 'DESCRIPTION'
[2026-07-14 22:31:04,651][INFO]:  KiCad Schematic Converter: Attribute name 'Description' from line 29741 need to be changed to 'DESCRIPTION'
[2026-07-14 22:31:04,652][INFO]:  KiCad Schematic Converter: Attribute name 'Description' from line 29819 need to be changed to 'DESCRIPTION'
[2026-07-14 22:31:04,652][INFO]:  KiCad Schematic Converter: Attribute name 'Footprint' from line 29877 need to be changed to 'FOOTPRINT'
[2026-07-14 22:31:04,654][INFO]:  KiCad Schematic Converter: Attribute name 'Description' from line 29979 need to be changed to 'DESCRIPTION'
[2026-07-14 22:31:04,656][INFO]:  KiCad Schematic Converter: Attribute name 'Footprint' from line 30035 need to be changed to 'FOOTPRINT'
[2026-07-14 22:31:04,659][INFO]:  KiCad Schematic Converter: Attribute name 'Footprint' from line 30139 need to be changed to 'FOOTPRINT'
[2026-07-14 22:31:04,660][INFO]:  KiCad Schematic Converter: Attribute name 'Footprint' from line 30244 need to be changed to 'FOOTPRINT'
[2026-07-14 22:31:04,660][INFO]:  KiCad Schematic Converter: Attribute name 'Description' from line 30266 need to be changed to 'DESCRIPTION'
[2026-07-14 22:31:04,661][INFO]:  KiCad Schematic Converter: Attribute name 'Footprint' from line 30319 need to be changed to 'FOOTPRINT'
[2026-07-14 22:31:04,662][INFO]:  KiCad Schematic Converter: Attribute name 'Description' from line 30444 need to be changed to 'DESCRIPTION'
[2026-07-14 22:31:04,664][INFO]:  KiCad Schematic Converter: Attribute name 'Footprint' from line 30501 need to be changed to 'FOOTPRINT'
[2026-07-14 22:31:04,666][INFO]:  KiCad Schematic Converter: Attribute name 'Footprint' from line 30605 need to be changed to 'FOOTPRINT'
[2026-07-14 22:31:04,666][INFO]:  KiCad Schematic Converter: Attribute name 'Description' from line 30627 need to be changed to 'DESCRIPTION'
[2026-07-14 22:31:04,666][INFO]:  KiCad Schematic Converter: Attribute name 'Description' from line 30701 need to be changed to 'DESCRIPTION'
[2026-07-14 22:31:04,668][INFO]:  KiCad Schematic Converter: Attribute name 'Footprint' from line 30755 need to be changed to 'FOOTPRINT'
[2026-07-14 22:31:04,669][INFO]:  KiCad Schematic Converter: Attribute name 'Description' from line 30880 need to be changed to 'DESCRIPTION'
[2026-07-14 22:31:04,670][INFO]:  KiCad Schematic Converter: Attribute name 'Footprint' from line 30937 need to be changed to 'FOOTPRINT'
[2026-07-14 22:31:04,672][INFO]:  KiCad Schematic Converter: Attribute name 'Description' from line 31062 need to be changed to 'DESCRIPTION'
[2026-07-14 22:31:04,673][INFO]:  KiCad Schematic Converter: Attribute name 'Description' from line 31139 need to be changed to 'DESCRIPTION'
[2026-07-14 22:31:04,673][INFO]:  KiCad Schematic Converter: Attribute name 'Description' from line 31217 need to be changed to 'DESCRIPTION'
[2026-07-14 22:31:04,675][INFO]:  KiCad Schematic Converter: Attribute name 'Description' from line 31294 need to be changed to 'DESCRIPTION'
[2026-07-14 22:31:04,676][INFO]:  KiCad Schematic Converter: Attribute name 'Footprint' from line 31351 need to be changed to 'FOOTPRINT'
[2026-07-14 22:31:04,678][INFO]:  KiCad Schematic Converter: Attribute name 'Footprint' from line 31454 need to be changed to 'FOOTPRINT'
[2026-07-14 22:31:04,678][INFO]:  KiCad Schematic Converter: Attribute name 'Description' from line 31476 need to be changed to 'DESCRIPTION'
[2026-07-14 22:31:04,682][WARN]:  KiCad Schematic Converter: Generating net stub for unconnected implicit pin 'VSS' of part 'LED21' connected to net 'VSS'
[2026-07-14 22:31:04,682][INFO]:  KiCad Schematic Converter: Attribute name 'Footprint' from line 31541 need to be changed to 'FOOTPRINT'
[2026-07-14 22:31:04,683][INFO]:  KiCad Schematic Converter: Attribute name 'Description' from line 31644 need to be changed to 'DESCRIPTION'
[2026-07-14 22:31:04,684][INFO]:  KiCad Schematic Converter: Attribute name 'Footprint' from line 31699 need to be changed to 'FOOTPRINT'
[2026-07-14 22:31:04,684][INFO]:  KiCad Schematic Converter: Attribute name 'Description' from line 31721 need to be changed to 'DESCRIPTION'
[2026-07-14 22:31:04,686][INFO]:  KiCad Schematic Converter: Attribute name 'Footprint' from line 31784 need to be changed to 'FOOTPRINT'
[2026-07-14 22:31:04,686][INFO]:  KiCad Schematic Converter: Attribute name 'Footprint' from line 31892 need to be changed to 'FOOTPRINT'
[2026-07-14 22:31:04,687][INFO]:  KiCad Schematic Converter: Attribute name 'Description' from line 31914 need to be changed to 'DESCRIPTION'
[2026-07-14 22:31:04,690][INFO]:  KiCad Schematic Converter: Attribute name 'Footprint' from line 31996 need to be changed to 'FOOTPRINT'
[2026-07-14 22:31:04,691][INFO]:  KiCad Schematic Converter: Attribute name 'Description' from line 32121 need to be changed to 'DESCRIPTION'
[2026-07-14 22:31:04,691][INFO]:  KiCad Schematic Converter: Attribute name 'Footprint' from line 32176 need to be changed to 'FOOTPRINT'
[2026-07-14 22:31:04,692][INFO]:  KiCad Schematic Converter: Attribute name 'Description' from line 32198 need to be changed to 'DESCRIPTION'
[2026-07-14 22:31:04,692][INFO]:  KiCad Schematic Converter: Attribute name 'Description' from line 32284 need to be changed to 'DESCRIPTION'
[2026-07-14 22:31:04,693][INFO]:  KiCad Schematic Converter: Attribute name 'Description' from line 32362 need to be changed to 'DESCRIPTION'
[2026-07-14 22:31:04,695][INFO]:  KiCad Schematic Converter: Attribute name 'Footprint' from line 32419 need to be changed to 'FOOTPRINT'
[2026-07-14 22:31:04,696][INFO]:  KiCad Schematic Converter: Attribute name 'Description' from line 32521 need to be changed to 'DESCRIPTION'
[2026-07-14 22:31:04,697][INFO]:  KiCad Schematic Converter: Attribute name 'Description' from line 32598 need to be changed to 'DESCRIPTION'
[2026-07-14 22:31:04,698][INFO]:  KiCad Schematic Converter: Attribute name 'Description' from line 32676 need to be changed to 'DESCRIPTION'
[2026-07-14 22:31:04,699][INFO]:  KiCad Schematic Converter: Attribute name 'Description' from line 32753 need to be changed to 'DESCRIPTION'
[2026-07-14 22:31:04,700][INFO]:  KiCad Schematic Converter: Attribute name 'Footprint' from line 32810 need to be changed to 'FOOTPRINT'
[2026-07-14 22:31:04,703][INFO]:  KiCad Schematic Converter: Attribute name 'Footprint' from line 32912 need to be changed to 'FOOTPRINT'
[2026-07-14 22:31:04,703][INFO]:  KiCad Schematic Converter: Attribute name 'Description' from line 32934 need to be changed to 'DESCRIPTION'
[2026-07-14 22:31:04,703][INFO]:  KiCad Schematic Converter: Attribute name 'Footprint' from line 32994 need to be changed to 'FOOTPRINT'
[2026-07-14 22:31:04,703][INFO]:  KiCad Schematic Converter: Attribute name 'Description' from line 33016 need to be changed to 'DESCRIPTION'
[2026-07-14 22:31:04,705][INFO]:  KiCad Schematic Converter: Attribute name 'Footprint' from line 33073 need to be changed to 'FOOTPRINT'
[2026-07-14 22:31:04,707][INFO]:  KiCad Schematic Converter: Attribute name 'Footprint' from line 33181 need to be changed to 'FOOTPRINT'
[2026-07-14 22:31:04,707][INFO]:  KiCad Schematic Converter: Attribute name 'Description' from line 33203 need to be changed to 'DESCRIPTION'
[2026-07-14 22:31:04,710][INFO]:  KiCad Schematic Converter: Attribute name 'Footprint' from line 33288 need to be changed to 'FOOTPRINT'
[2026-07-14 22:31:04,710][INFO]:  KiCad Schematic Converter: Attribute name 'Description' from line 33310 need to be changed to 'DESCRIPTION'
[2026-07-14 22:31:04,712][INFO]:  KiCad Schematic Converter: Attribute name 'Footprint' from line 33392 need to be changed to 'FOOTPRINT'
[2026-07-14 22:31:04,715][INFO]:  KiCad Schematic Converter: Attribute name 'Description' from line 33494 need to be changed to 'DESCRIPTION'
[2026-07-14 22:31:04,716][INFO]:  KiCad Schematic Converter: Attribute name 'Footprint' from line 33549 need to be changed to 'FOOTPRINT'
[2026-07-14 22:31:04,716][INFO]:  KiCad Schematic Converter: Attribute name 'Description' from line 33571 need to be changed to 'DESCRIPTION'
[2026-07-14 22:31:04,717][INFO]:  KiCad Schematic Converter: Attribute name 'Description' from line 33658 need to be changed to 'DESCRIPTION'
[2026-07-14 22:31:04,718][INFO]:  KiCad Schematic Converter: Attribute name 'Footprint' from line 33714 need to be changed to 'FOOTPRINT'
[2026-07-14 22:31:04,718][INFO]:  KiCad Schematic Converter: Attribute name 'Description' from line 33736 need to be changed to 'DESCRIPTION'
[2026-07-14 22:31:04,719][INFO]:  KiCad Schematic Converter: Attribute name 'Footprint' from line 33789 need to be changed to 'FOOTPRINT'
[2026-07-14 22:31:04,720][INFO]:  KiCad Schematic Converter: Attribute name 'Description' from line 33914 need to be changed to 'DESCRIPTION'
[2026-07-14 22:31:04,722][INFO]:  KiCad Schematic Converter: Attribute name 'Footprint' from line 33970 need to be changed to 'FOOTPRINT'
[2026-07-14 22:31:04,723][INFO]:  KiCad Schematic Converter: Attribute name 'Description' from line 34095 need to be changed to 'DESCRIPTION'
[2026-07-14 22:31:04,724][INFO]:  KiCad Schematic Converter: Attribute name 'Description' from line 34172 need to be changed to 'DESCRIPTION'
[2026-07-14 22:31:04,725][INFO]:  KiCad Schematic Converter: Attribute name 'Description' from line 34250 need to be changed to 'DESCRIPTION'
[2026-07-14 22:31:04,727][INFO]:  KiCad Schematic Converter: Attribute name 'Footprint' from line 34305 need to be changed to 'FOOTPRINT'
[2026-07-14 22:31:04,727][INFO]:  KiCad Schematic Converter: Attribute name 'Description' from line 34327 need to be changed to 'DESCRIPTION'
[2026-07-14 22:31:04,728][INFO]:  KiCad Schematic Converter: Attribute name 'Footprint' from line 34392 need to be changed to 'FOOTPRINT'
[2026-07-14 22:31:04,729][INFO]:  KiCad Schematic Converter: Attribute name 'Description' from line 34517 need to be changed to 'DESCRIPTION'
[2026-07-14 22:31:04,730][INFO]:  KiCad Schematic Converter: Attribute name 'Footprint' from line 34574 need to be changed to 'FOOTPRINT'
[2026-07-14 22:31:04,730][INFO]:  KiCad Schematic Converter: Attribute name 'Description' from line 34596 need to be changed to 'DESCRIPTION'
[2026-07-14 22:31:04,730][INFO]:  KiCad Schematic Converter: Attribute name 'Description' from line 34675 need to be changed to 'DESCRIPTION'
[2026-07-14 22:31:04,731][INFO]:  KiCad Schematic Converter: Attribute name 'Description' from line 34753 need to be changed to 'DESCRIPTION'
[2026-07-14 22:31:04,732][INFO]:  KiCad Schematic Converter: Attribute name 'Footprint' from line 34810 need to be changed to 'FOOTPRINT'
[2026-07-14 22:31:04,735][INFO]:  KiCad Schematic Converter: Attribute name 'Footprint' from line 34891 need to be changed to 'FOOTPRINT'
[2026-07-14 22:31:04,735][INFO]:  KiCad Schematic Converter: Attribute name 'Description' from line 34913 need to be changed to 'DESCRIPTION'
[2026-07-14 22:31:04,738][WARN]:  KiCad Schematic Converter: Generating net stub for unconnected implicit pin 'VSS' of part 'LED13' connected to net 'VSS'
[2026-07-14 22:31:04,738][INFO]:  KiCad Schematic Converter: Attribute name 'Description' from line 34999 need to be changed to 'DESCRIPTION'
[2026-07-14 22:31:04,741][INFO]:  KiCad Schematic Converter: Attribute name 'Footprint' from line 35053 need to be changed to 'FOOTPRINT'
[2026-07-14 22:31:04,741][INFO]:  KiCad Schematic Converter: Attribute name 'Footprint' from line 35157 need to be changed to 'FOOTPRINT'
[2026-07-14 22:31:04,743][INFO]:  KiCad Schematic Converter: Attribute name 'Footprint' from line 35260 need to be changed to 'FOOTPRINT'
[2026-07-14 22:31:04,743][INFO]:  KiCad Schematic Converter: Attribute name 'Description' from line 35385 need to be changed to 'DESCRIPTION'
[2026-07-14 22:31:04,744][INFO]:  KiCad Schematic Converter: Attribute name 'Description' from line 35462 need to be changed to 'DESCRIPTION'
[2026-07-14 22:31:04,746][INFO]:  KiCad Schematic Converter: Attribute name 'Description' from line 35539 need to be changed to 'DESCRIPTION'
[2026-07-14 22:31:04,748][INFO]:  KiCad Schematic Converter: Attribute name 'Footprint' from line 35594 need to be changed to 'FOOTPRINT'
[2026-07-14 22:31:04,748][INFO]:  KiCad Schematic Converter: Attribute name 'Description' from line 35617 need to be changed to 'DESCRIPTION'
[2026-07-14 22:31:04,750][INFO]:  KiCad Schematic Converter: Attribute name 'Footprint' from line 35706 need to be changed to 'FOOTPRINT'
[2026-07-14 22:31:04,750][INFO]:  KiCad Schematic Converter: Attribute name 'Description' from line 35728 need to be changed to 'DESCRIPTION'
[2026-07-14 22:31:04,751][INFO]:  KiCad Schematic Converter: Attribute name 'Description' from line 35830 need to be changed to 'DESCRIPTION'
[2026-07-14 22:31:04,753][INFO]:  KiCad Schematic Converter: Attribute name 'Description' from line 35908 need to be changed to 'DESCRIPTION'
[2026-07-14 22:31:04,756][INFO]:  KiCad Schematic Converter: Attribute name 'Footprint' from line 35963 need to be changed to 'FOOTPRINT'
[2026-07-14 22:31:04,756][INFO]:  KiCad Schematic Converter: Attribute name 'Description' from line 35985 need to be changed to 'DESCRIPTION'
[2026-07-14 22:31:04,757][INFO]:  KiCad Schematic Converter: Attribute name 'Description' from line 36071 need to be changed to 'DESCRIPTION'
[2026-07-14 22:31:04,758][INFO]:  KiCad Schematic Converter: Attribute name 'Description' from line 36148 need to be changed to 'DESCRIPTION'
[2026-07-14 22:31:04,761][INFO]:  KiCad Schematic Converter: Attribute name 'Footprint' from line 36205 need to be changed to 'FOOTPRINT'
[2026-07-14 22:31:04,762][INFO]:  KiCad Schematic Converter: Attribute name 'Description' from line 36307 need to be changed to 'DESCRIPTION'
[2026-07-14 22:31:04,763][INFO]:  KiCad Schematic Converter: Attribute name 'Description' from line 36384 need to be changed to 'DESCRIPTION'
[2026-07-14 22:31:04,765][INFO]:  KiCad Schematic Converter: Attribute name 'Description' from line 36461 need to be changed to 'DESCRIPTION'
[2026-07-14 22:31:04,766][INFO]:  KiCad Schematic Converter: Attribute name 'Footprint' from line 36521 need to be changed to 'FOOTPRINT'
[2026-07-14 22:31:04,766][INFO]:  KiCad Schematic Converter: Attribute name 'Description' from line 36543 need to be changed to 'DESCRIPTION'
[2026-07-14 22:31:04,768][INFO]:  KiCad Schematic Converter: Attribute name 'Footprint' from line 36624 need to be changed to 'FOOTPRINT'
[2026-07-14 22:31:04,769][INFO]:  KiCad Schematic Converter: Attribute name 'Datasheet' from line 36635 need to be changed to 'DATASHEET'
[2026-07-14 22:31:04,769][INFO]:  KiCad Schematic Converter: Attribute name 'Description' from line 36646 need to be changed to 'DESCRIPTION'
[2026-07-14 22:31:04,770][INFO]:  KiCad Schematic Converter: Attribute name 'Footprint' from line 36745 need to be changed to 'FOOTPRINT'
[2026-07-14 22:31:04,770][INFO]:  KiCad Schematic Converter: Attribute name 'Description' from line 36767 need to be changed to 'DESCRIPTION'
[2026-07-14 22:31:04,771][INFO]:  KiCad Schematic Converter: Attribute name 'Footprint' from line 36846 need to be changed to 'FOOTPRINT'
[2026-07-14 22:31:04,773][INFO]:  KiCad Schematic Converter: Attribute name 'Footprint' from line 36954 need to be changed to 'FOOTPRINT'
[2026-07-14 22:31:04,773][INFO]:  KiCad Schematic Converter: Attribute name 'Description' from line 36976 need to be changed to 'DESCRIPTION'
[2026-07-14 22:31:04,777][INFO]:  KiCad Schematic Converter: Attribute name 'Description' from line 37078 need to be changed to 'DESCRIPTION'
[2026-07-14 22:31:04,778][INFO]:  KiCad Schematic Converter: Attribute name 'Footprint' from line 37138 need to be changed to 'FOOTPRINT'
[2026-07-14 22:31:04,778][INFO]:  KiCad Schematic Converter: Attribute name 'Description' from line 37160 need to be changed to 'DESCRIPTION'
[2026-07-14 22:31:04,781][INFO]:  KiCad Schematic Converter: Attribute name 'Description' from line 37262 need to be changed to 'DESCRIPTION'
[2026-07-14 22:31:04,783][INFO]:  KiCad Schematic Converter: Attribute name 'Footprint' from line 37322 need to be changed to 'FOOTPRINT'
[2026-07-14 22:31:04,784][INFO]:  KiCad Schematic Converter: Attribute name 'Description' from line 37344 need to be changed to 'DESCRIPTION'
[2026-07-14 22:31:04,786][INFO]:  KiCad Schematic Converter: Attribute name 'Footprint' from line 37428 need to be changed to 'FOOTPRINT'
[2026-07-14 22:31:04,786][INFO]:  KiCad Schematic Converter: Attribute name 'Description' from line 37450 need to be changed to 'DESCRIPTION'
[2026-07-14 22:31:04,788][INFO]:  KiCad Schematic Converter: Attribute name 'Footprint' from line 37532 need to be changed to 'FOOTPRINT'
[2026-07-14 22:31:04,788][INFO]:  KiCad Schematic Converter: Attribute name 'Description' from line 37554 need to be changed to 'DESCRIPTION'
[2026-07-14 22:31:04,788][INFO]:  KiCad Schematic Converter: Attribute name 'Description' from line 37631 need to be changed to 'DESCRIPTION'
[2026-07-14 22:31:04,789][INFO]:  KiCad Schematic Converter: Attribute name 'Description' from line 37708 need to be changed to 'DESCRIPTION'
[2026-07-14 22:31:04,791][INFO]:  KiCad Schematic Converter: Attribute name 'Footprint' from line 37764 need to be changed to 'FOOTPRINT'
[2026-07-14 22:31:04,792][INFO]:  KiCad Schematic Converter: Attribute name 'Footprint' from line 37870 need to be changed to 'FOOTPRINT'
[2026-07-14 22:31:04,796][INFO]:  KiCad Schematic Converter: Attribute name 'Description' from line 37995 need to be changed to 'DESCRIPTION'
[2026-07-14 22:31:04,797][INFO]:  KiCad Schematic Converter: Attribute name 'Description' from line 38072 need to be changed to 'DESCRIPTION'
[2026-07-14 22:31:04,799][INFO]:  KiCad Schematic Converter: Attribute name 'Description' from line 38149 need to be changed to 'DESCRIPTION'
[2026-07-14 22:31:04,800][INFO]:  KiCad Schematic Converter: Attribute name 'Description' from line 38226 need to be changed to 'DESCRIPTION'
[2026-07-14 22:31:04,801][INFO]:  KiCad Schematic Converter: Attribute name 'Footprint' from line 38283 need to be changed to 'FOOTPRINT'
[2026-07-14 22:31:04,804][INFO]:  KiCad Schematic Converter: Attribute name 'Description' from line 38386 need to be changed to 'DESCRIPTION'
[2026-07-14 22:31:04,805][INFO]:  KiCad Schematic Converter: Attribute name 'Footprint' from line 38443 need to be changed to 'FOOTPRINT'
[2026-07-14 22:31:04,807][INFO]:  KiCad Schematic Converter: Attribute name 'Description' from line 38545 need to be changed to 'DESCRIPTION'
[2026-07-14 22:31:04,808][INFO]:  KiCad Schematic Converter: Attribute name 'Description' from line 38622 need to be changed to 'DESCRIPTION'
[2026-07-14 22:31:04,809][INFO]:  KiCad Schematic Converter: Attribute name 'Footprint' from line 38679 need to be changed to 'FOOTPRINT'
[2026-07-14 22:31:04,809][INFO]:  KiCad Schematic Converter: Attribute name 'Description' from line 38701 need to be changed to 'DESCRIPTION'
[2026-07-14 22:31:04,810][INFO]:  KiCad Schematic Converter: Attribute name 'Footprint' from line 38759 need to be changed to 'FOOTPRINT'
[2026-07-14 22:31:04,812][INFO]:  KiCad Schematic Converter: Attribute name 'Description' from line 38884 need to be changed to 'DESCRIPTION'
[2026-07-14 22:31:04,815][INFO]:  KiCad Schematic Converter: Attribute name 'Description' from line 38961 need to be changed to 'DESCRIPTION'
[2026-07-14 22:31:04,816][INFO]:  KiCad Schematic Converter: Attribute name 'Description' from line 39040 need to be changed to 'DESCRIPTION'
[2026-07-14 22:31:04,819][INFO]:  KiCad Schematic Converter: Attribute name 'Description' from line 39117 need to be changed to 'DESCRIPTION'
[2026-07-14 22:31:04,820][INFO]:  KiCad Schematic Converter: Attribute name 'Footprint' from line 39177 need to be changed to 'FOOTPRINT'
[2026-07-14 22:31:04,820][INFO]:  KiCad Schematic Converter: Attribute name 'Description' from line 39199 need to be changed to 'DESCRIPTION'
[2026-07-14 22:31:04,823][INFO]:  KiCad Schematic Converter: Attribute name 'Description' from line 39302 need to be changed to 'DESCRIPTION'
[2026-07-14 22:31:04,824][INFO]:  KiCad Schematic Converter: Attribute name 'Footprint' from line 39358 need to be changed to 'FOOTPRINT'
[2026-07-14 22:31:04,828][INFO]:  KiCad Schematic Converter: Attribute name 'Footprint' from line 39462 need to be changed to 'FOOTPRINT'
[2026-07-14 22:31:04,832][INFO]:  KiCad Schematic Converter: Attribute name 'Footprint' from line 39564 need to be changed to 'FOOTPRINT'
[2026-07-14 22:31:04,833][INFO]:  KiCad Schematic Converter: Attribute name 'Footprint' from line 39666 need to be changed to 'FOOTPRINT'
[2026-07-14 22:31:04,836][INFO]:  KiCad Schematic Converter: Attribute name 'Footprint' from line 39770 need to be changed to 'FOOTPRINT'
[2026-07-14 22:31:04,836][INFO]:  KiCad Schematic Converter: Attribute name 'Description' from line 39792 need to be changed to 'DESCRIPTION'
[2026-07-14 22:31:04,839][INFO]:  KiCad Schematic Converter: Attribute name 'Footprint' from line 39856 need to be changed to 'FOOTPRINT'
[2026-07-14 22:31:04,839][INFO]:  KiCad Schematic Converter: Attribute name 'Description' from line 39878 need to be changed to 'DESCRIPTION'
[2026-07-14 22:31:04,842][INFO]:  KiCad Schematic Converter: Attribute name 'Description' from line 39964 need to be changed to 'DESCRIPTION'
[2026-07-14 22:31:04,843][INFO]:  KiCad Schematic Converter: Attribute name 'Footprint' from line 40021 need to be changed to 'FOOTPRINT'
[2026-07-14 22:31:04,847][INFO]:  KiCad Schematic Converter: Attribute name 'Footprint' from line 40104 need to be changed to 'FOOTPRINT'
[2026-07-14 22:31:04,848][INFO]:  KiCad Schematic Converter: Attribute name 'Description' from line 40230 need to be changed to 'DESCRIPTION'
[2026-07-14 22:31:04,849][INFO]:  KiCad Schematic Converter: Attribute name 'Description' from line 40307 need to be changed to 'DESCRIPTION'
[2026-07-14 22:31:04,850][INFO]:  KiCad Schematic Converter: Attribute name 'Description' from line 40384 need to be changed to 'DESCRIPTION'
[2026-07-14 22:31:04,851][INFO]:  KiCad Schematic Converter: Attribute name 'Footprint' from line 40441 need to be changed to 'FOOTPRINT'
[2026-07-14 22:31:04,853][INFO]:  KiCad Schematic Converter: Attribute name 'Description' from line 40543 need to be changed to 'DESCRIPTION'
[2026-07-14 22:31:04,854][INFO]:  KiCad Schematic Converter: Attribute name 'Description' from line 40620 need to be changed to 'DESCRIPTION'
[2026-07-14 22:31:04,854][INFO]:  KiCad Schematic Converter: Attribute name 'Description' from line 40697 need to be changed to 'DESCRIPTION'
[2026-07-14 22:31:04,856][INFO]:  KiCad Schematic Converter: Attribute name 'Footprint' from line 40753 need to be changed to 'FOOTPRINT'
[2026-07-14 22:31:04,860][INFO]:  KiCad Schematic Converter: Attribute name 'Footprint' from line 40835 need to be changed to 'FOOTPRINT'
[2026-07-14 22:31:04,863][INFO]:  KiCad Schematic Converter: Attribute name 'Footprint' from line 40939 need to be changed to 'FOOTPRINT'
[2026-07-14 22:31:04,866][INFO]:  KiCad Schematic Converter: Attribute name 'Footprint' from line 41041 need to be changed to 'FOOTPRINT'
[2026-07-14 22:31:04,867][INFO]:  KiCad Schematic Converter: Attribute name 'Footprint' from line 41144 need to be changed to 'FOOTPRINT'
[2026-07-14 22:31:04,867][INFO]:  KiCad Schematic Converter: Attribute name 'Description' from line 41166 need to be changed to 'DESCRIPTION'
[2026-07-14 22:31:04,869][INFO]:  KiCad Schematic Converter: Attribute name 'Footprint' from line 41232 need to be changed to 'FOOTPRINT'
[2026-07-14 22:31:04,871][INFO]:  KiCad Schematic Converter: Attribute name 'Footprint' from line 41335 need to be changed to 'FOOTPRINT'
[2026-07-14 22:31:04,871][INFO]:  KiCad Schematic Converter: Attribute name 'Description' from line 41357 need to be changed to 'DESCRIPTION'
[2026-07-14 22:31:04,873][WARN]:  KiCad Schematic Converter: Generating net stub for unconnected implicit pin 'VSS' of part 'LED18' connected to net 'VSS'
[2026-07-14 22:31:04,875][INFO]:  KiCad Schematic Converter: Attribute name 'Description' from line 41444 need to be changed to 'DESCRIPTION'
[2026-07-14 22:31:04,876][INFO]:  KiCad Schematic Converter: Attribute name 'Footprint' from line 41498 need to be changed to 'FOOTPRINT'
[2026-07-14 22:31:04,878][INFO]:  KiCad Schematic Converter: Attribute name 'Footprint' from line 41606 need to be changed to 'FOOTPRINT'
[2026-07-14 22:31:04,878][INFO]:  KiCad Schematic Converter: Attribute name 'Description' from line 41628 need to be changed to 'DESCRIPTION'
[2026-07-14 22:31:04,881][INFO]:  KiCad Schematic Converter: Attribute name 'Description' from line 41730 need to be changed to 'DESCRIPTION'
[2026-07-14 22:31:04,882][INFO]:  KiCad Schematic Converter: Attribute name 'Footprint' from line 41784 need to be changed to 'FOOTPRINT'
[2026-07-14 22:31:04,884][INFO]:  KiCad Schematic Converter: Attribute name 'Footprint' from line 41886 need to be changed to 'FOOTPRINT'
[2026-07-14 22:31:04,885][INFO]:  KiCad Schematic Converter: Attribute name 'Description' from line 42011 need to be changed to 'DESCRIPTION'
[2026-07-14 22:31:04,886][INFO]:  KiCad Schematic Converter: Attribute name 'Description' from line 42088 need to be changed to 'DESCRIPTION'
[2026-07-14 22:31:04,887][INFO]:  KiCad Schematic Converter: Attribute name 'Footprint' from line 42148 need to be changed to 'FOOTPRINT'
[2026-07-14 22:31:04,887][INFO]:  KiCad Schematic Converter: Attribute name 'Description' from line 42170 need to be changed to 'DESCRIPTION'
[2026-07-14 22:31:04,889][INFO]:  KiCad Schematic Converter: Attribute name 'Description' from line 42272 need to be changed to 'DESCRIPTION'
[2026-07-14 22:31:04,892][INFO]:  KiCad Schematic Converter: Attribute name 'Description' from line 42350 need to be changed to 'DESCRIPTION'
[2026-07-14 22:31:04,892][INFO]:  KiCad Schematic Converter: Attribute name 'Description' from line 42427 need to be changed to 'DESCRIPTION'
[2026-07-14 22:31:04,898][INFO]:  KiCad Schematic Converter: Attribute name 'Footprint' from line 42482 need to be changed to 'FOOTPRINT'
[2026-07-14 22:31:04,898][INFO]:  KiCad Schematic Converter: Attribute name 'Datasheet' from line 42494 need to be changed to 'DATASHEET'
[2026-07-14 22:31:04,898][INFO]:  KiCad Schematic Converter: Attribute name 'Description' from line 42505 need to be changed to 'DESCRIPTION'
[2026-07-14 22:31:04,904][INFO]:  KiCad Schematic Converter: Attribute name 'Footprint' from line 42642 need to be changed to 'FOOTPRINT'
[2026-07-14 22:31:04,904][INFO]:  KiCad Schematic Converter: Attribute name 'Description' from line 42664 need to be changed to 'DESCRIPTION'
[2026-07-14 22:31:04,905][INFO]:  KiCad Schematic Converter: Attribute name 'Description' from line 42738 need to be changed to 'DESCRIPTION'
[2026-07-14 22:31:04,906][INFO]:  KiCad Schematic Converter: Attribute name 'Description' from line 42815 need to be changed to 'DESCRIPTION'
[2026-07-14 22:31:04,907][INFO]:  KiCad Schematic Converter: Attribute name 'Footprint' from line 42869 need to be changed to 'FOOTPRINT'
[2026-07-14 22:31:04,907][INFO]:  KiCad Schematic Converter: Attribute name 'Description' from line 42892 need to be changed to 'DESCRIPTION'
[2026-07-14 22:31:04,909][INFO]:  KiCad Schematic Converter: Attribute name 'Footprint' from line 42999 need to be changed to 'FOOTPRINT'
[2026-07-14 22:31:04,910][INFO]:  KiCad Schematic Converter: Attribute name 'Description' from line 43125 need to be changed to 'DESCRIPTION'
[2026-07-14 22:31:04,911][INFO]:  KiCad Schematic Converter: Attribute name 'Footprint' from line 43180 need to be changed to 'FOOTPRINT'
[2026-07-14 22:31:04,911][INFO]:  KiCad Schematic Converter: Attribute name 'Description' from line 43202 need to be changed to 'DESCRIPTION'
[2026-07-14 22:31:04,912][INFO]:  KiCad Schematic Converter: Attribute name 'Description' from line 43288 need to be changed to 'DESCRIPTION'
[2026-07-14 22:31:04,913][INFO]:  KiCad Schematic Converter: Attribute name 'Footprint' from line 43346 need to be changed to 'FOOTPRINT'
[2026-07-14 22:31:04,913][INFO]:  KiCad Schematic Converter: Attribute name 'Description' from line 43368 need to be changed to 'DESCRIPTION'
[2026-07-14 22:31:04,915][INFO]:  KiCad Schematic Converter: Attribute name 'Footprint' from line 43422 need to be changed to 'FOOTPRINT'
[2026-07-14 22:31:04,916][INFO]:  KiCad Schematic Converter: Attribute name 'Description' from line 43548 need to be changed to 'DESCRIPTION'
[2026-07-14 22:31:04,918][INFO]:  KiCad Schematic Converter: Attribute name 'Footprint' from line 43608 need to be changed to 'FOOTPRINT'
[2026-07-14 22:31:04,918][INFO]:  KiCad Schematic Converter: Attribute name 'Description' from line 43630 need to be changed to 'DESCRIPTION'
[2026-07-14 22:31:04,920][INFO]:  KiCad Schematic Converter: Attribute name 'Footprint' from line 43713 need to be changed to 'FOOTPRINT'
[2026-07-14 22:31:04,921][INFO]:  KiCad Schematic Converter: Attribute name 'Footprint' from line 43816 need to be changed to 'FOOTPRINT'
[2026-07-14 22:31:04,921][INFO]:  KiCad Schematic Converter: Attribute name 'Description' from line 43839 need to be changed to 'DESCRIPTION'
[2026-07-14 22:31:04,923][INFO]:  KiCad Schematic Converter: Attribute name 'Footprint' from line 43928 need to be changed to 'FOOTPRINT'
[2026-07-14 22:31:04,924][INFO]:  KiCad Schematic Converter: Attribute name 'Footprint' from line 44063 need to be changed to 'FOOTPRINT'
[2026-07-14 22:31:04,927][INFO]:  KiCad Schematic Converter: Attribute name 'Footprint' from line 44143 need to be changed to 'FOOTPRINT'
[2026-07-14 22:31:04,927][INFO]:  KiCad Schematic Converter: Attribute name 'Description' from line 44165 need to be changed to 'DESCRIPTION'
[2026-07-14 22:31:04,930][INFO]:  KiCad Schematic Converter: Attribute name 'Description' from line 44251 need to be changed to 'DESCRIPTION'
[2026-07-14 22:31:04,932][INFO]:  KiCad Schematic Converter: Attribute name 'Description' from line 44328 need to be changed to 'DESCRIPTION'
[2026-07-14 22:31:04,933][INFO]:  KiCad Schematic Converter: Attribute name 'Footprint' from line 44388 need to be changed to 'FOOTPRINT'
[2026-07-14 22:31:04,933][INFO]:  KiCad Schematic Converter: Attribute name 'Description' from line 44410 need to be changed to 'DESCRIPTION'
[2026-07-14 22:31:04,935][INFO]:  KiCad Schematic Converter: Attribute name 'Description' from line 44514 need to be changed to 'DESCRIPTION'
[2026-07-14 22:31:05,241][INFO]:  Finished processing document: 'C:/Repos/Macro-Pro/Macro-Pro - Hardware/hardware/Macro Pad Pro.kicad_sch'
[2026-07-14 22:31:05,241][INFO]:  Processing documents list finished
[2026-07-14 22:31:05,241][INFO]:  KiCad Importer Post Processor: Postprocessing imported schematic
[2026-07-14 22:31:05,241][INFO]:  KiCad Importer Post Processor: Processing power nets merge
[2026-07-14 22:31:05,241][INFO]:  KiCad Importer Post Processor: Processing power nets merge finished
[2026-07-14 22:31:05,241][INFO]:  KiCad Importer Post Processor: Postprocessing imported schematic finished
[2026-07-14 22:31:05,241][INFO]:  KiCad Importer Post Processor: Postprocessing imported design
[2026-07-14 22:31:05,241][INFO]:  KiCad Importer Post Processor: Processing board components
[2026-07-14 22:31:05,242][INFO]:  KiCad Importer Post Processor: Package 'TESTPOINT_PAD_3.0X3.0MM' was moved from library 'TestPoint' to 'Connector' as 'TESTPOINT_TESTPOINT_PAD_3.0X3.0MM'
[2026-07-14 22:31:05,243][INFO]:  KiCad Importer Post Processor: Package 'D_SOD-123' was moved from library 'Diode_SMD' to 'Device' as 'DIODE_SMD_D_SOD-123'
[2026-07-14 22:31:05,246][INFO]:  KiCad Importer Post Processor: Package 'R_0603_1608METRIC' was moved from library 'Resistor_SMD' to 'Device' as 'RESISTOR_SMD_R_0603_1608METRIC'
[2026-07-14 22:31:05,248][INFO]:  KiCad Importer Post Processor: Package 'SOT-23-5' was moved from library 'Package_TO_SOT_SMD' to 'Regulator_Linear' as 'PACKAGE_TO_SOT_SMD_SOT-23-5'
[2026-07-14 22:31:05,248][INFO]:  KiCad Importer Post Processor: Package 'SOT-23-6' was moved from library 'Package_TO_SOT_SMD' to 'personal' as 'PACKAGE_TO_SOT_SMD_SOT-23-6'
[2026-07-14 22:31:05,252][INFO]:  KiCad Importer Post Processor: Package 'MOUNTINGHOLE_3.2MM_M3' was moved from library 'MountingHole' to 'Mechanical' as 'MOUNTINGHOLE_MOUNTINGHOLE_3.2MM_M3'
[2026-07-14 22:31:05,252][INFO]:  KiCad Importer Post Processor: Package 'PINHEADER_2X08_P2.54MM_VERTICAL' was moved from library 'Connector_PinHeader_2.54mm' to 'Connector_Generic' as 'CONNECTOR_PINHEADER_2.54MM_PINHEADER_2X08_P2.54MM_VERTICAL'
[2026-07-14 22:31:05,253][INFO]:  KiCad Importer Post Processor: Package 'SW_SPST_TL3342' was moved from library 'Button_Switch_SMD' to 'personal' as 'BUTTON_SWITCH_SMD_SW_SPST_TL3342'
[2026-07-14 22:31:05,254][INFO]:  KiCad Importer Post Processor: Package 'PINHEADER_2X01_P2.54MM_VERTICAL' was moved from library 'Connector_PinHeader_2.54mm' to 'Connector_Generic' as 'CONNECTOR_PINHEADER_2.54MM_PINHEADER_2X01_P2.54MM_VERTICAL'
[2026-07-14 22:31:05,261][INFO]:  KiCad Importer Post Processor: Package 'FIDUCIAL_0.5MM_MASK1MM' was moved from library 'Fiducial' to 'Mechanical' as 'FIDUCIAL_FIDUCIAL_0.5MM_MASK1MM'
[2026-07-14 22:31:05,264][INFO]:  KiCad Importer Post Processor: Package 'QFN-56-1EP_7X7MM_P0.4MM_EP3.2X3.2MM' was moved from library 'Package_DFN_QFN' to 'MCU_RaspberryPi' as 'PACKAGE_DFN_QFN_QFN-56-1EP_7X7MM_P0.4MM_EP3.2X3.2MM'
[2026-07-14 22:31:05,270][INFO]:  KiCad Importer Post Processor: Package 'R_0805_2012METRIC_PAD1.20X1.40MM_HANDSOLDER' was moved from library 'Resistor_SMD' to 'Macro Pad Pro' as 'RESISTOR_SMD_R_0805_2012METRIC_PAD1.20X1.40MM_HANDSOLDER'
[2026-07-14 22:31:05,271][INFO]:  KiCad Importer Post Processor: Package 'SOIC-8_5.3X5.3MM_P1.27MM' was moved from library 'Package_SO' to 'Memory_Flash' as 'PACKAGE_SO_SOIC-8_5.3X5.3MM_P1.27MM'
[2026-07-14 22:31:05,273][INFO]:  KiCad Importer Post Processor: Processing board components finished
[2026-07-14 22:31:05,273][INFO]:  KiCad Importer Post Processor: Processing board nets
[2026-07-14 22:31:05,324][INFO]:  KiCad Importer Post Processor: Processing board nets finished
[2026-07-14 22:31:05,324][INFO]:  KiCad Importer Post Processor: Processing net classes
[2026-07-14 22:31:05,325][INFO]:  KiCad Importer Post Processor: Processing net classes finished
[2026-07-14 22:31:05,325][INFO]:  KiCad Importer Post Processor: Postprocessing imported design finished
[2026-07-14 22:31:05,579][INFO]:  Import finished
